listing_id,split_group,fold
mubawab.ma:content:f789e69f0f252aa6f2c1b5cb,g0,4
mubawab.ma:content:762f8599e64f92fa8012ccaa,g1,3
mubawab.ma:content:3cbd741c9c7b8c1d8de47946,g3,2
mubawab.ma:content:55b06dbf73a7f7897383833e,g4,3
mubawab.ma:native:8386906,g5,1
mubawab.ma:content:d6edb54c5c00e0f5bcb4ea57,g7,2
mubawab.ma:content:8c56d624ec98046693a8679a,g8,0
mubawab.ma:content:76ddf973137fbdd9980405c1,g11,4
mubawab.ma:content:778e1a1ed51064005421169d,g12,1
mubawab.ma:native:8408282,g16,1
mubawab.ma:content:a8efe71c356430a2b31ce763,g17,0
mubawab.ma:content:8e89bf312a3e7e821863643e,g19,2
mubawab.ma:content:6e1e70736ac8ce731076148f,g22,2
mubawab.ma:content:a7ada42488fcc5c72b21f707,g23,0
mubawab.ma:content:0af647f19280889e854393cf,g24,2
mubawab.ma:content:59ade7ba4b75d4e854647e11,g25,3
mubawab.ma:content:f5d2863de88c387c1c027c91,g26,4
mubawab.ma:content:8117d9c6a0ba62994e37b608,g27,1
mubawab.ma:content:df7b45bc5cac672d7296db0e,g29,2
mubawab.ma:content:18f5c5cf0097c0d8002ec52c,g31,4
mubawab.ma:content:b864b855e93f4023a973d9a4,g32,1
mubawab.ma:native:8408312,g33,4
mubawab.ma:content:1546cecb636a2fa7e6f0b9f4,g34,1
mubawab.ma:native:8383874,g35,3
mubawab.ma:content:9925a992ba2d7b247164446d,g36,0
mubawab.ma:content:74481a43953cce20dd04ac25,g37,3
mubawab.ma:content:c6f74d75b42da0c2f645b60b,g43,0
mubawab.ma:content:7c51d18185a2e6ed36eb497b,g44,0
mubawab.ma:content:e37e72f5e281660996216f29,g46,3
mubawab.ma:content:075fb56bd212fddcaa96ac04,g48,2
mubawab.ma:content:bad94247ef9e9b2f3912b886,g50,0
mubawab.ma:content:28b3a160cc48ce54b028e068,g53,3
mubawab.ma:content:f994082664a80fccbbcc31fd,g54,2
mubawab.ma:url:7062bff14f6e05488c2e7775,g58,3
mubawab.ma:content:1250e094efd7a9feb96afdad,g59,0
mubawab.ma:native:8283620,g60,0
mubawab.ma:content:7f56f7a8fcda0e95879b80e3,g61,2
mubawab.ma:content:a2d3da13956b4120c844b295,g64,0
mubawab.ma:content:d1e3e00caad9ef2a0e1c6362,g65,0
mubawab.ma:content:600ce86957c3cad3086f7198,g66,1
mubawab.ma:native:8351338,g67,4
mubawab.ma:content:2250c4d023f9d84553b3d830,g70,2
mubawab.ma:native:8397986,g72,3
mubawab.ma:content:1240948dc96c03b59ecf6cd0,g74,0
mubawab.ma:native:8319732,g76,0
mubawab.ma:content:cfa016d0bb3d546de1d3e255,g77,3
mubawab.ma:content:0f8eb13f5c8004510386bf85,g78,0
mubawab.ma:content:348d961f9bf0fd335d4f2045,g79,4
mubawab.ma:content:98b9fb04c406979583ecc14b,g81,2
mubawab.ma:content:d25ffd8bfa7090f1f36b51ed,g82,3
mubawab.ma:content:8f52e70776e9dc688053dd96,g84,4
mubawab.ma:content:809235c6e3a161cf19a40e38,g87,2
mubawab.ma:content:c5da0becb0406f0415353b49,g88,2
mubawab.ma:content:51328ea51fd3cfbabb0cf158,g89,0
mubawab.ma:content:3531a805be3e85f633b01a35,g91,0
mubawab.ma:content:c01f8910e22fed75b221daea,g92,1
mubawab.ma:content:d93923489ca75863eaf67045,g93,3
mubawab.ma:content:682a061cd3b199ab213c2180,g94,3
mubawab.ma:content:01d16a4ac69dcb4eafb5aa63,g95,0
mubawab.ma:content:a211d2d0a81510dad309ab8a,g96,2
mubawab.ma:content:510ad2a10b974fbfedb9dbbe,g97,2
mubawab.ma:content:98ccf8e320efdf9dcf092075,g98,0
mubawab.ma:content:7c2b456db19d0ac9b96f1d3e,g100,2
mubawab.ma:content:d34bd2578b65bf1803babdbd,g101,4
mubawab.ma:content:132c0e4a98a5fb334e71ef0f,g102,4
mubawab.ma:content:293b3b660161d47295ccbcd2,g103,3
mubawab.ma:native:8316956,g104,0
mubawab.ma:content:3ad8e36c75c289698b2cc939,g106,1
mubawab.ma:content:307e69317092fe9695d88aa6,g107,2
mubawab.ma:content:1ff40d0570bb3f0a7b9a4c82,g108,2
mubawab.ma:content:0fc520cae9910eb42c366715,g109,2
mubawab.ma:content:570eaf632c823a224a0004a4,g110,3
mubawab.ma:content:7d966389d88dcc3a99bc2b15,g111,4
mubawab.ma:content:200b770960f25ec6f813f7e6,g112,2
mubawab.ma:native:8371065,g114,4
mubawab.ma:content:5feba2e591900c70756d73a4,g115,2
mubawab.ma:native:8214832,g116,1
mubawab.ma:native:8321064,g117,0
mubawab.ma:content:039720e975cb55e7ee04791c,g120,4
mubawab.ma:content:01eaedacd137970c64f5ef6c,g121,2
mubawab.ma:native:8147724,g122,1
mubawab.ma:content:c6cbbde2851b2345d8e728d7,g124,0
mubawab.ma:content:f6d1a2359cdfe2efac3fe8db,g125,4
mubawab.ma:content:20721ea7e0ccc309a1f3b546,g126,3
mubawab.ma:content:22b5b0474cccc785ba1a5c65,g130,3
mubawab.ma:native:8380575,g131,1
mubawab.ma:content:e202c6dd25a1ec6e00770efd,g135,2
mubawab.ma:content:b6f92c36e8bfae157328b6bb,g136,2
mubawab.ma:content:ecf50b17aeae951702e31061,g139,4
mubawab.ma:content:2e74bb891eced02ed7d913b1,g140,3
mubawab.ma:content:6af6e82e4887ef880890c12d,g141,2
mubawab.ma:content:3ae4b5399eaea48116ab816e,g142,3
mubawab.ma:content:f92a171b122ea83cf541ede9,g145,3
mubawab.ma:native:8367640,g146,1
mubawab.ma:content:23c6319ca95f91a602a3073c,g147,3
mubawab.ma:native:8405931,g153,2
mubawab.ma:content:4c97a037f875b59cd654b973,g155,1
mubawab.ma:native:8390767,g159,3
mubawab.ma:content:8003d88a527ec3f2ba77facd,g160,1
mubawab.ma:content:6f647d40d9d68a41909257f1,g161,1
mubawab.ma:content:330731acc995636ed1654d7b,g162,0
mubawab.ma:content:f76b8175d329e6efadfc61ea,g164,2
mubawab.ma:content:cfcab362a800f4a71631505c,g165,0
mubawab.ma:content:492117446ac7693a676e6185,g167,4
mubawab.ma:content:18a4046769f3ec0630cf4b91,g168,2
mubawab.ma:content:a443d95077721b34b2bd2bc0,g169,1
mubawab.ma:content:bde1b9ac2b97ce3d26426425,g170,4
mubawab.ma:content:c33a0d992fb1663c50a042e7,g171,2
mubawab.ma:content:666a92d8420dff00727ddf12,g174,4
mubawab.ma:content:2827da6332b19f61019f7854,g175,0
mubawab.ma:content:6fa71d329fb384d3a80e2d1d,g177,3
mubawab.ma:content:80a22f9038e50ef84644f598,g178,4
mubawab.ma:content:d624499822cfdad4869f10bf,g180,3
mubawab.ma:content:e90ae8de85ecab8c2b4e8b5e,g181,3
mubawab.ma:content:c9ce1e0f9a1b8b61100271b1,g182,0
mubawab.ma:native:8316513,g184,3
mubawab.ma:content:42670915d44b83e85b624ed9,g185,3
mubawab.ma:content:6f276f7d4662999295c90319,g187,4
mubawab.ma:content:0c04c882386122c6b44d0831,g190,4
mubawab.ma:native:8402966,g193,0
mubawab.ma:content:8e95d29cf259ec76003add4f,g194,4
mubawab.ma:content:a755b5030ecb4b95a9ad1c58,g195,2
mubawab.ma:content:e73b99dfa1184ceea3876c68,g196,4
mubawab.ma:content:0aef3395e6afa767ad784c95,g197,1
mubawab.ma:content:b4c05fee2e5e5c0365340eb2,g200,2
mubawab.ma:native:8381318,g201,4
mubawab.ma:content:eed951ac85437d6b8c5cd3c5,g202,0
mubawab.ma:native:8297272,g209,0
mubawab.ma:native:8262456,g210,3
mubawab.ma:content:78eaa063b96e79ad576da05c,g214,4
mubawab.ma:content:c86491dafba6c61caedd9ce4,g216,3
mubawab.ma:native:8339219,g217,4
mubawab.ma:content:b60ecdfa27a1594539857de0,g218,0
mubawab.ma:content:93b96357dcba63c0336d09dc,g220,2
mubawab.ma:native:8407394,g221,3
mubawab.ma:content:212a2aae013ab9144c7de102,g222,0
mubawab.ma:content:a1ac5ab3c6e2c0fa50e46bcd,g223,0
mubawab.ma:content:de915185e2b3664e91b8e8d3,g224,0
mubawab.ma:content:f27cc029ece7cb650ae0e15a,g225,3
mubawab.ma:content:27cf12fdfc4aab9f95dfeabb,g226,2
mubawab.ma:content:0b709144bae5503c060a53f4,g227,1
mubawab.ma:native:8388979,g229,4
mubawab.ma:content:0839e0a4dcce17cc7db7de9e,g230,3
mubawab.ma:native:8268810,g234,3
mubawab.ma:native:8283429,g235,3
mubawab.ma:native:8354791,g237,3
mubawab.ma:content:3b5d3ac5624d30e6a5419de6,g238,1
mubawab.ma:content:731c1cc6c54ef02debdb7552,g240,1
mubawab.ma:content:346665b6ab8a442a4ced7f7e,g243,4
mubawab.ma:content:de072e473c1cd88177eac789,g245,2
mubawab.ma:native:8387965,g246,1
mubawab.ma:native:7244298,g247,0
mubawab.ma:native:8385415,g248,2
mubawab.ma:native:8394245,g249,3
mubawab.ma:content:576a17d7c5396897d2c8743c,g251,4
mubawab.ma:native:8372655,g253,1
mubawab.ma:content:ce1a781dc370747dbea5ea72,g255,0
mubawab.ma:native:8381070,g258,3
mubawab.ma:native:8327749,g261,3
mubawab.ma:native:8381264,g262,0
mubawab.ma:content:2fd5832c7fcc4187b0535e70,g263,1
mubawab.ma:content:63c4706b5fc44be9295c63e8,g264,0
mubawab.ma:content:56f212af3e8b5ce57980051e,g266,2
mubawab.ma:url:0a654efedb41a0f1d6fb76cb,g268,4
mubawab.ma:content:05b13d852ffda47bb69c5f75,g269,1
mubawab.ma:content:ffdfeed6c8169bba3a152d3f,g270,1
mubawab.ma:native:8402313,g271,2
mubawab.ma:content:3f2893b680d13943895057b6,g273,4
mubawab.ma:content:e969a7b01e398c68bd626d8f,g276,3
mubawab.ma:content:0b6eab9af4ced040661721db,g277,3
mubawab.ma:content:9b9b425ccc9d681b1d5b9e94,g278,4
mubawab.ma:url:e4885b4f65e8548b3b220b83,g280,1
mubawab.ma:content:474795d3f3d696446f5f94ed,g281,4
mubawab.ma:content:ee8016c8ab975376f0b7734e,g286,1
mubawab.ma:content:8d05f66d9b895057b8d88e30,g287,4
mubawab.ma:content:fc39fff959dd833c3f51fd59,g290,0
mubawab.ma:native:8407369,g292,0
mubawab.ma:native:8389765,g294,2
mubawab.ma:content:3e814f8670268ba1073f673f,g295,3
mubawab.ma:content:86103d7530b299fe54e0e08f,g296,0
mubawab.ma:content:7b148fb51f926780ef5960ef,g297,1
mubawab.ma:content:3253dc36f080155bb1c45a96,g301,4
mubawab.ma:content:bb537070899093142ecb9974,g302,0
mubawab.ma:content:c188a3d241711b90944d62ff,g303,1
mubawab.ma:content:829ed7c44d3e000114f47ba1,g305,3
mubawab.ma:content:518017176d37a57cbeff63f7,g306,2
mubawab.ma:content:86785a76057b1467462097c4,g308,2
mubawab.ma:content:99e4d6266e55c94f62766295,g309,4
mubawab.ma:content:7134728d07b814f367f58150,g311,3
mubawab.ma:content:4e8fccdcbb91e2e3e36b68d1,g312,2
mubawab.ma:content:917257a221b18979cedb139a,g314,4
mubawab.ma:content:90f9c35aa783004879ef985c,g317,0
mubawab.ma:url:ef92731a70b8dff96be06c75,g318,1
mubawab.ma:content:30e8e5d025cb65b3213d84e7,g321,1
mubawab.ma:content:c610358bb72417c09cf54fe0,g326,0
mubawab.ma:content:16e33bbac95850b93d1bfc5a,g327,2
mubawab.ma:content:10c92aa671e7fd7477014c6c,g328,4
mubawab.ma:content:ff4ec6eedf4287e054df4748,g330,3
mubawab.ma:content:57b80abd18372ed6daf12191,g333,3
mubawab.ma:content:b837b336c97a541456bf8dee,g334,4
mubawab.ma:content:f9042409770429b20941c2ae,g335,4
mubawab.ma:content:21cb561b766563a1f118540f,g336,2
mubawab.ma:content:b3cdf5bf894ac1c1f7b686c5,g92,1
mubawab.ma:content:7b1fc366c7bb14fc3cd8bb06,g339,3
mubawab.ma:content:1c187c00990913f0c62969bf,g341,0
mubawab.ma:content:e465d8953b36176a02dac6dc,g343,0
mubawab.ma:content:8fff5dc2305ae22060bbe41d,g345,2
mubawab.ma:content:de27b8135631299ea41b59a3,g349,2
mubawab.ma:content:6fa38b873d67213b180823cf,g350,2
mubawab.ma:content:7962e7cb624eae7cea0827c4,g351,3
mubawab.ma:native:8388733,g352,2
mubawab.ma:content:a70f628ca9efaf3bcbf8ed6e,g355,4
mubawab.ma:native:8232396,g357,0
mubawab.ma:content:8585463abd5953ca103e90a7,g359,0
mubawab.ma:content:cf7e64a69c5106fe7e8f4492,g363,4
mubawab.ma:native:7705530,g364,4
mubawab.ma:content:fc455600ea06abcbd06e5974,g365,3
mubawab.ma:content:b987c149d347bcd0f7f99e48,g7,2
mubawab.ma:native:8258597,g370,1
mubawab.ma:content:cf11fa82487a9555827f4846,g371,2
mubawab.ma:content:c73cefe0ab52e137f292715c,g372,3
mubawab.ma:native:8377966,g374,0
mubawab.ma:content:10fec1ef194db5399601707d,g375,4
mubawab.ma:content:edb56823b57f95836feca44e,g376,0
mubawab.ma:native:8387796,g377,4
mubawab.ma:content:e762bd406ba0b06a10d3349f,g382,4
mubawab.ma:content:9eb67788dfbdb5c0d8246302,g383,0
mubawab.ma:content:0a1b626251b090e0f11afb51,g385,1
mubawab.ma:content:e14a276de9205a9dad50abd5,g387,1
mubawab.ma:content:60bb8988746b16cc7e4c90db,g388,0
mubawab.ma:content:cc743615fedc6f9e37ac0bff,g390,0
mubawab.ma:native:8212485,g391,1
mubawab.ma:native:8353039,g392,0
mubawab.ma:content:f2b8d616a6ba128edfe1366a,g393,0
mubawab.ma:content:4776c9ca8c5cf11e704b084f,g394,3
mubawab.ma:native:8325961,g396,4
mubawab.ma:content:c031cccce9ffcb3bb2fe7929,g397,1
mubawab.ma:content:fbcf0a612753b1709a3dd73b,g400,2
mubawab.ma:content:19258e83c9f9538872932e72,g401,2
mubawab.ma:content:4d64849b7db0a2300ff1e78a,g402,1
mubawab.ma:native:8337024,g406,2
mubawab.ma:content:059ee9936532ec52ada8bb91,g407,2
mubawab.ma:native:8380015,g408,3
mubawab.ma:content:d31fdc2da50f8c5bcd7aee93,g409,2
mubawab.ma:content:4ca15e573f9dcd881645667c,g410,1
mubawab.ma:content:1d234adec58e45b60af60379,g411,0
mubawab.ma:content:1a3c2aac67cfe3edf70ff17c,g412,4
mubawab.ma:content:0ff578d8f3099bea1c3f6772,g392,0
mubawab.ma:content:e06cf8594b23c8a8c0523785,g414,1
mubawab.ma:content:445a493531957a54d520cb1d,g415,2
mubawab.ma:content:02330d25a085b6aeec4dcbaf,g416,4
mubawab.ma:content:304395ff5f4fd1fdc42aa1b0,g417,3
mubawab.ma:content:532b106aa38ce2c26b2eeb4f,g418,3
mubawab.ma:native:8364057,g222,0
mubawab.ma:content:ed1ca56fce7a7129282870f7,g420,0
mubawab.ma:native:8352964,g421,4
mubawab.ma:native:8399412,g423,1
mubawab.ma:content:5009d434d799575cfeedb5f0,g425,1
mubawab.ma:native:8349357,g427,3
mubawab.ma:content:31b29811e5c51693d6148489,g428,2
mubawab.ma:native:8360465,g429,4
mubawab.ma:content:132f19f7ea714bcb9c77f6ea,g431,2
mubawab.ma:content:9afa430b23e4b69a39ca0caf,g435,3
mubawab.ma:content:f0cbe7ee7ce7af1dfa95a6d7,g436,4
mubawab.ma:content:6cd8308c81210344d87d6681,g437,0
mubawab.ma:content:b60ac166f5ade4d329b569ca,g438,4
mubawab.ma:native:8261090,g441,0
mubawab.ma:content:38b1feb3fe98e30da5ff8976,g443,4
mubawab.ma:content:7e1f2d89da10f0fe8aed21f3,g444,3
mubawab.ma:content:2dd368f5eb535b54f23978f7,g447,2
mubawab.ma:native:8375250,g449,4
mubawab.ma:native:8404530,g452,1
mubawab.ma:content:fc405cf917e6c2af6b61378b,g453,1
mubawab.ma:native:8278531,g280,1
mubawab.ma:url:d4f942410eacef53f27fa326,g84,4
mubawab.ma:content:dc446328ca5fe66c84f3163a,g458,2
mubawab.ma:content:1e6674a89bda84ad0119a929,g459,2
mubawab.ma:native:8327786,g463,3
mubawab.ma:content:77e7e9d65523c94d0db1bc58,g464,0
mubawab.ma:content:2c3a9fb5d26351bd1e0f5280,g465,1
mubawab.ma:native:8187989,g181,3
mubawab.ma:content:bd83ff8fcf8debcea89fe440,g370,1
mubawab.ma:content:12259e0f3ea19b3616af6b1a,g468,3
mubawab.ma:native:8372029,g471,4
mubawab.ma:content:64e44573c3c5ba6b563f2277,g472,1
mubawab.ma:native:8391763,g473,3
mubawab.ma:content:78866d93005dfaf6526519fa,g474,3
mubawab.ma:native:8219163,g477,0
mubawab.ma:content:2878714e5b776d8d4648f858,g478,4
mubawab.ma:content:ef35942607431b3719b7a560,g479,0
mubawab.ma:content:2e159cf2d54f1d74842afeed,g66,1
mubawab.ma:content:308d471d3fe86cae10fab297,g481,4
mubawab.ma:native:8363477,g482,1
mubawab.ma:content:140a699da10f0f2736b1238e,g484,0
mubawab.ma:content:a3890378db35728cdc2d60b2,g485,3
mubawab.ma:content:621f8116660809b601897cda,g488,0
mubawab.ma:native:8258747,g489,1
mubawab.ma:content:ba0e43cc1032246e7ce0d8f1,g490,0
mubawab.ma:native:8378880,g491,4
mubawab.ma:content:cdcb9b32dea3804002fcf51d,g493,0
mubawab.ma:content:946b4b7ed2f6b0226d0c9f4f,g495,3
mubawab.ma:content:df7969b2293ec508160c07b0,g498,2
mubawab.ma:content:49365618cd0fce5b6a419b9e,g500,2
mubawab.ma:content:9f3e6acee774cf3949468554,g502,3
mubawab.ma:content:82f6d888dadda52aedd2175b,g503,4
mubawab.ma:native:8406755,g505,3
mubawab.ma:native:8238099,g506,4
mubawab.ma:content:5cfe089818b202b0c5082b7b,g507,2
mubawab.ma:content:19c7c4c0eaefb69f57b6a94d,g509,4
mubawab.ma:content:592322ec9f9740804bae4e7f,g511,3
mubawab.ma:content:1a7e80d99d67a2707c2898f5,g518,0
mubawab.ma:native:8345855,g238,1
mubawab.ma:content:e410edc70db07647f278aa4d,g520,4
mubawab.ma:content:5407890f0a996ea31b6b3a87,g522,2
mubawab.ma:content:9116c4085f1d52477d53b548,g527,2
mubawab.ma:native:8393395,g529,4
mubawab.ma:content:941ebd825002b5ba97716350,g530,4
mubawab.ma:content:406b77e1dad722cb6aaeddb5,g533,2
mubawab.ma:content:8e8ed39b77aed16f69116949,g536,2
mubawab.ma:native:8257355,g537,1
mubawab.ma:content:0036d19eb5b3b3262c7661bc,g538,2
mubawab.ma:content:26afc22906796747ac9e14ed,g540,1
mubawab.ma:content:cf7668ee093fbd78903f6518,g542,4
mubawab.ma:url:06d08ead36e6f3c1ee541738,g543,2
mubawab.ma:content:6fa81d6d234ddbd215b92eaa,g545,4
mubawab.ma:content:934deb4b734fa17842de1c40,g547,3
mubawab.ma:url:038a05c270812cab92c72513,g551,2
mubawab.ma:content:988561aadffa16c2bfc0d839,g552,0
mubawab.ma:content:401aecbb4771e5b3d604dced,g554,0
mubawab.ma:content:3da1ac7ab84b6b8391c9d872,g555,1
mubawab.ma:content:23d72a3252075c6ae51f5ca2,g557,3
mubawab.ma:content:4198ac1f45077401ded79ea2,g558,2
mubawab.ma:content:445f15276428e625bf6daef0,g370,1
mubawab.ma:content:45cd818909b670cb459b7ced,g560,4
mubawab.ma:content:6aff5e78915d7ac25e3eb029,g563,4
mubawab.ma:content:3b59da08e04b1d119e3749c5,g566,4
mubawab.ma:content:2723ae71fe28287ca10f8917,g567,1
mubawab.ma:content:78d1c642c723265eece21f4f,g568,2
mubawab.ma:content:3e7fd41f52897d6a52beede4,g569,4
mubawab.ma:content:387291b0825c6049d36f2018,g573,2
mubawab.ma:content:501235a76059abd12f7dfc96,g575,0
mubawab.ma:content:a458558a6fa442850975d026,g303,1
mubawab.ma:native:8395442,g577,4
mubawab.ma:content:8e62f7bdbaee3686898c8350,g580,2
mubawab.ma:content:7696a6b0d2c82d9a531b1a53,g581,4
mubawab.ma:content:3387b17ff5f4f033c938565c,g582,0
mubawab.ma:content:44a794f52b9b384e115453c6,g583,3
mubawab.ma:content:9e1a0f0be2548dedcade58de,g584,2
mubawab.ma:native:8382859,g585,0
mubawab.ma:content:0e95a95000a1433204809a5c,g586,4
mubawab.ma:native:8395901,g587,1
mubawab.ma:content:5a3b68c5c7bf6a50fe147855,g589,0
mubawab.ma:content:1029ab79e719216ff14bc966,g590,4
mubawab.ma:content:56479857bf51adb0f3e7234f,g591,2
mubawab.ma:content:7180edac36e0d9c26c8b77b2,g594,1
mubawab.ma:content:d5d6d4e22273f56e851d92f9,g599,3
mubawab.ma:native:8352398,g604,0
mubawab.ma:content:a5bd21f976312be713922dde,g605,3
mubawab.ma:content:eb233fde18654f459dccb971,g587,1
mubawab.ma:content:e3ba7eabcf900998cd100c26,g607,0
mubawab.ma:content:d6f56166ceaade076497b44f,g608,2
mubawab.ma:content:d199d070bcdc967c34082e36,g609,1
mubawab.ma:content:3a09c0dc170cd9aa869cbd18,g614,2
mubawab.ma:content:1db3b6b3f2ac702d139bc0c9,g616,1
mubawab.ma:content:987c5aef9a179cc3704719c1,g617,2
mubawab.ma:content:46a2f683462622af50c8c57f,g618,4
mubawab.ma:content:94877e3b11e11744ca6b1275,g620,4
mubawab.ma:content:74db3e1e94df0715222dd988,g623,0
mubawab.ma:native:8400608,g624,1
mubawab.ma:content:c7dda33f0a3c10d15ee5750f,g626,4
mubawab.ma:content:fcb9eafb1ee73682675b323b,g627,4
mubawab.ma:content:5966646edf75f0c8fec2f382,g631,1
mubawab.ma:content:7619fc070ec506204715656e,g632,0
mubawab.ma:content:3144703a1dbdf6a61ccaa57b,g633,0
mubawab.ma:content:efd8aa5db53412f077fdf136,g634,3
mubawab.ma:content:14f45ae5aa5f72643ade3f65,g222,0
mubawab.ma:content:188279b86f31dace4eae2133,g637,2
mubawab.ma:content:8373ce094b5b7dd6e529d643,g639,0
mubawab.ma:content:b5d79b73f0992b88ea5636a9,g640,4
mubawab.ma:content:96b9eb2f231ef4e9e074e6ed,g641,0
mubawab.ma:content:ef98220583a7508283cb39c7,g643,0
mubawab.ma:content:8fba517db81da17ce802ae0e,g649,4
mubawab.ma:native:8369674,g650,3
mubawab.ma:native:8383674,g655,4
mubawab.ma:content:cb47f435d9e2511d2100734f,g657,2
mubawab.ma:content:c22c5361e76d3bc6defe7fbc,g261,3
mubawab.ma:content:fa2af3ea44eb3d551c2881c5,g303,1
mubawab.ma:content:92a841c3cb3b4150d526a93f,g663,1
mubawab.ma:native:8405827,g664,1
mubawab.ma:content:4699c0433161fe2cf00662bf,g665,2
mubawab.ma:content:2039cf64ada6382df56354bd,g666,0
mubawab.ma:content:dd281809f052f9ab9f405faa,g670,2
mubawab.ma:content:88d4eba5ef693c5ddcf258c0,g672,3
mubawab.ma:content:1a60ec4c9bd0cfd0229dc30a,g675,3
mubawab.ma:content:327d0916bdb7e319327e6404,g676,3
mubawab.ma:native:8095783,g677,4
mubawab.ma:content:d299a803faf508aabecea446,g678,3
mubawab.ma:content:97b3be17fd6f6fe403cb2f09,g680,4
mubawab.ma:content:586afe1fa8402d60ff05fe16,g686,3
mubawab.ma:content:17db60e746e9e6ca12883942,g687,3
mubawab.ma:content:f992d702986bf6ecb42263d2,g688,1
mubawab.ma:native:8376597,g690,4
mubawab.ma:content:7cc79e5ee742c600df922fde,g692,2
mubawab.ma:native:8271263,g695,4
mubawab.ma:content:1121701fed7e1b4cff574dd3,g696,1
mubawab.ma:content:0f3729f800dd255ff1e2d865,g697,0
mubawab.ma:content:3f567de145a71ab7a29787c9,g698,0
mubawab.ma:content:c919eeb8254e895280134048,g701,3
mubawab.ma:native:8146272,g704,2
mubawab.ma:native:8214647,g708,4
mubawab.ma:content:04551e057a4aac80721c158c,g709,3
mubawab.ma:native:8406438,g711,1
mubawab.ma:content:86171419182cfe025baceac4,g713,1
mubawab.ma:native:8249806,g714,1
mubawab.ma:content:501810fafe712095d4e8e2e3,g428,2
mubawab.ma:native:8273081,g718,2
mubawab.ma:content:f88b7185e8a5f839fbca306e,g719,3
mubawab.ma:content:2d0f3ea83c9004c8661e9e13,g721,4
mubawab.ma:native:8315532,g724,4
mubawab.ma:content:ff92e6106bf25244827d8a64,g725,2
mubawab.ma:content:45c4f830e0c234f164bca35f,g726,3
mubawab.ma:content:75cf7525d5680b7be9f41cf9,g727,0
mubawab.ma:native:8261533,g728,0
mubawab.ma:content:1e183d424658e7499cac8c48,g731,3
mubawab.ma:content:10e701b919f48b82a90ea898,g732,2
mubawab.ma:content:03c9acc2fba8d0e76a7c9fa2,g733,1
mubawab.ma:content:117c53a93e7db63f092433f9,g735,0
mubawab.ma:content:483fbd926ef8c37bc95a67fb,g737,2
mubawab.ma:content:ef8bfad0e353695ce24f75b0,g738,2
mubawab.ma:content:5290f70a9e484ebe98a0c15c,g740,4
mubawab.ma:content:c7320c4480a2aa184fb72694,g741,0
mubawab.ma:content:8cac57c6fc41591c51016008,g463,3
mubawab.ma:content:6729dee213a000fdbcfff6d0,g744,0
mubawab.ma:native:8005594,g745,4
mubawab.ma:content:71746fae685749dd5dfe7792,g746,4
mubawab.ma:content:e39d277845bd7ea2fff724fd,g748,2
mubawab.ma:content:369f1142c28fc8a13db9d0a9,g749,1
mubawab.ma:native:8327961,g750,0
mubawab.ma:content:87fd47d3c6242f1e0ee5038f,g748,2
mubawab.ma:native:8274600,g752,1
mubawab.ma:native:8138091,g753,4
mubawab.ma:content:a213a0d0871cf3f6188d140d,g754,4
mubawab.ma:content:06e2a85ca9399648b3ed1618,g757,2
mubawab.ma:native:8353240,g761,1
mubawab.ma:content:c5bdbdee559314181ca79cdb,g762,4
mubawab.ma:content:82f4b4292cfbd2fb53b697d5,g767,4
mubawab.ma:native:8397404,g768,2
mubawab.ma:content:71cfee8cc7392e0404a4ad07,g769,0
mubawab.ma:content:cf3f4dd088bde05009b930e8,g770,4
mubawab.ma:content:229e6e18dfe8e65df8ff2a46,g772,0
mubawab.ma:content:dbed93d50d9ed2370ed60b19,g774,3
mubawab.ma:native:8401361,g776,3
mubawab.ma:content:86d5c0403c9891b93db2dc90,g780,4
mubawab.ma:content:dc0da89a0e618fb6137d3dd1,g781,1
mubawab.ma:content:0758cee94b6b1aba924fa47c,g782,0
mubawab.ma:content:7339e151ab51b073237c5015,g783,4
mubawab.ma:content:93af72f9c4da9778c3ab1a10,g784,0
mubawab.ma:content:b1533a6a40d09f12ae00d3f7,g786,2
mubawab.ma:native:8337010,g787,1
mubawab.ma:content:a76bd0bc4745709704092a91,g789,0
mubawab.ma:content:3651928276821d1becec19a5,g790,1
mubawab.ma:content:56feed8f84c13d89f98c9796,g791,4
mubawab.ma:native:7674203,g792,3
mubawab.ma:content:a396a34feaef4b771a4aad02,g793,2
mubawab.ma:content:90d9bd48348311cecc30c720,g796,3
mubawab.ma:content:4e56c18ada45de89e3d295ec,g798,4
mubawab.ma:content:00582d7d0d304568a65aa85e,g801,0
mubawab.ma:content:f93ee358ebd0543911dfab6e,g803,4
mubawab.ma:content:4f2226a9157931dfad80740a,g805,1
mubawab.ma:content:298c60375c5d903b4cb6ec91,g290,0
mubawab.ma:content:0f1e059df87158b5bcd8bb1e,g811,4
mubawab.ma:content:9bcb39d75280677dce46bb3d,g812,1
mubawab.ma:content:fe9a7000495425d24c18dc90,g813,4
mubawab.ma:content:47496bdd491bc771700bda35,g370,1
mubawab.ma:content:c3e09350c396834357d05404,g817,3
mubawab.ma:content:7fb21fa4bad8f2a2cd24496c,g818,2
mubawab.ma:native:8268387,g821,1
mubawab.ma:content:37a8bafc1f372060540fee17,g823,0
mubawab.ma:native:8344123,g825,2
mubawab.ma:content:b337fcd0283aae3179da2b4c,g826,2
mubawab.ma:native:8069824,g827,4
mubawab.ma:content:79a5703e5ae2f53e8f067c7a,g828,0
mubawab.ma:content:25243bf536c2e08eb0a42358,g829,3
mubawab.ma:native:8341604,g762,4
mubawab.ma:content:234cd81f2e7f2ee0668deef1,g833,1
mubawab.ma:content:549d7892b21aef948569463d,g834,1
mubawab.ma:content:6bc073a8228c7262a727e1eb,g838,0
mubawab.ma:content:91c362d145007c51a80f4c42,g839,4
mubawab.ma:content:51aa18da87438f1b385a3511,g843,0
mubawab.ma:content:a69fd8a0901fa7dd7e9155ee,g844,1
mubawab.ma:native:8206965,g845,4
mubawab.ma:content:6b30c6465ca432df87ffa84a,g847,3
mubawab.ma:content:7b77d512a0d51d347a1f6edb,g225,3
mubawab.ma:content:46bb405671a52acbd813f6f4,g849,1
mubawab.ma:native:8340181,g850,4
mubawab.ma:content:536fde8c0d926ecbb34a7441,g854,1
mubawab.ma:content:0ad94c3cfa90f0d528b72eed,g855,2
mubawab.ma:content:b1cf3bb7b4a9d4f833ed685a,g856,0
mubawab.ma:content:19fcdbae2652b57d1fd11113,g857,4
mubawab.ma:native:8392468,g858,1
mubawab.ma:content:e47b18738a15d8cd2f71c178,g862,1
mubawab.ma:content:433ccfb024fbe57395ebd5ae,g864,0
mubawab.ma:url:63c5335e867d11a7f72ffc78,g865,3
mubawab.ma:content:3d5184dc77111a36acc231a8,g866,0
mubawab.ma:content:cc8c60718570f78de7b7e85e,g867,3
mubawab.ma:content:f12ba9da6fce7678843bb72b,g868,0
mubawab.ma:content:47e55de432f8ee7565dd65f0,g870,0
mubawab.ma:native:8380416,g872,3
mubawab.ma:content:c53258de888b315f2d5db6c2,g165,0
mubawab.ma:content:16566c2fcaca8f330e10f583,g874,1
mubawab.ma:content:627d420a0481eac56ffd79b1,g876,4
mubawab.ma:content:5c44111f91aac821c766990a,g877,4
mubawab.ma:url:478a2b587052d5c801be7a1a,g690,4
mubawab.ma:content:b762ee166022ecba51dee9f9,g879,4
mubawab.ma:content:552ddd2cc12036eb3ac78d1b,g881,4
mubawab.ma:native:8360340,g882,3
mubawab.ma:content:f152e0581e97f4f9ff0ddfb4,g883,4
mubawab.ma:content:598c75028186990f45999011,g884,4
mubawab.ma:content:3dbaf01b02da4ad204373082,g885,2
mubawab.ma:content:698eff3768a6ee53e462027a,g886,1
mubawab.ma:content:212fdc7bf9a345a46c1e069c,g887,3
mubawab.ma:native:8302656,g890,0
mubawab.ma:url:b1317c21401f3c253db0dabd,g891,0
mubawab.ma:content:9fc469baceb908266e128aae,g894,0
mubawab.ma:content:949d405f71a967783273c33a,g898,3
mubawab.ma:content:33c60e69ae7ef3914706ca7d,g899,0
mubawab.ma:content:365435ae0d75e0a92c000877,g902,1
mubawab.ma:native:8328858,g904,1
mubawab.ma:content:4f74de9d58ef05c537ecd86c,g162,0
mubawab.ma:native:8359966,g76,0
mubawab.ma:content:3044f0e4a10964a067867173,g909,3
mubawab.ma:content:94bfc26f33996de2e1c9c570,g911,1
mubawab.ma:content:9c84b7be03542ab703dc69d7,g912,2
mubawab.ma:content:129b621c3df5e62ae9fd1c2f,g913,2
mubawab.ma:content:db35fc66c44a5c63915b5070,g222,0
mubawab.ma:native:8171433,g917,1
mubawab.ma:content:2498ebde78fa3ba1b6785cd8,g66,1
mubawab.ma:content:d87605ad0f61bde456cb0d53,g919,0
mubawab.ma:content:7286217e876382a27982fc93,g920,0
mubawab.ma:content:1a68b3fbd495f0e14565edde,g921,1
mubawab.ma:content:154e7329896554dd12dd5d4f,g922,3
mubawab.ma:native:8131254,g923,4
mubawab.ma:content:63e77066aefcec7bebd79259,g926,4
mubawab.ma:content:e8e6e181ef655190cec16f7d,g930,2
mubawab.ma:content:065289185ad4f590d1d5e4ce,g931,1
mubawab.ma:content:9cf0d71000ba409b42cd3fa7,g934,4
mubawab.ma:content:7efc34f634a33478e428affd,g803,4
mubawab.ma:content:e2d7997557166fcfdae55060,g936,3
mubawab.ma:content:854b1fa2647099c5131ca898,g937,3
mubawab.ma:content:ce8ee4ba38db98d16a7ddea6,g938,2
mubawab.ma:content:dd890f45f56cb0ce4df69a9a,g939,2
mubawab.ma:content:76e634ce0123c351902ddd93,g940,1
mubawab.ma:content:ab5abf33c01557f439417bd7,g941,0
mubawab.ma:content:dce746a972b26b04dc432f1c,g942,0
mubawab.ma:content:24b7fc7b73952a09a2a69051,g943,2
mubawab.ma:content:0ea1539aacf77203d4475ea8,g944,3
mubawab.ma:content:44fe2430ebe15f2ed66c5455,g945,1
mubawab.ma:content:c866cdc03b839110c6eb5d1d,g48,2
mubawab.ma:content:d492fa259431fbe12e375cf7,g950,3
mubawab.ma:content:712a10904c44dc876cce7d5a,g957,4
mubawab.ma:content:c07ccf906cb54868f0370566,g958,4
mubawab.ma:content:64f544ca7d3a30da1758ce92,g959,0
mubawab.ma:native:8379565,g960,1
mubawab.ma:content:3b41d8c9835ae6583b46b4b0,g961,0
mubawab.ma:content:da96dcfb74be37d97039ba9b,g962,0
mubawab.ma:native:8367043,g963,1
mubawab.ma:content:84b0913edbadf8411654db3a,g964,1
mubawab.ma:native:8382099,g966,0
mubawab.ma:native:8329487,g967,4
mubawab.ma:content:6ac78cf38c674405dc5e1e93,g968,3
mubawab.ma:content:3bb3eb256db65e79bf211bbe,g969,2
mubawab.ma:content:40d81b52084ebcfc624a494e,g970,1
mubawab.ma:native:8398229,g971,1
mubawab.ma:content:f8a09612665808c57dd954b4,g973,3
mubawab.ma:native:8403611,g974,3
mubawab.ma:content:2d1c612128fc847ddb29d69d,g975,3
mubawab.ma:native:8213416,g977,4
mubawab.ma:content:598f3c78737c7ade1883098a,g980,1
mubawab.ma:native:8295948,g982,1
mubawab.ma:content:71f2e9913fc081f63b714e6c,g983,4
mubawab.ma:native:8348074,g987,4
mubawab.ma:content:d56f1868fd79a1ea0bbda734,g988,0
mubawab.ma:native:8096154,g989,1
mubawab.ma:native:7559893,g194,4
mubawab.ma:content:63af201202df0f1f714e66d1,g992,1
mubawab.ma:content:ed582b827147f9daee5df533,g994,2
mubawab.ma:content:3eba482cb98f1f2ced9ece4b,g997,1
mubawab.ma:content:faf39dbb04fdbbab6ac691bc,g998,2
mubawab.ma:content:fddc2984d35a4c76e23932f8,g1001,2
mubawab.ma:native:8341118,g1002,4
mubawab.ma:content:cb63e7c6234a2d89e8ac6a3b,g1004,3
mubawab.ma:content:5451bc66b379aa2161267d09,g1005,0
mubawab.ma:native:8394013,g411,0
mubawab.ma:content:3a57a48cc3718a95ea626bac,g1008,2
mubawab.ma:content:27e3862e1129268e3c0da45e,g1009,3
mubawab.ma:native:8395200,g1010,3
mubawab.ma:content:407281b435edb5d86fa6e2a4,g1011,3
mubawab.ma:content:c3336253032c48a7d7ab166a,g1012,0
mubawab.ma:content:4589e15bcb4cad35559e20f9,g1013,0
mubawab.ma:content:ac5610ee04b03b29f94e8e1e,g728,0
mubawab.ma:content:45d362fbdfec3b6c0aa84203,g1015,4
mubawab.ma:content:630d97e33908d3aab15b16d3,g1016,3
mubawab.ma:content:4656d15600f3993df656fe7a,g1017,2
mubawab.ma:content:bdbfe555ca7911fb1b7f4920,g1018,4
mubawab.ma:content:9840d699f33913565c97b1b7,g1019,4
mubawab.ma:content:adc60f79193a39422b17e405,g1022,2
mubawab.ma:content:ebd99564fb81de93f0c4610a,g1023,3
mubawab.ma:native:8263908,g1026,3
mubawab.ma:content:12203fe3fdff2e786925559b,g1027,0
mubawab.ma:content:c130513a98aae603fc4ba2b2,g1029,0
mubawab.ma:content:a3505091b176c5ffa1e5a513,g1030,1
mubawab.ma:content:a379ff355e64ac5bbd40047b,g1031,0
mubawab.ma:content:81702cc0e13dfbee80f529a3,g1033,1
mubawab.ma:content:58a42e67792af1bf11c79323,g1035,2
mubawab.ma:content:57869e3ae9eb240410e2d149,g1037,4
mubawab.ma:content:69ac8739c9fd17e78a9216b7,g1041,3
mubawab.ma:content:97b9ba93495bf89e54da8260,g1044,4
mubawab.ma:content:1f9dcc757be55384c126b8c5,g1046,4
mubawab.ma:content:825cb61a8b0aba8e125ed9ee,g1048,4
mubawab.ma:content:18f358c4cd202f25e5302146,g1049,3
mubawab.ma:content:7a12fc746fb548f7517d9a72,g1054,2
mubawab.ma:native:8152034,g1056,3
mubawab.ma:content:64bfa3a0334d643ce805e39a,g1057,2
mubawab.ma:content:4b9baac639e14b3d357a3823,g1058,3
mubawab.ma:url:a5cbc87b3ccae396a0f5ec6b,g1062,3
mubawab.ma:content:ff7e7c9a446e1e6e4e325f71,g1063,0
mubawab.ma:content:bd9d6d4ac04c995d7360aa1f,g1064,4
mubawab.ma:content:62c68fcbcdc3550f769c48f2,g1068,0
mubawab.ma:content:167e22fba50f7123e96aecde,g1069,2
mubawab.ma:content:20cc058445feec8c1978d284,g1070,1
mubawab.ma:content:ec16e7d53be5b5b757d071e3,g1071,2
mubawab.ma:native:8252390,g1073,4
mubawab.ma:content:82152741b9d02567b4b27f9f,g1074,2
mubawab.ma:content:65432fb62c9fa70204df8120,g1075,3
mubawab.ma:native:8100234,g1076,4
mubawab.ma:content:d68adbc49354abce8b00b309,g1077,0
mubawab.ma:native:8367500,g1078,3
mubawab.ma:content:35961cf4f377f3e099d32077,g1079,2
mubawab.ma:content:c49ab1bea8c7bbde169f63bf,g1080,1
mubawab.ma:content:c80a3af3996e290787b9f595,g1081,3
mubawab.ma:native:8261871,g1082,0
mubawab.ma:native:8391583,g1083,4
mubawab.ma:content:b2a7935c630899484f39e540,g1085,3
mubawab.ma:url:f93a1fe6de3a93e53924229f,g1086,2
mubawab.ma:native:8185967,g1087,2
mubawab.ma:content:a8630f432317192f26ea3a83,g1089,3
mubawab.ma:content:f2935cd7d28027046a1bb514,g1090,1
mubawab.ma:content:9608695fa5c9ed7789b43484,g1078,3
mubawab.ma:content:816bb87396193ffc18ce3798,g1093,1
mubawab.ma:content:020b8fc69cc7528ae022d9d4,g1094,0
mubawab.ma:native:8291975,g1095,1
mubawab.ma:content:d9ea3374abe87058696e73bd,g1097,0
mubawab.ma:native:8289886,g1101,2
mubawab.ma:content:9e23a4599a77599d0fc612ad,g27,1
mubawab.ma:content:7916ae68b02420e71f3bf649,g1105,1
mubawab.ma:content:b0435701cd75d979b7f196cf,g1108,0
mubawab.ma:content:95b3ffd0aa2119d47695eb58,g1113,4
mubawab.ma:content:2d907b5833cf947ab9b1c193,g1115,3
mubawab.ma:content:d481679b8588c4ad218af8ab,g1119,3
mubawab.ma:native:8135365,g1122,2
mubawab.ma:native:8260767,g1123,1
mubawab.ma:content:a6f311ac9aab49321874c9a9,g1124,2
mubawab.ma:content:51162e1c313523f23760a9e8,g1125,2
mubawab.ma:native:8062431,g1126,1
mubawab.ma:content:3b7d3d5f6835354d8cedf1d1,g1128,0
mubawab.ma:content:c475a57a92a2e9efcce23774,g1130,1
mubawab.ma:content:681e5a221bbd2e8a01135c16,g1131,0
mubawab.ma:content:0ea563518a1e8ee3a8752ede,g1132,4
mubawab.ma:native:8277122,g1134,0
mubawab.ma:content:75574244962ae39dd74b2c54,g1135,3
mubawab.ma:content:0c2e1b1b3d20fa3c5e1330db,g1136,2
mubawab.ma:content:cb7d44ac5fb3fadaf98911cf,g1138,1
mubawab.ma:content:0a3285c0d97a2224dd5ec318,g1139,0
mubawab.ma:content:7f4272b6e6d7935a28b05c09,g1142,3
mubawab.ma:native:8041910,g1144,4
mubawab.ma:content:3984049d16407e5e27520199,g1145,3
mubawab.ma:content:88722ae4b8e6bd0e8813d53f,g844,1
mubawab.ma:content:19747bf428367cbd0b20755e,g1150,2
mubawab.ma:content:fbbd8d5d601c3a1cb3db1aad,g1151,1
mubawab.ma:content:5d1936faddd0857628f26a54,g1152,0
mubawab.ma:content:89c368e068fd37b666c8510e,g1154,4
mubawab.ma:content:af7538e47ce962b7a4699e96,g489,1
mubawab.ma:content:95ca36447243356a025aab69,g1157,3
mubawab.ma:content:e79bc74f4c69fdc6f3adb2cf,g1158,2
mubawab.ma:native:8308110,g1159,1
mubawab.ma:content:b3e65bd6557eb0d24a9c8f11,g1162,0
mubawab.ma:content:640d3a0a47a35be57accebc3,g1164,4
mubawab.ma:content:1d428454554a1f951e6b458f,g1167,3
mubawab.ma:content:0a55bafe48142a656ac85c55,g1171,4
mubawab.ma:native:8227831,g1172,2
mubawab.ma:content:d072bfaaaee9035e08e792d1,g1174,3
mubawab.ma:content:841537972d84f96bac021814,g230,3
mubawab.ma:content:02196ebd919a7277ce3cf597,g1178,0
mubawab.ma:content:0a01f518bab868427c1756fe,g1179,2
mubawab.ma:native:8294127,g1182,1
mubawab.ma:content:e48cb361ef96480beb62032c,g1184,1
mubawab.ma:content:6c0ae401854921ba8e02fa9c,g1188,0
mubawab.ma:native:8386903,g1190,4
mubawab.ma:content:4446cc8e0fd7eb3b50f310b7,g1191,2
mubawab.ma:url:393c1249f763236c4a844ba7,g1193,4
mubawab.ma:native:8289144,g1196,3
mubawab.ma:content:6c5a49ebd6e9ba54d8eea03b,g1198,2
mubawab.ma:content:306fd4b6fc07e6c1893a00c8,g1199,0
mubawab.ma:content:80ee5d62d0b138b99980ef55,g1201,0
mubawab.ma:content:772f13a61c6f4e33f778e393,g1124,2
mubawab.ma:content:66c9b370232c7d3ec9f503be,g1206,4
mubawab.ma:content:760be5991740adaa4f68c178,g886,1
mubawab.ma:content:32c4b973e9f5eb77cac41267,g1209,3
mubawab.ma:content:d5e8583c4e78dbacd9c75462,g1210,1
mubawab.ma:content:d4a16ec311954a93b5bb4737,g1213,0
mubawab.ma:content:c749111eb82852c13da4548c,g1214,4
mubawab.ma:content:201b00ad7e1ac20337d77a4c,g1215,3
mubawab.ma:native:8260245,g1218,2
mubawab.ma:native:8305918,g1221,3
mubawab.ma:content:f64107adbec87201bcd9a2d2,g1224,1
mubawab.ma:native:8391516,g1226,2
mubawab.ma:content:f9989aeaee24b1a31e9afa4f,g1228,1
mubawab.ma:native:8340989,g1230,0
mubawab.ma:native:8303386,g1231,4
mubawab.ma:content:0c094cc2bfc61323df7aa5ea,g1134,0
mubawab.ma:content:478fd0becaf72cbd774f21ab,g359,0
mubawab.ma:content:69dc064c388c8c99dcc0c0d9,g1238,1
mubawab.ma:content:745cd8706ca6bb670f05f0cf,g1239,3
mubawab.ma:native:8393914,g1240,4
mubawab.ma:content:162a41b8a4b53ddf62259b2e,g1244,3
mubawab.ma:content:bc7284e1449a8173ebc71736,g1245,2
mubawab.ma:content:597f083118e7dd227c0bc5c2,g1246,1
mubawab.ma:url:4df70763f7f864de5bafbff9,g1247,2
mubawab.ma:native:8284930,g974,3
mubawab.ma:content:6becdea9c5110ce243996a47,g1249,0
mubawab.ma:content:e32b23da7bfff2c2d794eb5d,g1250,3
mubawab.ma:native:8351598,g1251,1
mubawab.ma:content:1c381f5f562767892fc317ee,g1253,2
mubawab.ma:content:faa3d29fb9eb19557be913bb,g1254,1
mubawab.ma:content:cfbde19d60d0d0b7593aa19e,g870,0
mubawab.ma:content:c90d13b95b91e2cfb222db59,g1257,0
mubawab.ma:content:e23a6338b4af2d8ed91ce54f,g1258,4
mubawab.ma:content:b66fc55eef325cd0924cd83c,g385,1
mubawab.ma:content:8516480a98e34488ec6f6795,g1260,2
mubawab.ma:native:8305306,g1261,3
mubawab.ma:content:4be57bb98f2218586df3d2cf,g1262,1
mubawab.ma:content:1a0dfcbfc300e333a33b577a,g225,3
mubawab.ma:content:f27c7fedd0b6f637a9f49645,g1264,0
mubawab.ma:content:6ebf06f9c544ccf84abd4156,g1265,2
mubawab.ma:content:15460004f16eea97c3a4d59f,g1266,0
mubawab.ma:native:8328710,g1268,4
mubawab.ma:content:67ca2e98ad38631cf19025ce,g1271,4
mubawab.ma:content:2d48ded59b86f979afb0b02c,g1272,3
mubawab.ma:content:dc86bcb9b6b91d8c6dd05c24,g1275,2
mubawab.ma:native:8254423,g1276,3
mubawab.ma:content:37fdad620f1b33fd93f89fc8,g1277,1
mubawab.ma:content:3addcf97acb0546e582a8409,g690,4
mubawab.ma:native:8401335,g1280,0
mubawab.ma:content:0ce16301568b8b5894a3c701,g1281,4
mubawab.ma:native:8340523,g1284,4
mubawab.ma:content:7efe181e8471b2ce1bc1de4f,g1285,3
mubawab.ma:native:8392703,g1287,2
mubawab.ma:content:f97c35e50888f76d60a63ef6,g222,0
mubawab.ma:content:a4cc8e744d4da7cbda150dbf,g1290,1
mubawab.ma:content:20ec0caaad400da622230238,g1291,1
mubawab.ma:native:8407530,g1292,2
mubawab.ma:content:836cfa326632804d85bbc7fa,g1294,0
mubawab.ma:native:8262519,g1299,4
mubawab.ma:content:32afc228b5f00fee23c6a438,g1301,0
mubawab.ma:url:50fe2254004a43064c768ec4,g1303,4
mubawab.ma:url:fc92ada6d855db29c2404ab7,g1305,2
mubawab.ma:content:2bcd0c9295125189106e6396,g1307,1
mubawab.ma:content:ff28bf4f5dbb17ef471cc823,g1308,0
mubawab.ma:content:0b306a370b8eef39bd8d7bd8,g1311,0
mubawab.ma:content:14aa2d24756c36deb70da11f,g1313,4
mubawab.ma:native:8296254,g1314,3
mubawab.ma:content:ac446d5ec2c7cfb3e7c5f06f,g1316,2
mubawab.ma:native:8238015,g1317,1
mubawab.ma:native:8228655,g111,4
mubawab.ma:content:5477be996b88d27bc7de12e2,g1322,4
mubawab.ma:content:2ea403e4f1da299dc481dabb,g1324,0
mubawab.ma:native:8370495,g1325,4
mubawab.ma:native:8405649,g1326,3
mubawab.ma:content:cb9ed1f4693d9d029637676d,g744,0
mubawab.ma:content:db9ca53a9afdec57884a1ba3,g1330,2
mubawab.ma:content:38d088e7dff264cfc8ce8f87,g989,1
mubawab.ma:content:39f55d07844711467a93f493,g1335,1
mubawab.ma:content:355f91c863f4a52c413953be,g1336,0
mubawab.ma:native:8396805,g1337,4
mubawab.ma:content:14c295ae6bfc49427f996268,g1338,3
mubawab.ma:content:3ec3a9c1ef2f1a478a4bf7f5,g857,4
mubawab.ma:content:7bb15fcc344126dd38cc3375,g1342,3
mubawab.ma:content:16c78a8e26888f6513a4bca7,g1343,3
mubawab.ma:content:165127f3d2a93ed5dc658dc1,g1344,2
mubawab.ma:native:8404053,g1347,1
mubawab.ma:native:8341000,g98,0
mubawab.ma:native:8401184,g1351,0
mubawab.ma:content:d0dbb2616c68edb2ca008659,g1353,4
mubawab.ma:content:68cf4647958846b0d7c1b67a,g1354,3
mubawab.ma:content:b103b1a9b09a041e4d97d824,g1355,2
mubawab.ma:content:2616ea076b81fcfea28d9f55,g1356,1
mubawab.ma:content:33c6ac17745cdd17202662b8,g1358,0
mubawab.ma:native:8404664,g1360,1
mubawab.ma:content:0dbd9c2181e152c976b80c2d,g1361,0
mubawab.ma:content:4087efb91915f205f17bf6b4,g1363,4
mubawab.ma:content:c0b1f8df5f2a3c2a090194a4,g1366,1
mubawab.ma:native:8394617,g1367,3
mubawab.ma:content:49e4e427905c372f601f4dc4,g1368,2
mubawab.ma:content:4d0da16f499fff99569f41d8,g1371,4
mubawab.ma:native:8374048,g1372,1
mubawab.ma:content:2a5ea257ff51e41d076b5e09,g1373,1
mubawab.ma:content:f7fe87898eae9d2f6adb9ff3,g792,3
mubawab.ma:content:50bb46d6abbd4c8224f588e5,g1376,0
mubawab.ma:content:9444b637de4ed1b93433089b,g1379,3
mubawab.ma:content:100791c922a673576ae1c0c9,g1380,2
mubawab.ma:content:d6662e6669a56a27023face2,g1381,4
mubawab.ma:content:b656b5a1335d77441f344857,g1382,3
mubawab.ma:content:40dc71201ddd5aebf7193351,g1383,2
mubawab.ma:content:4c01395484ee3f50bde699cf,g1385,1
mubawab.ma:url:6d9e25a086b62103860add16,g1387,4
mubawab.ma:native:8271362,g1389,0
mubawab.ma:content:b6655c71f908bd2a978322f3,g1390,3
mubawab.ma:content:a7a04dc4b928d7c7c1a9a01c,g1391,2
mubawab.ma:content:8fda396e116586a8e4611c70,g1395,0
mubawab.ma:content:e4ba7267f9498fcfd0ce33e6,g1396,1
mubawab.ma:native:8396697,g1397,1
mubawab.ma:content:46eaa3130e9ecfa48e1f44ad,g1398,0
mubawab.ma:content:1a3a0bdf90cef15f5b7eca63,g711,1
mubawab.ma:content:838908fe93f1584b78ae8a4a,g1406,4
mubawab.ma:content:7079c60ce4f6a1c85034761d,g1407,4
mubawab.ma:content:352714e49619b71f9acd1a41,g1409,3
mubawab.ma:content:fbf027185f411796b5cef6dd,g1410,1
mubawab.ma:native:8162458,g1411,0
mubawab.ma:content:179213bf2b0b9369edd0aa4f,g1412,4
mubawab.ma:native:8351606,g1416,0
mubawab.ma:native:8284860,g1417,4
mubawab.ma:content:c3fbe51f585fc568bf1f8138,g1419,3
mubawab.ma:content:e47739faf361e19b4af08ba7,g1420,0
mubawab.ma:content:33dbe2d0f05d5acb19f8f72c,g1422,0
mubawab.ma:content:b8c2f6e29d1f5d75eaad186e,g376,0
mubawab.ma:content:acdb22571216a0f00219e3c7,g1426,4
mubawab.ma:content:2dae55f6972f78ef42b568a0,g1427,3
mubawab.ma:native:8386668,g1428,2
mubawab.ma:content:4a2fe117956377e093b56236,g1429,1
mubawab.ma:content:7168ea5dc170544fe06404dd,g1431,2
mubawab.ma:native:8399892,g1432,0
mubawab.ma:content:872ec50523898ee577f217e8,g1433,0
mubawab.ma:content:13ab0d47b5a1bcc5e2bb639b,g1434,1
mubawab.ma:native:8328828,g1435,3
mubawab.ma:content:21cf51c6fa6eaa87cf146e4a,g1436,0
mubawab.ma:native:8340098,g1438,4
mubawab.ma:content:788e48a46c8d42168f2a91e7,g1440,4
mubawab.ma:content:fde54f71cc3a2391886fc1ae,g1442,3
mubawab.ma:content:deea16e61b404b739a3c5fab,g1444,2
mubawab.ma:content:10e85e073c4c6665e3e873e9,g1445,1
mubawab.ma:content:a0743c294272f2d8e54e694a,g1448,4
mubawab.ma:content:84e6edabfe3d399e68a4bf8f,g1449,0
mubawab.ma:content:1d716f7e606523f2d896ec0f,g1450,4
mubawab.ma:native:8396501,g1452,3
mubawab.ma:native:8386298,g326,0
mubawab.ma:url:5582886eb53916325f72a18b,g1454,2
mubawab.ma:content:6203d98a15ad46f7a9faaff6,g1455,2
mubawab.ma:content:1d8a65bf0101d4c05e660d28,g1456,1
mubawab.ma:content:3ac6b33519c57a174e188d51,g1457,2
mubawab.ma:content:d069d8c81d222c30a5fe53a7,g1459,0
mubawab.ma:content:26f63b43a5cd762eb432561c,g1460,0
mubawab.ma:native:8401720,g1461,4
mubawab.ma:native:8260171,g1462,3
mubawab.ma:content:202195771aa2b68e3f19bd52,g1463,2
mubawab.ma:content:a71cd5be196bdb174f40ac7c,g160,1
mubawab.ma:content:17c37771c542aeabcbe8c19f,g1465,1
mubawab.ma:content:c0840d8e0bce43cb09202348,g1467,2
mubawab.ma:content:21141ee951ca59b3a393b7fc,g1468,0
mubawab.ma:content:2cef38d120e2690dccd0315d,g1469,4
mubawab.ma:content:d109f133cc0db44c2ed1baf0,g1471,2
mubawab.ma:content:f2461e42f0dc01fd24e5a090,g1475,4
mubawab.ma:content:5cccbf62cd87ee8dfeba1cdf,g1476,1
mubawab.ma:native:8114207,g1477,0
mubawab.ma:content:6990467f6c8855b37ceeaf63,g1479,3
mubawab.ma:native:8369864,g1481,4
mubawab.ma:native:8260344,g1482,3
mubawab.ma:content:035d054ef524388772dc84f1,g1483,2
mubawab.ma:content:a26d17d5b27466fbe9f761b7,g1484,1
mubawab.ma:native:8264042,g1485,0
mubawab.ma:content:01b4767fd6d369e7b32e49d4,g1486,2
mubawab.ma:content:25f75f817a8db81a02ab8619,g1487,2
mubawab.ma:content:9f28562a82269db8dd12333c,g631,1
mubawab.ma:content:4aca3b9c1852039084fde4c8,g938,2
mubawab.ma:content:a00c40048f36b65d2d71feae,g1492,4
mubawab.ma:content:cb0b335f12bffaeded12db94,g1224,1
mubawab.ma:content:5059b6bcc527529af44e5c97,g1494,3
mubawab.ma:native:8261992,g1496,1
mubawab.ma:native:8329046,g1497,2
mubawab.ma:content:7af0be55bc7279f5e48e32e7,g1499,1
mubawab.ma:native:8348047,g1501,1
mubawab.ma:content:7819574bb885c2c2e7bbfbc3,g1502,0
mubawab.ma:content:24e18c59a7069f65246caae4,g1503,1
mubawab.ma:content:68a3af38efd447781471a5a6,g1504,0
mubawab.ma:content:44d83f697edf107a045c04ba,g1505,4
mubawab.ma:content:a1b343e4a4e9f69d2b43fc53,g1508,1
mubawab.ma:content:1aadcc7f466ad548ef414c6b,g1510,3
mubawab.ma:content:78af660900d52eff70a34596,g1513,4
mubawab.ma:native:8381823,g1514,2
mubawab.ma:content:1510b3f07fd4d76f64cfccc1,g1516,3
mubawab.ma:content:1e55ef6c409f9a9012d11f98,g1518,1
mubawab.ma:native:8404881,g1519,0
mubawab.ma:content:2dae83b97a7ad32d1de4ae0e,g1526,4
mubawab.ma:url:0307469b998d75d5aa158fd7,g1093,1
mubawab.ma:content:039883abcae62a7ca25ef55a,g1528,3
mubawab.ma:content:f538cae2146ee888fc98274d,g1530,0
mubawab.ma:content:1ff4733ac261db5ce6034c9d,g1532,1
mubawab.ma:native:8398297,g1533,2
mubawab.ma:native:8371080,g1534,0
mubawab.ma:content:6bffb1828822ad7234b0011d,g1535,4
mubawab.ma:content:5627cf752bfacc9067e46ec9,g1536,3
mubawab.ma:content:a699e05a90e6f063948861af,g1537,2
mubawab.ma:content:d3370a2df697180d5df5412e,g1539,1
mubawab.ma:content:4f2f80b817470bf8908c7780,g1540,4
mubawab.ma:native:8365314,g1541,0
mubawab.ma:content:87b220aa82b4cc4bd912a96f,g1542,4
mubawab.ma:content:0f51a554a195df63f21bfb97,g1544,3
mubawab.ma:content:b4049a5c9d026a82bd3f2fe6,g1545,2
mubawab.ma:native:8379941,g1549,1
mubawab.ma:content:7cd01d72ec4572f45ee6df83,g1550,0
mubawab.ma:content:91bfa181e3b844800b6ab654,g1554,0
mubawab.ma:content:e050e470e9a306350cc14fd6,g1555,4
mubawab.ma:native:8293532,g711,1
mubawab.ma:native:8390293,g1372,1
mubawab.ma:content:42e065e1766f109e6e9af333,g1563,4
mubawab.ma:content:53f8afc7c24d819957d89165,g1564,4
mubawab.ma:content:c0a82f274be21159be8caf30,g1565,3
mubawab.ma:native:8394507,g1566,2
mubawab.ma:content:a5f3a0a00be5296a0127ea67,g1568,1
mubawab.ma:content:2949810a8dec8a457d64f6a7,g1569,0
mubawab.ma:content:e0beb532222b4eb14d64f125,g1572,4
mubawab.ma:content:cc8bf2e3a4d3add7ae0c9956,g1573,3
mubawab.ma:content:e7f8eb8a901ee63c56a9a4ba,g1574,2
mubawab.ma:content:db44e8c5dcf5fdf0a7cf4c57,g1577,1
mubawab.ma:content:22c4252e9b7ff24fb9155977,g1578,0
mubawab.ma:content:581bb9f9ec02a051fd034437,g1580,4
mubawab.ma:native:8306599,g1581,3
mubawab.ma:native:8360972,g1583,3
mubawab.ma:native:8260019,g1586,3
mubawab.ma:content:534ab092296ecf9eb90a849a,g1587,2
mubawab.ma:content:26dbc5f873472069c212027f,g1588,1
mubawab.ma:content:b3a5e32e4e464c987ef1af39,g870,0
mubawab.ma:url:91f8147da9324273381e29fc,g1590,0
mubawab.ma:content:9e8ce127f99242396d1fcdd9,g1591,2
mubawab.ma:content:22c81bee09e66a65475acab2,g1592,4
mubawab.ma:content:25bd9aa7b9dc46ab0bf67bb2,g1596,3
mubawab.ma:content:554e84a8fef285ecbcad91d8,g1598,2
mubawab.ma:native:8353597,g1599,1
mubawab.ma:content:e2de8919d4007f6cb4040df9,g1600,0
mubawab.ma:content:4df5c7ef352e775462228688,g1601,4
mubawab.ma:content:01d0a88d207a664ce0dce8a5,g1602,0
mubawab.ma:native:8367491,g1603,4
mubawab.ma:native:8253802,g1606,3
mubawab.ma:content:8c6a9e14524845eea2ec5a9b,g1608,2
mubawab.ma:content:eaf342994672f824d821baab,g599,3
mubawab.ma:content:eb9d008dfeffc8c0f136c16a,g1611,0
mubawab.ma:native:8399922,g1614,4
mubawab.ma:content:3d80713cfbb83d55b3d46e31,g1615,3
mubawab.ma:content:e928a66d0a4cdb8473028457,g1616,2
mubawab.ma:content:9d1c3433587ae93cc1affd11,g1618,1
mubawab.ma:content:94827fd1a4b7957401a8874b,g1619,2
mubawab.ma:content:3cb51a7058728760be0cd1dc,g1622,1
mubawab.ma:native:8348073,g1093,1
mubawab.ma:content:83a30eabc9fa07ed0f313889,g1624,3
mubawab.ma:content:72bf0de51c6c9c368c97e30e,g1122,2
mubawab.ma:content:ae5a2a4e89346f4eec941472,g269,1
mubawab.ma:content:21b1ba3a93cbffe5f923a572,g1628,0
mubawab.ma:content:7bfba8516c84c6053807e57e,g370,1
mubawab.ma:content:21111ba471f77422c0285d96,g1631,2
mubawab.ma:content:8279026b1e798ba94e3e0464,g1632,4
mubawab.ma:content:8d1ae6541bc973f5f7274edf,g1303,4
mubawab.ma:content:03449186091030fdee0aeecf,g1636,1
mubawab.ma:content:783eac09d10be096da3950d9,g1639,3
mubawab.ma:native:8303058,g1434,1
mubawab.ma:content:6581f1f8fb6ec8e216d04b6d,g1641,1
mubawab.ma:content:022aea36e47b4a5d180cff46,g1643,0
mubawab.ma:content:bcc0463f257beafb43e2241d,g1646,0
mubawab.ma:content:7ad4df3aebd7c18f37f8438d,g1652,4
mubawab.ma:content:ec61391ac39cdc37e3bb384f,g1655,3
mubawab.ma:content:072a625243b425d33e0e2f17,g1656,4
mubawab.ma:content:1f0a32dc4183a50cb55a9336,g1658,4
mubawab.ma:content:68cfe833bb7ed484ec26beb7,g1659,2
mubawab.ma:url:a2cef5b43ba9797460ff3b7a,g1228,1
mubawab.ma:content:1b70c13d8c8ed7e78e9d7684,g1663,1
mubawab.ma:content:4512d531341129ef4bf5bb63,g1664,0
mubawab.ma:content:3071d0e9121bd8fcd8a550fc,g490,0
mubawab.ma:url:c010d571be51b7db60802c39,g84,4
mubawab.ma:content:d132f80fd395c76e90d7daeb,g1670,3
mubawab.ma:content:f6781ea8bfa65cc2c6336afe,g1672,2
mubawab.ma:content:3d692e9c394ff0b9cc6de527,g1673,1
mubawab.ma:native:8249516,g1674,0
mubawab.ma:content:6bbcb3ee794a482dd980b6c1,g1676,2
mubawab.ma:native:8347064,g1678,4
mubawab.ma:content:ced0282d6de0f1b3486960a8,g1679,3
mubawab.ma:content:4846aef26190d1bc7d01ae9b,g1681,1
mubawab.ma:content:d9456aea1dce411199dbd9e0,g1682,0
mubawab.ma:content:f30efd24e0cb120eb1f5f205,g1684,4
mubawab.ma:native:8357638,g1685,4
mubawab.ma:content:bc96509bb05356eab40b017d,g1686,3
mubawab.ma:content:33d038bf3af05cd80cdca6dc,g1688,2
mubawab.ma:native:8364569,g1691,4
mubawab.ma:content:ae1f82b95d303ac68acb0ac8,g1692,0
mubawab.ma:content:d8491b24eb69e12bf8294d89,g1693,4
mubawab.ma:content:06fb6a8b0323b31f49eab0b2,g1694,3
mubawab.ma:content:a9636c35f2e907df1965f442,g1695,2
mubawab.ma:content:a387e39f2e36d3521e24d81c,g170,4
mubawab.ma:content:f1fe06be81984ed83619fa3c,g1697,1
mubawab.ma:content:38f22f33898ec4b958f7f8d1,g1698,3
mubawab.ma:content:6684929bc6bd3c9b4757e2bd,g1700,4
mubawab.ma:content:7940467a729b008c4a5ff665,g1701,3
mubawab.ma:content:459d043cb273b9a56b8e03fd,g1702,2
mubawab.ma:content:697ff5d9db4d713573f40af8,g1704,1
mubawab.ma:content:c0e7230781429b2862e7e66b,g1705,0
mubawab.ma:content:a1c9327c2fdca98a0f2bc963,g1706,1
mubawab.ma:content:33ccfe3a4c20ca7b19cfd282,g1708,4
mubawab.ma:content:f8e61631b5e61f7c516ce62e,g1709,3
mubawab.ma:content:f8b3d3e1f409f21c4999d3ff,g1710,2
mubawab.ma:content:3e6c5b4e595f12aa84eb687b,g1712,3
mubawab.ma:native:8397162,g1713,2
mubawab.ma:content:94df91d0165eb3ea32549fc0,g1715,1
mubawab.ma:content:cdb813883e9a450140f27999,g1717,1
mubawab.ma:native:8407042,g1718,0
mubawab.ma:content:7dc4a67430330a185cd35869,g1719,4
mubawab.ma:content:5ab9227d8342a4d0cee23967,g1722,3
mubawab.ma:content:45448c059493d4e3ada5be2d,g1724,2
mubawab.ma:content:8862da98532b7bfd0b575310,g1725,1
mubawab.ma:content:3397183a8bf9e4df558ea7fd,g1727,0
mubawab.ma:content:10ecfc9140fc578ab84bdf8d,g961,0
mubawab.ma:content:9a5b7fe5698ff0d3108d9082,g1729,1
mubawab.ma:content:941f1cbf7e193108d4130d78,g1732,0
mubawab.ma:content:03b67f371c3a6e87fca8f1d0,g1733,4
mubawab.ma:content:76297a9b1c6030c7044691af,g1735,3
mubawab.ma:content:c4b93131f87541a8e6533082,g1736,2
mubawab.ma:content:69b136eee510293fdd9a3326,g1737,1
mubawab.ma:native:7975737,g1739,0
mubawab.ma:content:de2a4555af3b4d2499d382c8,g1740,4
mubawab.ma:content:53aeb7b2ad468704eb284929,g1742,3
mubawab.ma:content:76c9aeb3f23a61e2c6de3006,g1743,4
mubawab.ma:content:ef0f91c49d411b0657f22dcc,g1744,3
mubawab.ma:native:8337711,g1746,2
mubawab.ma:url:33972be28de23886a5b86481,g555,1
mubawab.ma:native:8350855,g1749,2
mubawab.ma:native:8192825,g1691,4
mubawab.ma:content:7a2fc03c8b2d0a1adfce958a,g1752,1
mubawab.ma:content:86dc1e1ec1d08f903cc19349,g1753,0
mubawab.ma:content:eda51cd096484d9619e31438,g1757,1
mubawab.ma:content:fe20d6e00e128b93fd65050d,g1759,0
mubawab.ma:native:8403187,g1760,4
mubawab.ma:native:8176190,g1761,3
mubawab.ma:content:45ad6bf0b89e6fcccc7dd9f8,g1763,2
mubawab.ma:content:ee50e5ae6c560821ee3bb25c,g1767,4
mubawab.ma:content:aca2c6d79e789428b2a3196c,g1093,1
mubawab.ma:content:fa7178ebf91ed8de850786ce,g1770,2
mubawab.ma:content:b7222c8947ac4230dda2f56d,g1772,1
mubawab.ma:native:8306289,g1775,3
mubawab.ma:content:243407c4309bcae526313c1f,g1776,0
mubawab.ma:content:0a03a927a71a9cb71435274a,g1778,4
mubawab.ma:content:77e6eed09206bb05b60e7b59,g1781,3
mubawab.ma:content:e694dfe81a2cd89e89748592,g1783,2
mubawab.ma:content:491fde47f80c868ed79f30ea,g1785,1
mubawab.ma:native:8396747,g1787,0
mubawab.ma:content:ff27cf47961f7edee0685855,g1788,4
mubawab.ma:content:9e258aa19fcd87c3b6f5ee47,g1789,3
mubawab.ma:content:071c557ad186e3de7990ed69,g1790,2
mubawab.ma:content:7f1416adc2cb698068c25cf6,g1792,1
mubawab.ma:content:99dd69223cbd9717f26dbdd3,g1793,0
mubawab.ma:native:8314943,g1794,1
mubawab.ma:content:dc59aade6b31d512065cc6b0,g171,2
mubawab.ma:native:8248699,g1797,0
mubawab.ma:content:842aa75507fa4e3236c2e592,g1798,4
mubawab.ma:native:8350251,g1799,4
mubawab.ma:content:3371fe4c56ddc7cadc2a95ff,g1801,2
mubawab.ma:content:247e228fbccc1388af651e28,g1802,3
mubawab.ma:native:8389558,g1804,3
mubawab.ma:native:8405404,g1806,1
mubawab.ma:content:08be91023745acbb94c007c3,g1807,0
mubawab.ma:content:6fd83fde3281653adab3278b,g1809,2
mubawab.ma:content:2bb54d143ea3cf9e450e4aec,g1812,4
mubawab.ma:content:44f2061e7ee03f654f614d93,g1813,1
mubawab.ma:content:e2d6a589f50ab7b0778ad7d9,g1814,3
mubawab.ma:native:8325053,g1815,2
mubawab.ma:content:f3a6d459cbb481204a7def69,g1816,1
mubawab.ma:content:7944a690856fd158bbeb26ff,g1821,4
mubawab.ma:content:fa782f3632d8259307119a95,g1823,3
mubawab.ma:content:d8c9fc2f0710d5dc17aef17d,g1824,0
mubawab.ma:content:e149979fbf60a9cc6800295b,g1826,2
mubawab.ma:native:8392708,g1828,1
mubawab.ma:content:26d8ad84801726504386595a,g1830,0
mubawab.ma:content:c22a3cdb3c935b0e04dd0b8b,g1831,4
mubawab.ma:content:b98972dc07897ea5c173eb34,g1833,3
mubawab.ma:native:8074802,g1834,2
mubawab.ma:native:8399409,g269,1
mubawab.ma:content:a5f25cfce00e81d3a2d4d388,g1836,1
mubawab.ma:content:6e27bee92ba76b02fa5078e1,g1837,0
mubawab.ma:native:8401136,g1839,4
mubawab.ma:content:84ccad27ca2602e55da59cb0,g1840,2
mubawab.ma:content:40d95312ce3023bfff01b5ae,g1841,1
mubawab.ma:content:f6d033015bcbe0dc5e69b1d5,g1843,0
mubawab.ma:native:8303931,g1845,4
mubawab.ma:native:8395770,g1846,4
mubawab.ma:content:fec8830390b95c2617ac47d2,g1599,1
mubawab.ma:content:7ab7d21a1dcbdf957b7fae3d,g481,4
mubawab.ma:native:8371911,g1852,2
mubawab.ma:content:a8422b373a534e65fa62bfd9,g1853,1
mubawab.ma:content:1aa222a818d32db2b131dbdd,g1854,0
mubawab.ma:content:7cb19728c72b703d9f5080b2,g1855,0
mubawab.ma:content:6a933b8074fcc1bbf1306425,g1276,3
mubawab.ma:native:8117128,g1859,2
mubawab.ma:content:d3d8b7f16bb0b5e337e9b7ea,g1861,4
mubawab.ma:native:8260768,g1862,3
mubawab.ma:native:8041167,g1863,1
mubawab.ma:content:936baedc2420e5d77004ecd9,g1865,3
mubawab.ma:content:a32cd24281c1093f69800b88,g1866,2
mubawab.ma:content:a1de85fbef060339d008f861,g1868,1
mubawab.ma:content:827298bff87e2c870784ca3a,g1869,0
mubawab.ma:content:c61934bb5133eb26a9764b16,g1870,3
mubawab.ma:content:2f5fc25465e2d0ef06edb041,g1872,2
mubawab.ma:native:8260693,g1191,2
mubawab.ma:content:1671c4c97cbe391634560bd4,g1875,1
mubawab.ma:content:f6623363e8d2ea69f2106e29,g1876,2
mubawab.ma:content:de9aa70c7c143be7deacb921,g1877,0
mubawab.ma:content:5800f59512299eeda0f61fa5,g1878,4
mubawab.ma:native:8314689,g1879,3
mubawab.ma:url:1ed12ac642c5b6214313b7ac,g1880,1
mubawab.ma:content:8d0f5012dc4eb001148d5a8d,g1881,0
mubawab.ma:native:8396301,g1882,2
mubawab.ma:content:44a75274c344390522aacb56,g1883,1
mubawab.ma:content:689dfd4a53749edabcd0c065,g1884,4
mubawab.ma:url:1baeb6ae3bdd3e15ed6ff858,g1885,3
mubawab.ma:content:7358cdb7011cb782be660960,g1886,2
mubawab.ma:native:8356316,g1889,1
mubawab.ma:content:25c498ed835b013cecc88110,g1891,0
mubawab.ma:content:29de4463994e64e223adf3dc,g1892,0
mubawab.ma:native:8279484,g1230,0
mubawab.ma:content:7caad992e7eef05a4fed1fc4,g1894,4
mubawab.ma:content:b9ea58797456f89decdb980e,g1448,4
mubawab.ma:content:c317c17931deef81297b62ad,g1897,0
mubawab.ma:content:b10388ef69460f615feeee58,g1898,3
mubawab.ma:url:a546165e66b98710f03525f0,g1902,1
mubawab.ma:content:a6ab2631a36e90ed79810f69,g1903,0
mubawab.ma:content:8ab749c569fee8555d6b4bc1,g1904,4
mubawab.ma:native:8374155,g1905,3
mubawab.ma:content:594adf1bdfaaef95d7fa7a9a,g1906,3
mubawab.ma:content:a49cbe5212d637e4584e9d97,g1907,2
mubawab.ma:native:7714693,g1909,2
mubawab.ma:content:29fbb5394d1ff48f1e9ed0f9,g1910,2
mubawab.ma:native:8223015,g1912,1
mubawab.ma:content:fe7a2324898624d5da1c75c4,g1914,1
mubawab.ma:native:8137958,g1018,4
mubawab.ma:content:e80e48fb8c8d31347c218187,g1916,4
mubawab.ma:content:28a9c7098cc8cd810eea0193,g1917,0
mubawab.ma:content:889e77889d0734bfba73f952,g82,3
mubawab.ma:content:0e2f1e255a79f0841a67bc31,g1919,4
mubawab.ma:content:3d01230147c58e9dc90346ae,g1924,0
mubawab.ma:native:8374669,g1925,1
mubawab.ma:content:30ae1e3adc777cd066e03a42,g1926,3
mubawab.ma:content:c49e1e5b419feeeb7cc180ab,g1928,2
mubawab.ma:content:02794bf532011753f12c23b6,g1929,1
mubawab.ma:content:61c7e45f001db71b785661f4,g1002,4
mubawab.ma:content:d0ad9643b0b3fcaa86627cba,g1932,4
mubawab.ma:content:addd33b5ca47d8627fd96970,g1933,3
mubawab.ma:native:8142504,g1934,2
mubawab.ma:content:b2aba9e71597ff21c44b305d,g1939,1
mubawab.ma:content:4ea2624791ad2a21f91d8371,g1940,0
mubawab.ma:content:3fa03ceed3e5496d239d9856,g1942,4
mubawab.ma:content:3eb6217f72e176e0b5b41479,g1944,3
mubawab.ma:content:82308e4ca078dd352802ee03,g1945,3
mubawab.ma:content:2dfe3c5cd9d9214549ff0642,g1199,0
mubawab.ma:content:edc7472a1d4b664478292894,g1948,4
mubawab.ma:native:8383031,g1950,3
mubawab.ma:content:6b9b028fe09aa0fa7d3829b2,g1951,2
mubawab.ma:content:b0f8e794456fc9f12d93fd5b,g1956,1
mubawab.ma:content:24a9525924b57f03a3736f7e,g1957,1
mubawab.ma:content:4599cb3302f253a2ea26f180,g1959,0
mubawab.ma:content:a6ce11317f7ff101c016754e,g1961,0
mubawab.ma:native:8392663,g1962,3
mubawab.ma:content:7487fdcae1beb52ec5fa61a7,g1964,3
mubawab.ma:content:c4987418cddd76b62f3fe502,g1965,2
mubawab.ma:content:ca09a98ceaae24a5a1673d0f,g1970,0
mubawab.ma:content:065598412c9ce84e99206caa,g1971,4
mubawab.ma:content:574824938d008a2929c0d9a4,g1972,3
mubawab.ma:content:4a362d7d69603dd3217493a5,g1974,2
mubawab.ma:content:cddb3c961e7d8fd444927d96,g1975,1
mubawab.ma:url:e6310c4570a198b8364b7c7a,g1976,4
mubawab.ma:content:f5b50736967dd285daea17cd,g1980,0
mubawab.ma:content:a9e8802b7a96d8e58612c5b5,g1982,3
mubawab.ma:content:3bf32be5ad669dbf6e4a0d4e,g1984,4
mubawab.ma:content:943d2b1ae8b09f6f729f952f,g1985,3
mubawab.ma:content:9793f5943c31a25a76feddab,g1988,2
mubawab.ma:content:75d29c67965896bec4ba99e0,g1080,1
mubawab.ma:url:d8b26df0778cafae469d0ed0,g1991,2
mubawab.ma:native:8325642,g1992,1
mubawab.ma:native:7964821,g1995,0
mubawab.ma:content:0fbe05c5fd864f4cc7f0da11,g1997,4
mubawab.ma:content:4a36b116277468a556f6cd3e,g1999,3
mubawab.ma:content:7c295c89e6a3e862fcaa97ca,g2002,1
mubawab.ma:content:f838d13059a7a9be3f372067,g2008,0
mubawab.ma:native:8163491,g2009,1
mubawab.ma:content:18ca72a0c9b32687f240b759,g2012,3
mubawab.ma:native:8391385,g2013,2
mubawab.ma:content:5e74c2ca3c459011ed176814,g2014,1
mubawab.ma:content:3917dc291ad3a716c92435b8,g2015,0
mubawab.ma:content:a9e5e7a24c1359dd13d59831,g2016,4
mubawab.ma:url:f836b17ede2048e2668444d2,g2017,2
mubawab.ma:content:cf9eb68cfbf4704c66dcd1ec,g2023,3
mubawab.ma:content:bb6163fbc324a957aaccd4b0,g2024,2
mubawab.ma:native:8402324,g2025,1
mubawab.ma:content:8fadde35709fc370ea66a9f3,g2026,0
mubawab.ma:content:b8df6087e91e4c356f403186,g2030,4
mubawab.ma:content:b303ddcb8443711c2b4edd49,g2032,4
mubawab.ma:content:d7c3c92acbfcf70bf21b0533,g2037,3
mubawab.ma:content:5e61a999cd670a10e0098dce,g2038,3
mubawab.ma:content:7946f1b9b9fb8480c88bddb1,g2040,2
mubawab.ma:content:22e5eb79c9c3fed9f1f061bb,g2041,1
mubawab.ma:content:4e9cbc32ad4b9122f194990b,g2042,0
mubawab.ma:content:3bdf24ba125ccd96b39c1294,g2044,4
mubawab.ma:content:2d9e7611972a45afea2eacf6,g583,3
mubawab.ma:content:89818ee21b39574d57e0e2a6,g801,0
mubawab.ma:content:cbdb8857aa4b32998dfff5a5,g2050,3
mubawab.ma:native:8311755,g1322,4
mubawab.ma:content:507c8f5b341493919f81585a,g2058,2
mubawab.ma:native:8339298,g2059,2
mubawab.ma:content:edc0d47d749ebf32b2a064d9,g2060,1
mubawab.ma:content:1111855f6ad09d681bab4f9c,g2061,0
mubawab.ma:content:f91103bb2e6a068dae1ddbfb,g2062,4
mubawab.ma:content:3de2deec7a4cfcaf5a6239e6,g2065,3
mubawab.ma:content:c030689baea2a219b83abb11,g2066,2
mubawab.ma:content:bcf521c4dfdf9dfc0674f2dc,g2070,1
mubawab.ma:native:8325671,g2071,1
mubawab.ma:content:d588ff6d8bd62fcd340edcbc,g2072,1
mubawab.ma:native:8295481,g2074,0
mubawab.ma:content:8f8c1ba21d3362803143c098,g2078,4
mubawab.ma:content:c042434733996b4c87fda670,g2079,3
mubawab.ma:content:ed21fef93758c20ce4ee6c64,g2080,2
mubawab.ma:content:3412b55321a7bb67a9cd665a,g2081,1
mubawab.ma:content:bc5e9e030322d4ce57707a48,g2082,0
mubawab.ma:content:3cd6bf1584ae66fa5e3afe3b,g2084,4
mubawab.ma:content:c8960cae93a1ae4de6467f11,g2086,3
mubawab.ma:content:ae57a91d07275d51ba6e9a1a,g465,1
mubawab.ma:content:c8f356e7b695e29a14b5af65,g2089,3
mubawab.ma:content:d47a6ba141a5f1a501d451ba,g29,2
mubawab.ma:content:de6be747d1dbd54e0c64a900,g2091,0
mubawab.ma:content:609045b43496a141ff046a9c,g2092,2
mubawab.ma:native:8293082,g2094,4
mubawab.ma:native:8367044,g2096,1
mubawab.ma:content:da7fbdca01fd5f42851e845a,g2097,0
mubawab.ma:content:5237be76f85a46744f1cd968,g2098,4
mubawab.ma:content:3739782202c9d3583be7a62c,g2089,3
mubawab.ma:native:8192185,g392,0
mubawab.ma:content:9a3adecb1220303cb67058bf,g2101,4
mubawab.ma:content:c508b9a5ffd5f8d2caa924fe,g2102,2
mubawab.ma:native:8255002,g2103,1
mubawab.ma:native:8249083,g2107,3
mubawab.ma:content:e75f1770a1e5988ce90c4db9,g2109,0
mubawab.ma:content:c8e691ba2371b528c75dac86,g392,0
mubawab.ma:content:4790093c67861abfbe5345a3,g2112,4
mubawab.ma:content:607d27f2c02d47ddfbe353e0,g371,2
mubawab.ma:content:d79fa1bd2903b78fb24616bd,g2119,3
mubawab.ma:content:c4d3cb3f360fe2f6f6b5f12e,g2124,2
mubawab.ma:content:92299e6a82a5555e8f51fa1e,g666,0
mubawab.ma:native:8333372,g2126,3
mubawab.ma:native:7944199,g1757,1
mubawab.ma:content:1aa41e6322194dd64376f45c,g1366,1
mubawab.ma:content:fc20e2b8094d2551733cee1d,g2130,2
mubawab.ma:native:8107038,g2132,1
mubawab.ma:content:50738a7b5cfb7f04d6424540,g48,2
mubawab.ma:native:8260230,g2135,1
mubawab.ma:native:7988330,g2136,0
mubawab.ma:content:75b035d441c791102019daf6,g2137,0
mubawab.ma:native:7937876,g2139,4
mubawab.ma:content:b21b19d4b3231e9e8f739773,g2140,3
mubawab.ma:content:e9754ee51fcd2dbb842dce76,g2141,2
mubawab.ma:content:1d0b9fb58348cc3b61acee32,g2143,3
mubawab.ma:content:b4bd5738bf5d92d72bc4155d,g2148,2
mubawab.ma:content:b66ae42183ed288735e90a7e,g2149,2
mubawab.ma:native:8261460,g2150,0
mubawab.ma:native:8298495,g2151,1
mubawab.ma:content:503382e5743df26fd5c84382,g2155,1
mubawab.ma:native:8293061,g2156,0
mubawab.ma:content:275058118997c0b5056596b5,g76,0
mubawab.ma:content:2b8a99559155fb697ca7c590,g2159,4
mubawab.ma:content:b7873173b7e62b0fefe30d87,g2160,2
mubawab.ma:content:deea9eeb13a813fa81c9c9f4,g2161,1
mubawab.ma:native:8359258,g220,2
mubawab.ma:content:1f18d971623ac7468b61f8fd,g2164,0
mubawab.ma:content:b8e40419dd09d239e9058e6e,g2165,0
mubawab.ma:native:8317965,g2166,4
mubawab.ma:native:8386974,g1658,4
mubawab.ma:content:be57d5f9129f4c33096bb4f6,g2170,3
mubawab.ma:content:25c39b6ea3ec567f6d784d13,g1778,4
mubawab.ma:content:2489776700dc5cb63505266d,g2174,2
mubawab.ma:content:da8288ba134fded219296536,g2179,1
mubawab.ma:native:8368629,g2180,4
mubawab.ma:content:fb5bcf435d0311275bd1bc25,g2182,3
mubawab.ma:content:5dc579922699e3932545c3ab,g2184,2
mubawab.ma:content:94f3b4cdbfb9541da34ecc34,g2186,1
mubawab.ma:content:a0430024459e3e454e7df012,g2187,0
mubawab.ma:content:73d336a6cf855af8a52d8375,g1454,2
mubawab.ma:content:244142213bfb47d5ca8bfd92,g2189,3
mubawab.ma:content:f97dccf657577ae27a74ecee,g2190,4
mubawab.ma:native:8359403,g1265,2
mubawab.ma:content:6fd51e8afe65f71b01472404,g2195,3
mubawab.ma:content:550f5766b27ed5be120584e0,g2198,2
mubawab.ma:content:55487f8e12093aac44e7757e,g2203,1
mubawab.ma:content:f5744114e03b620ab6005adc,g2204,1
mubawab.ma:content:432e0b649cfdb2d7f93a6558,g2205,0
mubawab.ma:native:8303245,g2206,0
mubawab.ma:content:3f1c37609a81e9d59cb20a14,g2208,4
mubawab.ma:native:8402423,g2210,2
mubawab.ma:url:1665eba68cebc83b612c34d6,g2213,4
mubawab.ma:content:a8bdd902489eca2e7353c144,g2214,1
mubawab.ma:content:680f706c50ce633ce3701748,g2215,0
mubawab.ma:content:df2e130c707444e1c918a342,g2219,1
mubawab.ma:content:812b0ae816c641ea9f4d81c6,g2221,4
mubawab.ma:content:8b39208663f156b48db84786,g2224,0
mubawab.ma:content:4fdb826eb085df5d3b56ac56,g2225,3
mubawab.ma:content:df2205189ae5cf1cda9961da,g2227,2
mubawab.ma:content:ef70028b75cfa064844c510b,g2229,1
mubawab.ma:content:2aece4ac822f7c1f0e2a7847,g2231,3
mubawab.ma:native:8390683,g2232,2
mubawab.ma:content:1ff120e12aeca22916f7eabd,g2234,4
mubawab.ma:content:9a1b12d4916537af26bcb69b,g2235,1
mubawab.ma:content:84612e9e99239c2e00226bbb,g2236,3
mubawab.ma:content:c185479caf149a94eaf9cb72,g2238,2
mubawab.ma:content:9eb2d35d9f96c0a55ac16662,g2239,1
mubawab.ma:native:8195718,g2240,0
mubawab.ma:content:9a5e4b9344d07272beda117b,g2241,4
mubawab.ma:content:8255b68d8099bf3fbe3e5aaf,g2243,3
mubawab.ma:content:f40d85163f2d8c6d3a812026,g2244,2
mubawab.ma:content:a2b213d2fcb2480f50137a2f,g2246,1
mubawab.ma:native:8276521,g170,4
mubawab.ma:content:2104632a337fd46e5bb5dab2,g2252,0
mubawab.ma:content:5bd586e3ad2fd73f75457902,g2256,0
mubawab.ma:content:3528aa0787ee0c5782a2af6c,g2257,4
mubawab.ma:content:33ad0f41839c2b4581531418,g2259,3
mubawab.ma:content:e3ecd41724a730fac5a749aa,g2260,4
mubawab.ma:content:f2a3f27cd802512bf6c079a7,g2261,4
mubawab.ma:content:1cc56ae1c23657e2cc5fc796,g2263,1
mubawab.ma:content:961c35c154f818943cc5628d,g2264,0
mubawab.ma:native:8340504,g2266,3
mubawab.ma:content:7b41edc30f3b8e36d6a8e4bd,g2267,4
mubawab.ma:native:8211172,g2268,3
mubawab.ma:content:3fb389a80b3e55a6cd132f81,g2269,2
mubawab.ma:content:eb190aea16b2eee51143b268,g2270,3
mubawab.ma:content:bb917829bfd315305fff956a,g2271,0
mubawab.ma:content:709159c8ab8ebe4083438a0f,g2273,4
mubawab.ma:content:9060fd3691b013882e030ac9,g2274,3
mubawab.ma:native:8322597,g2276,2
mubawab.ma:native:8404064,g2279,1
mubawab.ma:native:8401370,g2280,2
mubawab.ma:content:7ea8d6a4c19183916ce8d985,g2282,1
mubawab.ma:content:1cabf3e351df4468a89fbaf7,g690,4
mubawab.ma:content:c879a2e09c21c5c8cde7fa23,g2288,2
mubawab.ma:content:85e0456d0bda299337de22f0,g2289,0
mubawab.ma:content:b457abd7fa30ae1703899327,g2290,3
mubawab.ma:native:8332701,g2291,2
mubawab.ma:url:7b9416bd3ef768bd9f743ca6,g2017,2
mubawab.ma:native:8395407,g2294,0
mubawab.ma:content:9d6859719388aa207c8e94fa,g2295,2
mubawab.ma:content:c1afdd3457c0c6d51df1198f,g2297,1
mubawab.ma:content:c65bf55c55dc312bd517db80,g2298,4
mubawab.ma:content:875d2139520ce950c139ce6a,g2300,4
mubawab.ma:content:bd574e78ff4475c40981462a,g2302,3
mubawab.ma:content:eb1909444f45706d90275ae5,g2303,2
mubawab.ma:content:6d82a1437eb9fee9ba745414,g1284,4
mubawab.ma:content:0c6565748c634b446658d3e6,g2305,1
mubawab.ma:content:3ac0e40ea6893a7ce85ab04a,g2306,1
mubawab.ma:content:f4ffb7e7b7e1c2fc6e9162ed,g2307,4
mubawab.ma:native:8402800,g2308,0
mubawab.ma:content:a165fd497a65651e193beaed,g1656,4
mubawab.ma:native:8261978,g1077,0
mubawab.ma:content:95e6202056acbbd37b20fe59,g2313,2
mubawab.ma:content:9282736e1fd330a0751a7173,g2314,3
mubawab.ma:native:8346739,g2315,2
mubawab.ma:content:0ec009d4798f2516a44ba9c2,g2317,4
mubawab.ma:native:8107775,g2318,3
mubawab.ma:content:9bbe955d4ea9b1885e1fb11a,g2321,2
mubawab.ma:content:02ea35537fbf8df3df57c2ea,g2323,1
mubawab.ma:native:8398672,g2324,0
mubawab.ma:content:614c2460f8ea6cfa6058ae4b,g2325,4
mubawab.ma:content:6184153c6d52724aa7c911be,g833,1
mubawab.ma:content:916140dc7d4f12fc494ff469,g2327,3
mubawab.ma:content:0a2756bf10f3f7245d27ac09,g2330,2
mubawab.ma:native:8283184,g1508,1
mubawab.ma:content:5a55aecb41837efb5b2e694c,g2335,1
mubawab.ma:content:6a1a9d059af69dbe694e0ca2,g2337,0
mubawab.ma:content:587f11808cb9ee88145bd437,g2338,4
mubawab.ma:content:6f3ce0923ee428298fd7101b,g2231,3
mubawab.ma:content:266dafdc0088bfd0ee07bc59,g2340,2
mubawab.ma:content:363379e8cf7e5e58ae4f09e7,g2342,1
mubawab.ma:content:304aee5619a023a35e3511f2,g2346,0
mubawab.ma:content:38f0870e3be98863c848d801,g2349,4
mubawab.ma:native:8346080,g2352,2
mubawab.ma:native:8374661,g2353,1
mubawab.ma:content:0992658fa93e383ab02e5c74,g2354,1
mubawab.ma:content:9cbfdc1f20b8fa963c87a3d5,g2356,0
mubawab.ma:native:8361504,g2359,4
mubawab.ma:content:61ef09473f3de297f600fdfd,g2363,3
mubawab.ma:content:21e8194ded329988ed687407,g2364,0
mubawab.ma:content:0ee038f970aec11fcf61c166,g2365,2
mubawab.ma:content:c542a63f8d20e7dd1a580f81,g2366,1
mubawab.ma:content:186a8f043fb717bfff9843d2,g2367,0
mubawab.ma:content:d7d7380aedaece64a74360b5,g2368,4
mubawab.ma:native:8261227,g2276,2
mubawab.ma:content:7835bb42ea3242cce35310b3,g2373,2
mubawab.ma:content:a45bd7b8b929419b8eccce57,g2375,1
mubawab.ma:content:b461d4377067d9e951470c96,g2376,4
mubawab.ma:native:8264242,g269,1
mubawab.ma:content:9ba97127655ff6bd1ac36400,g333,3
mubawab.ma:native:8324824,g2380,0
mubawab.ma:native:8357450,g2381,4
mubawab.ma:content:5ed7f6e2c58013c46d8549b0,g2382,3
mubawab.ma:content:f202356da324bd83646a1605,g2383,3
mubawab.ma:content:83e68577bee8c3be7218946a,g801,0
mubawab.ma:content:72fe5b69baaa70a55bfce410,g2385,2
mubawab.ma:native:8399404,g1775,3
mubawab.ma:content:2266c92334e5c9bafaaea99b,g2388,1
mubawab.ma:native:8383689,g2389,2
mubawab.ma:native:8372239,g2390,0
mubawab.ma:content:907b3af4cb90d8bf42fc946e,g2392,4
mubawab.ma:native:8142501,g481,4
mubawab.ma:content:6d5bd04de09338ff45bafda4,g2395,3
mubawab.ma:native:8265894,g1658,4
mubawab.ma:content:7a3019f33900c3404751380f,g2400,0
mubawab.ma:content:fd4d3953527b83fc0c1658db,g2401,1
mubawab.ma:content:aed5d5c38a08e9c8416efc3a,g2404,4
mubawab.ma:content:f197a7191fd5f99098f61973,g2407,2
mubawab.ma:content:119b629635650a52dd9ff49e,g2409,3
mubawab.ma:native:8264427,g2412,2
mubawab.ma:native:8235521,g2416,1
mubawab.ma:content:6e14b5c81984db6c5868ad0f,g2417,0
mubawab.ma:native:8400612,g2418,4
mubawab.ma:content:290696d4f3688c7ff41eaf17,g2419,3
mubawab.ma:content:70a318e155c37fbff1f23b41,g2424,2
mubawab.ma:content:cb0b02e49ef919db01bb914f,g1467,2
mubawab.ma:content:6270f63d157fdf9cdfbf14af,g2407,2
mubawab.ma:content:636d04631ed5cc0256d8e51a,g2428,1
mubawab.ma:content:475c579ad1af8db61874504d,g2429,0
mubawab.ma:content:03b17e60a19892dfd30bc837,g2430,3
mubawab.ma:native:8314039,g2432,2
mubawab.ma:native:8386899,g2433,0
mubawab.ma:native:8383489,g2435,4
mubawab.ma:content:b7f8ffd525af8b0173141d48,g2438,1
mubawab.ma:content:7ed3d0adf4fdbcbffb281619,g2439,0
mubawab.ma:content:2e5eaeaa97f4bd3f7cd47aec,g2440,4
mubawab.ma:native:8303291,g2441,3
mubawab.ma:content:802d1fd68e4ab70fe1630c6d,g2442,2
mubawab.ma:content:0f74ef4bedf4d474796b4a2d,g2445,3
mubawab.ma:content:32c0452f07ded36642f1cd69,g2447,1
mubawab.ma:content:d9687cfd7dcc3b0f899a1346,g2450,1
mubawab.ma:native:8163138,g2451,0
mubawab.ma:content:75b7b57d07606d8cd62a3297,g2452,0
mubawab.ma:content:fad8f657a1cf43cf2bfc1869,g363,4
mubawab.ma:native:8333218,g2454,4
mubawab.ma:content:01b1fec308ea9333b5632818,g2455,3
mubawab.ma:content:b9445863c4731274e8447f7e,g2458,4
mubawab.ma:content:d64f966e85b2b50553919275,g2459,2
mubawab.ma:native:8402926,g2447,1
mubawab.ma:native:8262343,g2463,0
mubawab.ma:content:368f1e3f07e0aa0ed75829b6,g2464,3
mubawab.ma:content:b46f5b69f9d924b88aac4958,g2465,4
mubawab.ma:content:b41201190a69686796243fa0,g2466,2
mubawab.ma:content:ebcbebcb1309d4d332b76456,g2467,3
mubawab.ma:content:b3892de26d589a4a925fe58a,g1586,3
mubawab.ma:content:85a4a65f4f996f9c3886de44,g2469,2
mubawab.ma:native:8310321,g2473,1
mubawab.ma:content:0701dc8335efe5052368ee5c,g2475,0
mubawab.ma:content:e15d7384f354232474961d8b,g2478,4
mubawab.ma:content:4fd66dde65de4c3340a56957,g2479,3
mubawab.ma:content:f52d3d3cbf291e2d867729e7,g2480,1
mubawab.ma:content:949fb837892929ab9571d03f,g2482,1
mubawab.ma:content:b22ae584d6d35c6bc8814b17,g2485,0
mubawab.ma:content:e46f0be31fa2233a261ec54a,g2486,0
mubawab.ma:content:82edb32425dc96defa902f79,g2489,4
mubawab.ma:url:c94aefada834c13bbd532b56,g2491,1
mubawab.ma:content:121f3bdd209e19ca7fe0a23e,g2492,2
mubawab.ma:content:5b342412f671609d9a67ee9b,g2495,1
mubawab.ma:content:7689ab8c54d1333b8203e7df,g2496,0
mubawab.ma:native:8388409,g473,3
mubawab.ma:content:de20d465f6e01607224a4718,g2498,4
mubawab.ma:content:79a125444235302fc0569916,g2500,4
mubawab.ma:content:d0038bcbc3b95228c9555091,g2501,3
mubawab.ma:content:ab2f853c040f7c9ab9cad724,g2502,2
mubawab.ma:native:8325326,g2503,2
mubawab.ma:content:b6b060810351ed1cdc4ac4fd,g2507,1
mubawab.ma:content:cbb82e0617322519dd5d9235,g2508,0
mubawab.ma:content:1c72d0d97c9ff8365924766a,g2509,1
mubawab.ma:content:4485624aa6384a1183d81ead,g2510,3
mubawab.ma:content:bb5060864af0cfb30bee739e,g2511,2
mubawab.ma:content:26448f0ee7d395209be76d15,g2513,0
mubawab.ma:content:751277bb8a03702452ac33f5,g2514,4
mubawab.ma:content:34065f2e7b71fdae6a6adbfb,g551,2
mubawab.ma:content:493f57134d33bac5bd786fd7,g2516,1
mubawab.ma:content:91e86aa10d967fae0e909fe6,g2518,0
mubawab.ma:content:58439d26e0d70955f5ecbfd7,g2519,4
mubawab.ma:content:1fa0053a7ee502e94fe67ffb,g568,2
mubawab.ma:content:d696af14b85e2f2e5d3b8109,g131,1
mubawab.ma:content:eb0f443f7eea4538c4358bbb,g2523,4
mubawab.ma:content:8a0341fbd291c4c857643ea3,g2527,3
mubawab.ma:content:bdb00c051ef043903bac6b65,g2528,2
mubawab.ma:content:d9832add2124d8ee72d677f7,g2531,0
mubawab.ma:content:3ffed7cb125c8c40831adb3c,g2534,4
mubawab.ma:content:1b5f9670c3ca0e4b4a19c6e5,g2535,3
mubawab.ma:content:e4005ec0e2ca9002e3c7cb80,g2536,4
mubawab.ma:content:ac71236dd25282c11674cd4c,g2537,3
mubawab.ma:content:4965425dac02f1fba0d69074,g1656,4
mubawab.ma:content:946c2252eeee64942ec5738a,g2542,2
mubawab.ma:content:d6caf506b1c5ee3720309c4b,g1698,3
mubawab.ma:content:a2bd12259b6bc405eb1f3f7e,g2548,1
mubawab.ma:content:361aaed3f077a28215f40365,g1178,0
mubawab.ma:native:8106417,g81,2
mubawab.ma:content:d861bf06b2d07ce731e45f14,g2552,4
mubawab.ma:content:15801e1e5fa3a4da6b2d7231,g2554,3
mubawab.ma:native:8262749,g2555,2
mubawab.ma:native:7673202,g796,3
mubawab.ma:content:2811086a963ac9b0bf7c79a4,g2557,1
mubawab.ma:content:c2db6e6588a7f47df2e9a7a1,g2558,0
mubawab.ma:content:7c8317d411725c4f4c79b8f6,g2559,2
mubawab.ma:content:22ad1560e4834e9437b70536,g2560,4
mubawab.ma:native:8401654,g2566,1
mubawab.ma:native:8369377,g25,3
mubawab.ma:content:273e707f53909d56863b136a,g2570,3
mubawab.ma:content:2da0fca36a9092cb83e153a5,g2571,2
mubawab.ma:content:6e8099a79bd0805f306ee54f,g2572,1
mubawab.ma:content:d9a9e636fdbc2f6f74b6ff88,g2574,0
mubawab.ma:content:4825a4f0d396b1aef6600f1f,g2576,0
mubawab.ma:url:4c518988e6acadb6a3b2c854,g2577,4
mubawab.ma:native:8323910,g29,2
mubawab.ma:content:48ab690f1b36a1fc0b885dd8,g2580,2
mubawab.ma:content:fcdf0f4b21ad1e906c7150d4,g2581,4
mubawab.ma:content:c11894e64827e10ede302e75,g2582,1
mubawab.ma:content:e0b5990e98ef7f9c2cae2b36,g2585,0
mubawab.ma:native:8262378,g2587,3
mubawab.ma:content:0c1bb8491b47f1760c66494e,g2588,4
mubawab.ma:content:1e5b07844995363e4a38f689,g2589,3
mubawab.ma:content:6db2d3d53d380c5a100b04b9,g2592,2
mubawab.ma:content:f53bdef08a20b0a2c4ef495c,g370,1
mubawab.ma:native:8335399,g1763,2
mubawab.ma:content:8246b38491f7b8f9d35d7d06,g2595,3
mubawab.ma:native:8325320,g2596,2
mubawab.ma:content:b588ab1da4b1a6dca8d68125,g2597,1
mubawab.ma:content:f032df962fabe0a9987ff790,g2599,0
mubawab.ma:content:1e1c1eda6a4c409dc9356ce1,g2600,3
mubawab.ma:content:e004d2b0c9c3fca9360473f2,g343,0
mubawab.ma:content:fcdc9aea8a4ff9853132a0c4,g2604,2
mubawab.ma:content:cbb40649e4ed08536fb0430d,g2605,1
mubawab.ma:url:b5e790699107532ab93c7c76,g2606,2
mubawab.ma:content:c7a629371f2eaebfff89a796,g2607,0
mubawab.ma:native:8242021,g2608,1
mubawab.ma:native:8390730,g2609,4
mubawab.ma:content:e9f2baabab2dd25c0808030a,g1284,4
mubawab.ma:native:8255256,g2613,0
mubawab.ma:content:08ae7225ba3e1c30a0bfeaa4,g2615,3
mubawab.ma:content:fdc732065aa2837e2f7ba5f1,g2616,3
mubawab.ma:content:d102260697eb5a152efeb249,g2617,2
mubawab.ma:content:7320f3db196fd9aa30bc88bc,g2619,1
mubawab.ma:content:12a18ab09543910146229875,g2622,4
mubawab.ma:content:3c8cdcf238a915ed2b00f172,g2625,4
mubawab.ma:content:15d77aba0b61f0556553fd2d,g2627,3
mubawab.ma:native:8408266,g2628,2
mubawab.ma:content:f0ff85f99fcb0cef561e43bf,g2630,0
mubawab.ma:content:202562dec2208d8d4c7a97d1,g2307,4
mubawab.ma:content:a6c9b06882268abd5319dddb,g2491,1
mubawab.ma:content:3768a9ee92e59abd3e844d38,g2634,4
mubawab.ma:content:39b68bd72a94049eea9c29f3,g2635,3
mubawab.ma:native:8198715,g2637,2
mubawab.ma:content:e92c68efce3392d844eeaac2,g2639,1
mubawab.ma:content:16a794eae02e4395a5788dc3,g2641,4
mubawab.ma:content:a41353d3cf824bb687c48ca7,g2642,1
mubawab.ma:content:368ed9f79cf1773c15f440dd,g2645,3
mubawab.ma:content:29f506c59b304639e8a32b02,g2647,2
mubawab.ma:content:a123e716e9334c19ae0cf9ed,g2649,0
mubawab.ma:native:8302482,g2652,3
mubawab.ma:content:3c7b1dae8650e4916bc7fa2f,g2653,1
mubawab.ma:native:8403985,g2655,0
mubawab.ma:content:66fe51fa8cd11bd3c1ce8daf,g2656,2
mubawab.ma:content:b6800994289944fb17c6a116,g2657,4
mubawab.ma:native:8301156,g2658,1
mubawab.ma:content:349eb8f46da80211094c0c75,g2659,3
mubawab.ma:content:c4de7cf2a6475906805e190a,g2661,1
mubawab.ma:content:077e80a543dd60d6782c6e01,g2664,0
mubawab.ma:native:8359878,g2665,4
mubawab.ma:content:9083c143187f9fa6578f491f,g2666,3
mubawab.ma:content:d430d90ccfa7f40d961b27c4,g2669,2
mubawab.ma:content:6069cecedd003ec13956d2d9,g2670,0
mubawab.ma:content:6ae15e258612521f34bd8ee5,g314,4
mubawab.ma:content:a9ca385d877b6f87f1e88543,g2675,0
mubawab.ma:content:d82c7031f12e6a94791325ca,g421,4
mubawab.ma:content:87e82e2ca1d96cef326aae76,g2678,1
mubawab.ma:content:904c3871277bc3bd3b4b9258,g2679,0
mubawab.ma:content:b50c5c22a73a6b2c581e4bc8,g2680,4
mubawab.ma:content:a6071e7a1a0f056c4f7d619d,g2681,3
mubawab.ma:native:8260459,g2682,4
mubawab.ma:native:8363429,g2685,3
mubawab.ma:content:999767ef8b23978bf19c023e,g2686,3
mubawab.ma:content:ad9214eb67372d5357aa7c3c,g2687,2
mubawab.ma:native:8261561,g77,3
mubawab.ma:native:8317264,g2690,2
mubawab.ma:native:8344410,g1533,2
mubawab.ma:content:c63b5f353abfb7fc6e0564fb,g2694,1
mubawab.ma:content:b6eac9804512c99b81d02458,g2697,2
mubawab.ma:native:8400636,g2700,0
mubawab.ma:content:6b99c2c8fe9789cef128b217,g2701,0
mubawab.ma:content:a6e21f7290e620dd270d2b57,g2704,4
mubawab.ma:content:f8b517e4783811b1b67c0f4c,g2705,4
mubawab.ma:content:13267b7c430ab14e0ad17a9e,g2706,3
mubawab.ma:content:6ea633dc496b1bf14f7bd225,g2707,3
mubawab.ma:native:8311796,g2710,2
mubawab.ma:native:8173209,g2711,1
mubawab.ma:native:8379454,g2712,0
mubawab.ma:content:3dbb290c024f228d61980e0b,g2714,1
mubawab.ma:content:402cda8ee4bdc5be22f9b0c9,g2715,0
mubawab.ma:content:d0b63896310a61d5b5bde530,g2716,4
mubawab.ma:content:eb887de42be5bbc6628255e0,g2717,0
mubawab.ma:content:6e668f0408d80db3ec379ce9,g1251,1
mubawab.ma:content:1ff49b282b7486edddc657b5,g2720,4
mubawab.ma:content:88d629dd5639b7166f6ccdf3,g2721,3
mubawab.ma:content:c0db6236d9424ff578804e90,g2722,3
mubawab.ma:content:0c57ac4c67710cf757ec81aa,g2724,2
mubawab.ma:content:d3f91d2d2900eec42492e958,g2726,2
mubawab.ma:content:3900d3d38301cca5d59c3222,g2728,1
mubawab.ma:content:9c3f1f2ba3cf61154e1fdf89,g2729,0
mubawab.ma:content:b9bee9925e020ad49500e99d,g943,2
mubawab.ma:content:21732fe43a798ed494911e79,g2731,1
mubawab.ma:native:8374682,g1982,3
mubawab.ma:content:276955adb93828b6365e71c2,g2737,4
mubawab.ma:content:ad0deb358d6c9e797668bd70,g2738,3
mubawab.ma:native:8277381,g2741,3
mubawab.ma:content:0e57e5c2916dab2ba29cbbfd,g2742,2
mubawab.ma:content:036ea46992d8884487beee00,g2743,1
mubawab.ma:native:8166912,g1530,0
mubawab.ma:url:079f6c27c5df6c629af9e8e3,g2746,2
mubawab.ma:content:15190d5679235519dbe217e8,g326,0
mubawab.ma:content:df1fff925c9f8e75187b3033,g2748,2
mubawab.ma:content:3f20c0b24fcb09a6245aab30,g2749,1
mubawab.ma:native:8315280,g355,4
mubawab.ma:content:8bfe89214ebf2c295669aa08,g2753,0
mubawab.ma:content:470b88a8d181c073dda459d3,g2754,0
mubawab.ma:native:8354208,g2755,4
mubawab.ma:native:8366685,g711,1
mubawab.ma:content:46d2b01663092a8e796710ac,g2763,0
mubawab.ma:content:6778f07ec6254bd284ffd136,g2764,2
mubawab.ma:content:e8e2724971c4c23635369d21,g2766,4
mubawab.ma:native:8268536,g1599,1
mubawab.ma:content:f8a32400158e2be4764649a2,g2769,1
mubawab.ma:content:112b6dad9deffa75d08c6c89,g2771,0
mubawab.ma:content:2a2d5f9a00428d61fb73c2e8,g2772,4
mubawab.ma:native:8315708,g2773,3
mubawab.ma:content:5c1bb04b839c5d5082534f12,g2774,2
mubawab.ma:content:67b2915600f9106c188f05db,g2776,2
mubawab.ma:content:c79d8814f7cdf1e99a489488,g2777,1
mubawab.ma:url:82ef8f776fd630a0bceb546f,g2778,0
mubawab.ma:content:bbc33ea3e3f61ed7121fef0b,g2780,3
mubawab.ma:content:727e61c88c9fc082574bdfa9,g2782,2
mubawab.ma:content:9985155d37f01815ebd37e29,g509,4
mubawab.ma:content:39bf7cff3f4ed721463438e4,g2784,1
mubawab.ma:content:87d53e1ddba287cc0be685e2,g2786,0
mubawab.ma:native:8202515,g2787,4
mubawab.ma:content:160e9234dbee2b47f2ad0de7,g1064,4
mubawab.ma:content:cee5ed688bf1daf0bcd360ed,g1086,2
mubawab.ma:content:6033ddb5ec64730bdfc0e04a,g290,0
mubawab.ma:content:75daa5ff3b1020f08be99994,g2791,3
mubawab.ma:content:e39472210b142bf8876c04d3,g2792,2
mubawab.ma:content:f71dbc14570e53d76d66c170,g2794,1
mubawab.ma:content:2f351f3e5c394c6fd7e44c7d,g2799,0
mubawab.ma:content:5188b4dc30fd6f57178ecaf7,g2800,4
mubawab.ma:content:16ecc0fa37f3c87e62eade66,g1448,4
mubawab.ma:native:7427225,g2802,0
mubawab.ma:content:26dee31d3265106dff464499,g2807,3
mubawab.ma:content:85413ba13d0d025b58e322bc,g2810,2
mubawab.ma:content:df6e5635c7d977a0a022277d,g2811,1
mubawab.ma:content:3d4b94adae9629bfdce316d7,g2812,1
mubawab.ma:native:8268147,g2814,3
mubawab.ma:content:b5c9d709cc4abb656bdb79fb,g2815,0
mubawab.ma:content:29cd29cadcc15d439d89c93d,g2817,0
mubawab.ma:native:8318008,g2818,2
mubawab.ma:content:9b485996a2b7a3df3b6505c7,g2819,1
mubawab.ma:content:ea0210ab0682f612efdaffb9,g82,3
mubawab.ma:native:8365644,g2822,0
mubawab.ma:content:35f00c3a6fa154b74d8dfdc0,g2824,4
mubawab.ma:content:9bed578ce8792c01bca4e7fa,g2825,2
mubawab.ma:content:c8f0662d62aa9fd6ff59dc03,g2827,3
mubawab.ma:content:c6701cf522944678fd147619,g2829,4
mubawab.ma:native:8341226,g2741,3
mubawab.ma:content:6959e16f735eec5c3a753c37,g2836,4
mubawab.ma:content:64d60901889c9579e778b0d0,g2837,3
mubawab.ma:content:76d67a6be9efc98fe16b5c4b,g2839,2
mubawab.ma:content:a0a4fd1b5f0ac6d2e0d62466,g2841,1
mubawab.ma:content:aad380fc21e889c0b1cb1008,g2845,0
mubawab.ma:native:8241101,g2846,2
mubawab.ma:content:a2ebada2239e92aa46b7054b,g2848,3
mubawab.ma:content:f492d1e9fbde204cc6e1236e,g2851,4
mubawab.ma:content:2c33f1e0a7230b7c977e3299,g2852,3
mubawab.ma:content:ed99d078ed9e785f4d87cf6d,g2658,1
mubawab.ma:content:9d88b7e1a83b56395f61c193,g2859,2
mubawab.ma:content:669f42847c25084de9618422,g2862,0
mubawab.ma:content:59efa50db8274908d0510a19,g2864,4
mubawab.ma:content:666ea0ffb6088c020b317e6e,g2866,3
mubawab.ma:native:8383547,g2867,2
mubawab.ma:content:ef7af40663b708f9efc47588,g2876,1
mubawab.ma:content:9dffddde6efef79eaf1d1bd1,g2877,0
mubawab.ma:native:8320580,g2880,4
mubawab.ma:content:5766b91402084564f8ba1106,g2882,3
mubawab.ma:content:45b0051fac8f64f45fec321e,g2884,1
mubawab.ma:content:408b4be0cde9dc475b5ce885,g2885,2
mubawab.ma:content:c3a9f78f7ab89d56aeb7b855,g2886,1
mubawab.ma:content:aa38073c3c664aaab088b921,g1017,2
mubawab.ma:native:8348094,g1957,1
mubawab.ma:content:5aa1e91b65d419de863db39a,g2890,0
mubawab.ma:content:3210f70cd3830e528fae7840,g2891,4
mubawab.ma:native:8306433,g2892,3
mubawab.ma:content:bb748a5628eddd0e06b289bb,g2894,2
mubawab.ma:content:6487ef45342759c63e781290,g2898,1
mubawab.ma:native:8294469,g2900,0
mubawab.ma:content:fbf7cb9fc2f5e096a7955fe9,g2902,0
mubawab.ma:native:8373243,g2906,4
mubawab.ma:native:8265995,g2907,3
mubawab.ma:content:4309d50608c2d2274d84ec6e,g2909,3
mubawab.ma:content:5b9d9c013d0c610981aef855,g2910,2
mubawab.ma:content:520fa892ebac6aebaeecf022,g2911,1
mubawab.ma:content:bd463927b2f8c398310d33d1,g2912,4
mubawab.ma:url:f875abfb3462feb712ff8560,g2913,0
mubawab.ma:native:8094594,g2914,3
mubawab.ma:content:80151d90872eacdeb14fbdaa,g2917,4
mubawab.ma:content:85a6889921d8f1b9fcbeff86,g2918,2
mubawab.ma:content:ee89a3be54622624ded3d214,g2919,3
mubawab.ma:content:3b695f043b44eddf8a7a76ac,g2920,2
mubawab.ma:content:4539261c794b8c7912020b92,g2921,1
mubawab.ma:content:5360b78126d3d2b32c0b7ba0,g2922,2
mubawab.ma:native:8406294,g2923,0
mubawab.ma:content:c78eba551476d9a83dbcceaa,g2924,1
mubawab.ma:content:0ce37a2b6297961baf9f9c62,g675,3
mubawab.ma:content:d18e26c3bac9cd47e64b46a2,g2928,0
mubawab.ma:content:2447492f6c1486d9429e01a1,g2929,4
mubawab.ma:content:a92c9a78777b793b9decfbfb,g2930,3
mubawab.ma:content:4b048db5784bca4b6aa195ff,g339,3
mubawab.ma:content:6ca24d036201f375b44c0c88,g2935,1
mubawab.ma:content:e6244762d625fa3da2b62b16,g2938,4
mubawab.ma:content:6ede8b9eab217be04e496982,g922,3
mubawab.ma:content:06fbc2de6587e1fd48ab704b,g2940,1
mubawab.ma:content:5180a9639147866bbd3213a1,g2941,0
mubawab.ma:content:2254363a057bb80fbcf57013,g2943,4
mubawab.ma:url:c9d30af81d9b6686b9370ace,g2945,3
mubawab.ma:content:2e94b4bf889b2176c82a1e4e,g2946,3
mubawab.ma:content:1671e29c684b922f50d121a6,g2949,2
mubawab.ma:content:9195365ba003270510afc85a,g2951,1
mubawab.ma:content:22a7db40247b2e445009f929,g2952,0
mubawab.ma:content:6bc1174fb45056c5ee2d506a,g2957,2
mubawab.ma:content:3518417067564603638e63ac,g2958,4
mubawab.ma:content:63a8fdb7f0e99a81daf6d225,g2959,3
mubawab.ma:content:c6c102ec8bd5e5a1c71e6126,g2960,2
mubawab.ma:content:45e896df9697243fddccc6b2,g2961,1
mubawab.ma:content:1f95be47db3a49e2c552d346,g2962,0
mubawab.ma:native:8311888,g2963,2
mubawab.ma:content:0bcd51be1d14599c9abaf8bb,g2965,4
mubawab.ma:content:76fdebb5f4b6575ab72095d9,g2967,3
mubawab.ma:content:66adc7a899017aa26bf201a3,g2968,2
mubawab.ma:content:8904555ec25f07c53c91e3c4,g2970,0
mubawab.ma:native:8376388,g2971,4
mubawab.ma:native:8358124,g2975,4
mubawab.ma:content:62269af82d0bf3be97aeab1b,g2976,3
mubawab.ma:native:7919562,g2978,2
mubawab.ma:url:aac7e80a2e0ac932ea390eb2,g792,3
mubawab.ma:content:22d657435fec0f934eed4a19,g2981,1
mubawab.ma:native:8398853,g2982,1
mubawab.ma:content:321507b468e4d79bf041640c,g2984,0
mubawab.ma:url:9682a7010a151e9540aeb744,g2985,0
mubawab.ma:content:1ba386c97fed9d5629426dbe,g2986,1
mubawab.ma:content:9485e75372a7b1394902e9fb,g2987,4
mubawab.ma:content:56eed8b680527713d6cfd487,g2988,3
mubawab.ma:content:08fa97d51a15478d2a9192c7,g2989,2
mubawab.ma:content:eb0ffa4c976662bd20eb03ad,g2991,1
mubawab.ma:content:e4f56b665924dd409163022a,g1454,2
mubawab.ma:native:8397941,g2993,0
mubawab.ma:content:4241d622bf9996f4581cb67c,g2994,4
mubawab.ma:content:c48411a28d69321e8759099c,g2995,3
mubawab.ma:native:8196769,g2928,0
mubawab.ma:content:bb7b308e95e0fa6dcff8ae7e,g3002,1
mubawab.ma:native:7673312,g3004,0
mubawab.ma:content:19961759ca845ac0cd488170,g3005,4
mubawab.ma:content:3e4a8f4a37008bc4e3c2bce4,g3006,3
mubawab.ma:content:e35c72f41843e34f592ad86b,g222,0
mubawab.ma:content:5d631b5c9d4ec1f1e202f04c,g3013,2
mubawab.ma:content:abf970ac7c11e0a5267e7d21,g3014,1
mubawab.ma:content:e1c2dfb1f7c0a2cc96a356f4,g3015,3
mubawab.ma:content:3e3a483d16dfc7f5d74f798f,g3018,2
mubawab.ma:content:717a682fe5cfd8c0018150fe,g3020,1
mubawab.ma:content:59eee5e83e1bf0e37251fcee,g3021,4
mubawab.ma:content:6d46b9c78595dfde8c51fc5e,g3022,3
mubawab.ma:native:7979666,g3023,0
mubawab.ma:content:7194cad52454cb57e38da61e,g3024,3
mubawab.ma:content:e790160cadef68ba794d7472,g3026,2
mubawab.ma:content:9b761b2e87b31b36f09480dc,g3027,1
mubawab.ma:native:8407830,g1501,1
mubawab.ma:content:1f4dec536a5ee588fe070d77,g3031,4
mubawab.ma:content:155e62ab5beda39bad957fff,g3032,0
mubawab.ma:content:17f36df2d541504ab01d32f6,g3033,3
mubawab.ma:content:8a5056d2957d855d37f4406b,g3035,4
mubawab.ma:content:4d4b0de8ecdb500126b5e86c,g3038,3
mubawab.ma:content:19cec6b14e2996d17d25209d,g3039,2
mubawab.ma:native:8404817,g3040,2
mubawab.ma:url:e2192f1c7bd0b60389319d4c,g3043,1
mubawab.ma:content:fd3e5727160ed7eaddff2f1c,g3045,0
mubawab.ma:content:ca95cd77415cb5ccaf2f0af7,g3046,1
mubawab.ma:content:fc86ff5bd54e588c020386bd,g3047,4
mubawab.ma:content:2f918c1b948bf50e071d91dd,g3048,0
mubawab.ma:content:7764360548e4bb28c7b193d7,g3049,4
mubawab.ma:content:14066573e811f4e3d2f26f31,g3050,2
mubawab.ma:content:d09a8c124564aa2cb192d4dc,g3051,1
mubawab.ma:content:c625f1084c5a95accfca35c5,g3054,0
mubawab.ma:content:31f8422c2e0c849a5ddcbaf0,g3055,4
mubawab.ma:content:375ce5444f47f135f929b547,g3056,3
mubawab.ma:content:d0327483ec7558f15edee113,g3057,2
mubawab.ma:content:da37b48adacd8bfef1db4144,g3058,1
mubawab.ma:content:dd2220b0e0769071bb8cc856,g3059,3
mubawab.ma:content:46006b4461f62dc676c91aec,g3060,0
mubawab.ma:content:267ffe2e8b73d1098260f701,g3061,4
mubawab.ma:content:dc2cdd8f712dd2bd58bbb4b5,g3062,3
mubawab.ma:native:8265130,g3063,2
mubawab.ma:content:92b6fa1ffcce032b1f48c721,g3065,1
mubawab.ma:content:8724a4686fdcd2b907b4976c,g3066,4
mubawab.ma:native:8354475,g3067,3
mubawab.ma:content:6d98b9fd27a085d77dd91362,g3069,0
mubawab.ma:content:ef50cd2ccf0de315ae8280b7,g3070,4
mubawab.ma:content:7cafd809481b23f20636665c,g122,1
mubawab.ma:content:667d598d433bd62120a742c5,g3074,2
mubawab.ma:native:8326299,g3077,3
mubawab.ma:content:e60061e911be24ad24256153,g98,0
mubawab.ma:content:0e5502b3ae19836c468dc854,g3082,1
mubawab.ma:native:8394854,g3083,0
mubawab.ma:url:de04bbb2a6025664c0c2ceb6,g3084,1
mubawab.ma:content:2eec2cbf37a50db9deb5c7d1,g3085,4
mubawab.ma:content:8fa156f009d5c033bce2783e,g3086,3
mubawab.ma:content:03778ad963976264eb22ceda,g3087,2
mubawab.ma:content:791648a08669fdb452be2ac0,g3088,1
mubawab.ma:content:87ee8a19c9689586a32025c0,g3089,0
mubawab.ma:native:8381561,g3090,3
mubawab.ma:content:08b2623579a56c385ed2d024,g3091,2
mubawab.ma:content:b82c55982cb4a1abb2769710,g3092,1
mubawab.ma:native:8260639,g3093,1
mubawab.ma:content:924ea93c65af2eea0ba8f42c,g1130,1
mubawab.ma:native:8405544,g3096,0
mubawab.ma:content:340a871b598436cc0472ea4e,g3097,0
mubawab.ma:content:8de7c5fd59a713c7d18be88c,g3100,4
mubawab.ma:native:8394615,g3101,3
mubawab.ma:content:1eea148dc8636dc8214fc05e,g3103,2
mubawab.ma:content:0b2c5a3fb56d638d51374c07,g3104,0
mubawab.ma:native:8309889,g3105,1
mubawab.ma:content:95326b8338b14ea4a3177e48,g3106,0
mubawab.ma:native:8399291,g3107,4
mubawab.ma:content:f5b97fd99805e47367d65808,g3110,2
mubawab.ma:content:809ca4647843a665fe06a5d1,g3111,1
mubawab.ma:content:dc88c67537c5b1003fded1cb,g502,3
mubawab.ma:content:e0ec61c3ba276483b48c217d,g3113,3
mubawab.ma:content:7c69f6624d3a49fa0ae527a4,g3115,0
mubawab.ma:content:c7d8dca08d820560a49a1e4f,g3116,4
mubawab.ma:content:e9e8e5e9dd1f4696564c0eeb,g3120,1
mubawab.ma:content:121c7d8efec66a32092ea45e,g3121,0
mubawab.ma:native:8394469,g3122,3
mubawab.ma:content:e029ea3c91e30e26e807b53c,g3123,2
mubawab.ma:content:2607be5f52d881c33cbc864c,g3125,4
mubawab.ma:content:75b3a8bc09f648cc028ed374,g3127,1
mubawab.ma:native:8380039,g3128,0
mubawab.ma:content:f9d524bbebb52499788105af,g225,3
mubawab.ma:native:8396689,g3131,4
mubawab.ma:content:8782fcfd604bb2b893869b49,g3132,3
mubawab.ma:native:8386178,g3133,3
mubawab.ma:content:be0b46614d61a7f80144a107,g1416,0
mubawab.ma:content:55fbe328832102cc39345b7f,g3135,2
mubawab.ma:content:0caea8a86faa9a9ed0c18817,g3136,2
mubawab.ma:content:8dfcbd15653c24956ce84610,g3137,1
mubawab.ma:content:44f260fc82f642fb641f6c8e,g222,0
mubawab.ma:content:e94b2e9e95f1519b37434a28,g3141,4
mubawab.ma:content:0e991deb59dc28a78b3e2ee3,g3145,0
mubawab.ma:content:ba696b4175b3e86477da9941,g942,0
mubawab.ma:native:8401664,g1193,4
mubawab.ma:content:d88f1f97bfa1725124b6d300,g1460,0
mubawab.ma:content:a2e4ae374cf03e547720cda3,g3150,4
mubawab.ma:content:b7360ef37d8eaa71e8c9b4f5,g3152,3
mubawab.ma:content:40795d1ec6742665618932cc,g3153,2
mubawab.ma:content:3a51e00ca242e70dd290a4e9,g3154,3
mubawab.ma:content:48c1f29fe45d972f72353738,g3157,1
mubawab.ma:content:a192891b467b559bdb60943b,g3161,2
mubawab.ma:content:9e647f783bed006a0f02a1bb,g3162,0
mubawab.ma:content:cb92f04c70807c25b9488913,g3163,1
mubawab.ma:content:d0985865f5a1f72aea4d84ba,g3165,0
mubawab.ma:content:d7e2d8ff7a5288f95af849de,g3166,4
mubawab.ma:content:07244dab07fe84bd17643932,g3167,3
mubawab.ma:content:3b3f6d71e7c6a4f12edb161a,g3168,2
mubawab.ma:content:af8bf1ef749fde7547d26074,g3169,1
mubawab.ma:content:78d273295da753d74bf6a779,g3170,0
mubawab.ma:content:1e0f163158f0972347b07c1d,g3171,4
mubawab.ma:content:6ad90c13926cf2fe31af59a8,g3172,4
mubawab.ma:content:880d95209401847bc33b6886,g3173,3
mubawab.ma:native:8386171,g3175,3
mubawab.ma:content:e8413c76414d0cbad745f2e5,g2307,4
mubawab.ma:content:db9b5a8d2bbe9367342f9f02,g3180,2
mubawab.ma:content:efe2261db3f9a1eacf057193,g140,3
mubawab.ma:content:59e4fce7d0805a5e2dc005ca,g2656,2
mubawab.ma:native:8402106,g3184,2
mubawab.ma:content:a422dc6ee725031ca71fd541,g3187,1
mubawab.ma:native:8360306,g3188,0
mubawab.ma:content:7251edb78429c5f8528b7ca5,g3189,4
mubawab.ma:content:f91c130e85ec11ae9ca94585,g465,1
mubawab.ma:content:8ed5fd1fa82eeae46cb08703,g1395,0
mubawab.ma:content:954eec41f09cb4156918986e,g3198,3
mubawab.ma:content:41a2a59f2ba564eb86052107,g96,2
mubawab.ma:native:8089596,g2383,3
mubawab.ma:content:b10a3fdb1fc62b1a7e714946,g3204,0
mubawab.ma:content:68e37f556e9ca9faa2bd31b2,g3209,2
mubawab.ma:native:8389954,g1145,3
mubawab.ma:content:4535a32891bac4308b5e15ec,g3215,0
mubawab.ma:content:256d63fff502bc9a72f6b7e4,g3217,4
mubawab.ma:content:2c028b1209e1679296d92ace,g3220,3
mubawab.ma:content:852b0d87e936027e0a54c28a,g762,4
mubawab.ma:content:2e0b513609d909522762e748,g3222,2
mubawab.ma:content:0d69fd92f3ae709cba41bde3,g3226,0
mubawab.ma:content:73e6ef3b24cfcd0ef5e24b64,g1891,0
mubawab.ma:content:a46fe89a68711ac64485d236,g3229,4
mubawab.ma:content:edf251e1a8c67983514a42f0,g3232,1
mubawab.ma:native:8380573,g3233,3
mubawab.ma:content:c02fb6686a488c354b0f2afa,g3236,0
mubawab.ma:content:6b65ee04007e3750f891676d,g3238,4
mubawab.ma:content:feaf18c5087f4b17d957ce8a,g3239,3
mubawab.ma:content:1ab94e0dcc9a213fbe4637e9,g1496,1
mubawab.ma:native:8275440,g2089,3
mubawab.ma:content:73764afc8e8c49c166f52b83,g3243,2
mubawab.ma:content:1382755f2849af9ea1bbbb20,g3248,1
mubawab.ma:content:0425402102d7d28201d8db17,g3249,0
mubawab.ma:native:7629450,g3251,4
mubawab.ma:native:8360266,g3252,4
mubawab.ma:content:8fccb7caf2caa25b0eaf4375,g3254,3
mubawab.ma:content:78519ccdf81c990b5b7d35de,g3255,2
mubawab.ma:content:d5ea65128068e469ea29070c,g3256,3
mubawab.ma:content:5d0b3b6215de9feb3a51ee0c,g917,1
mubawab.ma:content:f8d06cd12b904284c59e12b1,g3258,2
mubawab.ma:content:a0f2aad7c8a8465fce73fa81,g3259,1
mubawab.ma:content:63cd60730e932191694f9e44,g3261,0
mubawab.ma:content:21bc3f5dcab34e09bb938fbf,g1862,3
mubawab.ma:content:6308fa8c3af40a9fc7fb0b92,g3264,4
mubawab.ma:content:3c3ba4036be4d878a5d75f5e,g3267,3
mubawab.ma:content:35530fe7ce9a67b1030ea034,g3268,1
mubawab.ma:content:3de7a80dc074535106c01ae2,g3269,2
mubawab.ma:content:6e9e09977767ac5332e9c8d8,g3270,1
mubawab.ma:native:8407368,g269,1
mubawab.ma:content:4aa3600c71b54d9ffd8fc518,g3272,0
mubawab.ma:content:8e7f0db7f98719ed234d513e,g3274,0
mubawab.ma:native:8143329,g2266,3
mubawab.ma:content:824e9a50a2fb4e9a4215626b,g3280,3
mubawab.ma:content:9f011fbb1fa22393d3c71488,g3283,2
mubawab.ma:native:8266291,g3286,1
mubawab.ma:content:fb9e138ec0097cbe5ae8ff72,g3287,0
mubawab.ma:content:7fd7e6aef0a9827a213d0c3c,g3288,4
mubawab.ma:content:366b0b84f4cff05c6117dd61,g3289,3
mubawab.ma:native:8383535,g3290,2
mubawab.ma:content:62ca086fd1bc5e1068fe9979,g3291,1
mubawab.ma:content:9272a5692233a22d2e9aab9b,g3292,0
mubawab.ma:native:8300029,g3294,4
mubawab.ma:native:8361289,g2030,4
mubawab.ma:content:2a48c35331278b5197484272,g3299,2
mubawab.ma:content:30a64b02e1464d194393f214,g3300,3
mubawab.ma:content:b9117f8b94f4aad5c9d22828,g3301,2
mubawab.ma:native:8320051,g3302,1
mubawab.ma:content:d2377324a2e2f29aa293743b,g2136,0
mubawab.ma:content:54e960b61f6d1ac343edcc55,g3306,2
mubawab.ma:content:d2af68574dddea8053e52889,g3046,1
mubawab.ma:content:3062d2abcbf82a35b05ddeed,g1854,0
mubawab.ma:content:722f79d93d5764b7b13ee913,g3312,1
mubawab.ma:content:802aa1d853cb4c0f5e855f0b,g3313,0
mubawab.ma:content:2f0e0705e6d04f5f17b7a8cc,g3315,4
mubawab.ma:content:83082953de8031772343d39f,g3316,1
mubawab.ma:native:8271169,g3317,3
mubawab.ma:content:9b276276cb2af2c7a92fcaa6,g3318,2
mubawab.ma:native:8385809,g3319,1
mubawab.ma:content:c94f83cd64b03257108048de,g3320,0
mubawab.ma:url:f29798c27f00de6b452478f1,g3321,4
mubawab.ma:content:35a9869b14d3b9d32a915a58,g870,0
mubawab.ma:content:f877a4013c4f4c0c0b37b296,g3324,0
mubawab.ma:content:b5e9d08f0ec77446c545a4c0,g3325,3
mubawab.ma:native:8148632,g3154,3
mubawab.ma:content:3e0005d2e01b1adb8023bec7,g3328,2
mubawab.ma:native:8355499,g3330,1
mubawab.ma:native:8375768,g1950,3
mubawab.ma:content:7c7955340f1d8f3c8ae729fe,g3333,0
mubawab.ma:content:fd9f688c40ffa682931e47ad,g3335,4
mubawab.ma:native:7937692,g3336,3
mubawab.ma:url:019c43ad354561102e081234,g1228,1
mubawab.ma:content:07142f4a2f74083d1ce6e184,g411,0
mubawab.ma:content:69e86f9d2597101b5394ac15,g3339,2
mubawab.ma:content:55baaf4643cffbf6636a461f,g135,2
mubawab.ma:content:fc02d82f2d986f6325ec1d16,g3341,1
mubawab.ma:native:8259376,g3344,1
mubawab.ma:native:8251196,g3345,0
mubawab.ma:content:c16f14d754745d6e4288c2e8,g268,4
mubawab.ma:content:f6a307e302da8403e0f6304b,g3350,3
mubawab.ma:content:cef28d3f47116a7ca5d1dd7f,g3351,2
mubawab.ma:content:e55ab2fd7fd7756abe55bd01,g3352,1
mubawab.ma:native:8358841,g586,4
mubawab.ma:native:8377812,g3354,4
mubawab.ma:content:8e1c3b8521b075a684cfb0fd,g3356,3
mubawab.ma:content:907078785d269d76c1446864,g3360,0
mubawab.ma:content:b985ffd8709918ba473d2b73,g3362,1
mubawab.ma:content:bf574e3cf94580a29de72dca,g3363,4
mubawab.ma:content:c6d12179f5579ee105249302,g3365,3
mubawab.ma:content:1dab2a30772f9f9955df441a,g3366,2
mubawab.ma:content:54e38b49f2501509a5041f71,g3367,1
mubawab.ma:content:2d69e8ed52e3c0026575151d,g1925,1
mubawab.ma:content:5f6e362340b6119cb7da2de9,g3369,0
mubawab.ma:content:ca097cb4e419e2aacc2590e2,g306,2
mubawab.ma:native:8031497,g3371,4
mubawab.ma:content:b0f840b84038f8fcfb1ea93c,g3372,3
mubawab.ma:content:aeae3fce0c8a58bb6189bbf3,g3373,2
mubawab.ma:content:d4346b842a6bfb08c50bec21,g792,3
mubawab.ma:content:86675e45b33d10dfe6fc0f6f,g3376,1
mubawab.ma:content:05d96ceda2dea2621f00e950,g3377,0
mubawab.ma:native:8248246,g3378,0
mubawab.ma:url:744d1f3eb73f285fad6d89c2,g48,2
mubawab.ma:native:8189557,g3380,3
mubawab.ma:content:dba757fdf7f6facc1d85fa7a,g3381,4
mubawab.ma:content:34a9284e08cfdf85885143e2,g3382,3
mubawab.ma:native:8261058,g3384,4
mubawab.ma:native:8373072,g190,4
mubawab.ma:content:390b4f5e317e8c83de3f01c5,g3386,2
mubawab.ma:content:dd2664a4639ef54afbe5415d,g3388,1
mubawab.ma:content:318280997a8d831a348e0926,g3391,0
mubawab.ma:content:10fe551dc7fe4234a9ce4d74,g2642,1
mubawab.ma:content:0e5d23abb67667e503f3480d,g3393,4
mubawab.ma:content:4c7f0cbf98ca65aebe3f2c02,g3394,3
mubawab.ma:native:8264287,g447,2
mubawab.ma:content:18c3cc12fa6b0c2e402de2d4,g3399,2
mubawab.ma:content:ae685f6aa0f4217e148c08ca,g3400,0
mubawab.ma:native:8287609,g3401,2
mubawab.ma:content:fab0b62bea8aca5465befc49,g3402,4
mubawab.ma:native:8207037,g472,1
mubawab.ma:content:25e4b70b8ca5a98e6c351c43,g3404,3
mubawab.ma:content:0273596d26edcc6a8cf3867d,g1130,1
mubawab.ma:content:50cc78b44b98b8e43730d1e8,g3407,2
mubawab.ma:content:b69aad5341acabac22d637bd,g3408,1
mubawab.ma:content:b4d5c1ff576c1cb7079a971e,g3409,1
mubawab.ma:content:c99f84438d9737f6ee5d9afb,g3410,4
mubawab.ma:content:4417a88cf594b20ce4d8d724,g3414,3
mubawab.ma:content:051dd7d4213c7459bdd38236,g3417,2
mubawab.ma:content:959c52d2dff10282a5fc0cca,g3419,0
mubawab.ma:native:8387425,g3421,1
mubawab.ma:content:29db45a3e3a0bec741f845bb,g3422,0
mubawab.ma:content:014e1ffc224fa15ce76dc779,g3423,4
mubawab.ma:native:8264066,g3424,4
mubawab.ma:content:506f3a6d4a04e20a7721521e,g3425,3
mubawab.ma:content:4127b2564004a6e99f55a4cf,g3426,2
mubawab.ma:content:f19be6b74725fca172810a23,g1691,4
mubawab.ma:content:156eea57213a3e5ae09f1758,g3428,3
mubawab.ma:native:8407936,g3429,1
mubawab.ma:content:39fcb00e0d7cde6bd6e29b5f,g3430,0
mubawab.ma:native:8374112,g2091,0
mubawab.ma:content:85ca4da294a3502d3186810a,g3435,4
mubawab.ma:native:8036481,g3436,0
mubawab.ma:url:d26c681bb0d7922390cb2371,g3437,3
mubawab.ma:content:8b1e0e7dd5991f1326f10bf3,g3439,2
mubawab.ma:content:05dae717d2239ac09dba9cdd,g3441,1
mubawab.ma:native:8161849,g3442,0
mubawab.ma:content:2cd909c8dc3be76337bd8156,g3443,4
mubawab.ma:native:8370171,g974,3
mubawab.ma:content:529ef1ef5b1ba93ca4498f1d,g3447,3
mubawab.ma:content:d16549acab4368d896677f14,g3448,2
mubawab.ma:native:8400762,g3451,1
mubawab.ma:native:8387094,g3452,0
mubawab.ma:content:5880d691d937c991a3462165,g3454,4
mubawab.ma:content:949fa87d0371af6a9b07d0a6,g3455,3
mubawab.ma:content:138c855555f2644955503ec3,g3457,1
mubawab.ma:content:2d9716d1379a2c7491ef4961,g3458,2
mubawab.ma:native:8406406,g3459,1
mubawab.ma:url:5d5d43a5539d86930d53ab94,g3460,0
mubawab.ma:content:7beb8df6c5e636c6413006f8,g3461,0
mubawab.ma:native:8261525,g974,3
mubawab.ma:content:8c02426e0bb355c54b84f163,g3464,4
mubawab.ma:content:79d3db7009b7929139d1e366,g2746,2
mubawab.ma:native:8316783,g3466,3
mubawab.ma:content:a5c9ed5964e42020063c1bd4,g3467,2
mubawab.ma:content:39c18302bb3b85776639405e,g3468,1
mubawab.ma:content:820db1e4788f7bf0239721c6,g1912,1
mubawab.ma:native:8163132,g3470,4
mubawab.ma:content:18a5effc02e648afc4cc8048,g3471,2
mubawab.ma:content:10e0b3932fbd47f596238f31,g3472,4
mubawab.ma:content:cfe656f836b72d714c45cc8e,g3473,3
mubawab.ma:content:7aa1139806903d070c6f453a,g3476,2
mubawab.ma:content:dcc28dd6ffebe206337f95ce,g3477,1
mubawab.ma:content:89fc38f0062a7a5543832f03,g3479,0
mubawab.ma:content:2fad0501a73f1a9aeba6d662,g3481,0
mubawab.ma:content:c44a7b53cb99dc4c9340a556,g174,4
mubawab.ma:content:690adf4a736e7be36a118ff9,g3484,4
mubawab.ma:content:381bce187636d052ba9e6bf4,g3485,4
mubawab.ma:native:8384995,g3487,3
mubawab.ma:content:13df8793843e476508c2d63c,g575,0
mubawab.ma:native:8142527,g2537,3
mubawab.ma:content:1ae7e8efa2a3333622e59f95,g3492,1
mubawab.ma:content:ab75fd43aace9efcbc2ba46c,g3495,0
mubawab.ma:content:a5de4ebf858ea2a2e72d6548,g3497,4
mubawab.ma:content:aae52560d85c53f4cf4f1a2a,g3500,1
mubawab.ma:url:c82f1d0546c986ce06201d0a,g3501,0
mubawab.ma:content:bee3d0f65c14e7a1f1f958d2,g3502,3
mubawab.ma:content:0e554c1a9ad387f31d326b00,g36,0
mubawab.ma:native:8349192,g2140,3
mubawab.ma:content:964cd60d890581ecb7a7f2df,g3508,4
mubawab.ma:native:8255435,g3509,3
mubawab.ma:content:f20d5c0be8e8c9eb1fd2c5e8,g3511,2
mubawab.ma:native:8248700,g3512,2
mubawab.ma:content:025fd77da95254476ac813b7,g3513,1
mubawab.ma:content:1ee608f32a24db3abb1c8dcd,g3514,0
mubawab.ma:content:37f1993beacbc8196d8e873a,g3516,4
mubawab.ma:content:47c61ab95fc3a67c8376be93,g3517,3
mubawab.ma:content:0a937fb5ad49db4f99f90245,g690,4
mubawab.ma:content:70d7155e11c9d9fb8b3e06c9,g3522,1
mubawab.ma:native:8271297,g2912,4
mubawab.ma:content:906b1ea1deba5ce1d44fc249,g3524,1
mubawab.ma:content:00f659ca0203bf63fbb9ecf0,g3526,0
mubawab.ma:content:e0288f918920c00ad4b2402d,g3528,4
mubawab.ma:content:8f406130fd78da9558d706d4,g3529,3
mubawab.ma:native:8383283,g3530,2
mubawab.ma:content:0ad84d31a85631c5da713045,g3532,1
mubawab.ma:content:5c2defea8fb16a0317da1d43,g3533,0
mubawab.ma:content:8fa2ff372d8f404f27e46025,g3535,4
mubawab.ma:native:8374052,g3536,3
mubawab.ma:native:8372956,g3537,2
mubawab.ma:content:2b5a31c502ee1a254d025338,g1026,3
mubawab.ma:content:4721c0dff17b1369b2242f9e,g3540,1
mubawab.ma:native:8155882,g3541,1
mubawab.ma:content:4ff4159e8214edcdf45bd24d,g3542,0
mubawab.ma:content:5bb87be7ca39c8c65d4eb605,g3544,0
mubawab.ma:content:5ebcd4f9cea01393a57b96b6,g3545,2
mubawab.ma:content:09521dd2c4d62f07506b0630,g3548,4
mubawab.ma:content:b325ab32bfe68f7d836cac8e,g3549,3
mubawab.ma:content:7fd7cb70962984a1943a9d4c,g3551,2
mubawab.ma:content:7e90ff6de43d2147a03d214e,g3554,1
mubawab.ma:content:510c16bb43d51a5b25f954e4,g3555,0
mubawab.ma:content:0014ecc8137279ab4e54ce08,g3556,4
mubawab.ma:content:5dc6f5f7cd81d974ca15e8c9,g3558,3
mubawab.ma:native:8155919,g2776,2
mubawab.ma:content:e636519d123f6c8ad35d29e9,g3563,2
mubawab.ma:content:9c35fadcc1a9c3397727f80b,g3564,1
mubawab.ma:content:fc061ff2b529cd6a86f2e552,g3565,0
mubawab.ma:content:c6854f0c96e9d53145eca6ef,g3567,4
mubawab.ma:content:b417a46f55b882fe3643ddcd,g2819,1
mubawab.ma:content:0fefc541913c2a8f266c66b2,g3570,4
mubawab.ma:content:23cdea9023d832ecb899825a,g3571,3
mubawab.ma:content:8cc8dfbe34f94777c74188f0,g3573,2
mubawab.ma:content:55daa000cebd976eb2714bb0,g3575,3
mubawab.ma:content:070a36ef86cf11ffc711a9e1,g3577,1
mubawab.ma:content:4c01b8872d3859741fe343d3,g3578,0
mubawab.ma:content:57835c0389dc8812b54900d1,g3581,2
mubawab.ma:content:6f2fc85648c2743e8d51bc38,g573,2
mubawab.ma:content:de41f8ac7c50cf551383a864,g3583,1
mubawab.ma:content:ba6894dd2c4ac53245b355d7,g3584,1
mubawab.ma:content:6cbad96286f37f7d24c4983a,g3585,4
mubawab.ma:content:c4aad68fd0e6f3826b9eec12,g3587,3
mubawab.ma:content:170874781ed734f580a2ac8b,g3588,2
mubawab.ma:content:06c51aff96795e5fed403b01,g3589,1
mubawab.ma:url:cd3f31914084c18f8fe89d31,g3590,0
mubawab.ma:native:8383713,g3592,4
mubawab.ma:content:e4df0491f8cd7d8bd1abb954,g3593,4
mubawab.ma:content:3dabadb0a31c63c50de80016,g3594,3
mubawab.ma:content:06707ee3bda45b072a90397f,g8,0
mubawab.ma:content:c10572baec090e6ce480f437,g3596,2
mubawab.ma:native:8293462,g3598,3
mubawab.ma:content:5e54da64d4505bf05fae7996,g3599,1
mubawab.ma:native:8204965,g3601,2
mubawab.ma:content:e985ec97e5fb92e08dc17081,g3603,0
mubawab.ma:content:fa9268fe1d4e1434df058172,g3607,1
mubawab.ma:content:f5e143670c928884684287e8,g3609,4
mubawab.ma:content:e1a2f1a2f94318d0bcde55f1,g3163,1
mubawab.ma:native:8261509,g3612,4
mubawab.ma:content:fcab687a4ee14503f4b03370,g3615,3
mubawab.ma:url:ec751a9cc8b46c03ac6509b1,g3616,2
mubawab.ma:content:b0e9e22d687663ed50d332ab,g3618,3
mubawab.ma:content:a02f73bbbc20c99b14358e56,g2724,2
mubawab.ma:content:0d899ce87f4a4c25fd8a2db1,g3621,2
mubawab.ma:content:620b21b4c7a2243352f89300,g2836,4
mubawab.ma:content:17e3f29134283324c7a84064,g3625,0
mubawab.ma:content:28f4593242220740d014194c,g3628,1
mubawab.ma:content:22ae0b0ececf6b86355b4062,g3629,0
mubawab.ma:content:140c0b3e077acaecd092ab05,g3630,4
mubawab.ma:content:4b6b0f28c49e0c724ce12078,g3631,3
mubawab.ma:content:accf33cfe94d1af712e65fe0,g3633,1
mubawab.ma:native:8386720,g3636,2
mubawab.ma:content:522174a682cb0c7b265b46b7,g3637,1
mubawab.ma:content:184f7d57e58982bbef3403f1,g3639,0
mubawab.ma:content:82c57cca6e984c0acf9bd41a,g3640,3
mubawab.ma:content:329faa1b358862888858b72b,g2827,3
mubawab.ma:native:8295672,g912,2
mubawab.ma:content:be5a52c54abc84560cfa88f2,g3644,2
mubawab.ma:content:a83b9893132724630144db1f,g3645,1
mubawab.ma:content:db9331cc1403354cdfc8714d,g3646,3
mubawab.ma:content:130b15e7ccc47f4de0d989b6,g444,3
mubawab.ma:content:d0d72b5c35b63811a6c93033,g3648,0
mubawab.ma:content:299111790948614236775b84,g3649,4
mubawab.ma:content:59c9f0fa68a9b52e6f389572,g3651,2
mubawab.ma:native:8350759,g2509,1
mubawab.ma:content:75be6a756e086fcd8e787c77,g3653,1
mubawab.ma:content:1d4c92193a3c22e442050a76,g3657,2
mubawab.ma:content:7edbd30481e6cd5083e97151,g1759,0
mubawab.ma:content:2dc11fb1aa0f49a374405ea2,g3659,0
mubawab.ma:content:358fa1afd725cd1a8a46e8b8,g3662,4
mubawab.ma:content:3ddff60e1e9876d50ed82e17,g3665,3
mubawab.ma:content:3117663b117434803a9db209,g3666,4
mubawab.ma:native:8401913,g3667,1
mubawab.ma:content:399f7016cef0746fe572e582,g3669,2
mubawab.ma:url:0f94ee5dde7bbc8d04a90b2a,g3671,0
mubawab.ma:native:8399021,g3133,3
mubawab.ma:native:8103768,g3674,1
mubawab.ma:native:8024140,g3676,2
mubawab.ma:content:46461dad397b468e418dccd6,g3678,0
mubawab.ma:content:67ab4c80df70ae71cf88d5e2,g3680,4
mubawab.ma:content:19ceec3d42bcd7076e96550f,g3681,3
mubawab.ma:content:43295d99d02bcb0c18fd4f2e,g3682,2
mubawab.ma:content:333946c8f21c064e0c3ab83c,g3684,1
mubawab.ma:native:8389098,g3685,0
mubawab.ma:native:8392005,g1435,3
mubawab.ma:content:e754258a531f114eebaf382c,g3688,4
mubawab.ma:native:8279758,g568,2
mubawab.ma:native:8379214,g3690,4
mubawab.ma:content:067a13d71579ba7ae7887a50,g3692,0
mubawab.ma:content:9d50be66f445fa3d2bc55f16,g3693,3
mubawab.ma:content:a10bf61f5df7fc1b289f92e0,g3694,2
mubawab.ma:native:8393316,g3696,1
mubawab.ma:content:aab0f4b8cf4bf87d15542eeb,g3699,0
mubawab.ma:content:5bb285b72b906cf2a399c284,g3701,4
mubawab.ma:content:023a68c940c9fb410c1236ad,g872,3
mubawab.ma:content:f8fbde2f27ec1a54728c31fa,g175,0
mubawab.ma:content:4887b803a99e0e0a74c3332e,g3705,3
mubawab.ma:content:6af900696deff54dde2c908d,g3707,2
mubawab.ma:content:de890e59257e307d3f467f49,g3708,2
mubawab.ma:content:2ce2a2d5f7560ef942570abb,g3709,1
mubawab.ma:content:acf306a855e479c641b974b8,g3711,1
mubawab.ma:content:80518ae30b7e100b20c976ca,g3712,0
mubawab.ma:native:8401362,g3714,0
mubawab.ma:content:cb8882652debc9af6dbf0cc7,g3717,4
mubawab.ma:content:6d7a3932039bc50f0cdc7fec,g3719,4
mubawab.ma:content:25c882a97c1d973a64d86c11,g3721,3
mubawab.ma:content:9e7eec2597f399ac57d583ac,g170,4
mubawab.ma:content:8566924859b0b325c0e547c7,g3724,2
mubawab.ma:content:d2455d04638837a41bb81e54,g3726,1
mubawab.ma:content:942e1b7f324685923f8fc1fa,g3727,0
mubawab.ma:native:8262354,g247,0
mubawab.ma:url:90402fc719afcf4b3cefa03d,g1717,1
mubawab.ma:content:af1f56d5f825dfd31495e6f8,g3732,2
mubawab.ma:native:7869018,g3734,1
mubawab.ma:native:8156886,g1599,1
mubawab.ma:content:4d8fe838ca8e6aae0bb47b1f,g225,3
mubawab.ma:content:0f3cdb5f2edc46761e1554b2,g3739,4
mubawab.ma:content:da2c912af97f30c42302d896,g3742,4
mubawab.ma:content:dd13f9f76d40ec289ce7ded9,g3743,3
mubawab.ma:content:292a2a20ad12449b08b1371f,g3744,3
mubawab.ma:content:7ce7d97c47806256182b0be2,g3745,2
mubawab.ma:content:558751b0316d6ef16c4f6e35,g3748,1
mubawab.ma:content:204a508a014b02c1afa89f0e,g3749,0
mubawab.ma:content:fc54d0448522c9907ed0e531,g3750,4
mubawab.ma:content:da36b2f223a2bb9d2c5973a1,g3752,3
mubawab.ma:content:74af08c138f7848369901ffb,g3753,3
mubawab.ma:content:c9607d04ce41b31a67e87ac0,g3754,2
mubawab.ma:native:8391392,g88,2
mubawab.ma:content:b99a45d0dcedc63dd2861258,g3758,1
mubawab.ma:content:e8452cf6bb9f52463f2b26cc,g3759,2
mubawab.ma:native:7984408,g3760,4
mubawab.ma:content:cdf4cd9382e751741f60a7f4,g3762,1
mubawab.ma:native:8252830,g3763,3
mubawab.ma:content:f8461097ed644bea8dc99de7,g3764,0
mubawab.ma:content:3f36b4a3297d6474826fc6ad,g3633,1
mubawab.ma:content:f5bb04c1a86e553ea9eb72a0,g3770,3
mubawab.ma:native:7569889,g3771,2
mubawab.ma:content:3b617fcd02012ee9a954c1ac,g3772,1
mubawab.ma:content:b24b08e08d479ff205af2b4c,g3773,3
mubawab.ma:native:8304159,g2291,2
mubawab.ma:content:40fc45bb1b08f3930c5ee8e5,g3775,0
mubawab.ma:native:8358990,g3269,2
mubawab.ma:content:9750103ad9f2bd5d3ef1a7cd,g3777,4
mubawab.ma:content:8a1367dfbb26439a9587fa74,g3778,3
mubawab.ma:content:af1ccfdfc289d4cea60b8bef,g3782,2
mubawab.ma:native:8363807,g3783,2
mubawab.ma:content:47183dc93208e0d3cfa12150,g3509,3
mubawab.ma:content:854b22a57a60ffa49a128107,g3786,1
mubawab.ma:native:8403123,g3787,0
mubawab.ma:content:32f837ea7466c7809d1f12c9,g3788,4
mubawab.ma:content:95d38ea0c7c88101c2fbe625,g2766,4
mubawab.ma:content:855faabda1e1679ab465eaf7,g1097,0
mubawab.ma:content:9300ef3485add69e7d6999fa,g3792,3
mubawab.ma:content:2e0312b34ce5f9034bb99fda,g3793,2
mubawab.ma:native:8336296,g3783,2
mubawab.ma:native:8316840,g3796,1
mubawab.ma:content:4199151c6590530cc05df3e3,g3797,0
mubawab.ma:native:8390726,g3798,4
mubawab.ma:content:14847d8e4e9f155e950537b4,g3799,3
mubawab.ma:content:789b494aa3f24730532f0c97,g3800,2
mubawab.ma:content:6efa21c3c890de081bc2896f,g3801,1
mubawab.ma:content:b65986bc4284a07f2c67982a,g3802,0
mubawab.ma:content:1d30012a561c2e219f4e418f,g3804,2
mubawab.ma:content:15e7c5f95c9ec4b8ef506787,g3806,4
mubawab.ma:url:369bb36cf476a58bbeb70703,g643,0
mubawab.ma:native:8395441,g3809,3
mubawab.ma:native:8304680,g3811,1
mubawab.ma:native:8374700,g3812,0
mubawab.ma:content:085b39c0ca7cbcd43e926ffe,g3813,2
mubawab.ma:content:3f6a578820258346234f3704,g3815,1
mubawab.ma:content:738a88a310e2c0bc1bcfbcf9,g3816,0
mubawab.ma:native:8255156,g2130,2
mubawab.ma:content:de6913df609e5b23df4708c7,g2938,4
mubawab.ma:content:bed85553eb85a209f06d9402,g3822,3
mubawab.ma:content:8bc9ef44a4f7e26ad9b65bbc,g3823,2
mubawab.ma:content:8a33e0fe10f9d0592d541ac6,g3824,1
mubawab.ma:content:1ea8190c4b36e9fd8b29368d,g3825,1
mubawab.ma:native:8324192,g2975,4
mubawab.ma:native:8253674,g3827,4
mubawab.ma:content:d1f6c5a3450c763663a74698,g159,3
mubawab.ma:native:8394238,g2763,0
mubawab.ma:content:b304c9f2738c5a384f1c6d3a,g3830,4
mubawab.ma:content:d9316c10eb75eaa2d18a3835,g3831,3
mubawab.ma:content:2d1cc019f8e8972928bcc410,g2724,2
mubawab.ma:content:03114b42214b0bd3e4aa9e46,g3834,2
mubawab.ma:content:c4106a573ee09dc64e37047f,g3835,3
mubawab.ma:content:f32e2100cb0eaf014dabb730,g3837,1
mubawab.ma:content:5e8470056da1f21e6b82a234,g974,3
mubawab.ma:content:500ee5623f58ab4487465764,g3840,0
mubawab.ma:content:6f53fe6e1c1f6c989d3c01c8,g2754,0
mubawab.ma:content:633783e06d1ea1b4180e6bfc,g3846,4
mubawab.ma:url:8011bfe113436bc109855c83,g3848,2
mubawab.ma:content:48475501546b5f1da8910872,g3851,3
mubawab.ma:native:8261318,g3852,2
mubawab.ma:content:f6d3ceac71253bba45b1f97a,g3855,1
mubawab.ma:content:2e3f175985c4539a5438f5ea,g3857,0
mubawab.ma:content:9856afef2582c4c736e11bd6,g2519,4
mubawab.ma:content:820b1f6174a722da34e488ab,g3859,4
mubawab.ma:content:a8ecc8fb453f21fad955f109,g3863,0
mubawab.ma:content:a300e867819edec10059f109,g3760,4
mubawab.ma:content:bb6f1933cfcfb6ee5b56b1b8,g3865,3
mubawab.ma:native:8125679,g3869,2
mubawab.ma:content:ff05eb078dc3e69cb4b9c361,g2681,3
mubawab.ma:native:8398869,g3872,0
mubawab.ma:content:054978c8dac26f17af581aff,g3874,4
mubawab.ma:native:8205090,g481,4
mubawab.ma:native:8332122,g3879,3
mubawab.ma:content:727b5722669b0dca91cbbd7e,g1797,0
mubawab.ma:content:81c9bfddeeaa0c6f991145a4,g3884,2
mubawab.ma:content:3081ddead24a0a8691f0389e,g3885,1
mubawab.ma:content:9d8488c41d9cd45a30e06e08,g3887,4
mubawab.ma:content:d328a5ca12b121f195463b57,g3889,0
mubawab.ma:content:7c7e5e40da380f413a81cb08,g3890,4
mubawab.ma:content:54410f53b587ecb37caeba03,g3892,3
mubawab.ma:content:d1a6f39a2f871a5fd4ffff73,g162,0
mubawab.ma:native:8311179,g3895,2
mubawab.ma:content:89043b7996e551e965782f36,g3897,0
mubawab.ma:content:a9d4e310338fe0639e87ee1a,g3899,1
mubawab.ma:native:8394566,g1432,0
mubawab.ma:native:8260580,g3901,4
mubawab.ma:native:8366767,g3903,3
mubawab.ma:url:4a00ed4812208fc643753a9b,g3907,2
mubawab.ma:content:3ee58e95636ec0b0edd4392e,g3908,2
mubawab.ma:content:ea69975815ffe09cf0713fee,g3910,3
mubawab.ma:content:ec1b199b3d2990ec2271c7b9,g3912,0
mubawab.ma:content:9d81bf9db282fcb6d148d8a3,g3024,3
mubawab.ma:content:cf22602091aab655f79b1a4b,g3915,4
mubawab.ma:content:9be0553398f5ab236283f701,g3916,2
mubawab.ma:content:920160616144b26093aa2f6a,g3917,3
mubawab.ma:content:f1f41dbf4a6f1ed746777e1e,g3921,1
mubawab.ma:content:cd036c2c1877046872ea9e8c,g3299,2
mubawab.ma:native:8399122,g3924,2
mubawab.ma:content:317d3a892981e7f3d5ad2921,g444,3
mubawab.ma:content:615dde931cc5703a95a71acf,g3929,1
mubawab.ma:content:36167b93df65270a30e5216e,g3933,4
mubawab.ma:content:7e3e7ef8e44d305ea22b5405,g3934,0
mubawab.ma:content:9fc4c9981a37257873daaff2,g3936,1
mubawab.ma:content:bec4aead5089ad478d1acce0,g3937,4
mubawab.ma:native:8317609,g3938,3
mubawab.ma:native:8397935,g3939,2
mubawab.ma:native:8328072,g3940,1
mubawab.ma:content:fdb59062b76aab0aeee38bfa,g1406,4
mubawab.ma:content:2c177256cf31d9998d493b67,g1077,0
mubawab.ma:native:8377621,g3943,0
mubawab.ma:content:630f5c642c351185077948ae,g3944,4
mubawab.ma:content:5a55faea4f99dfd221c4113d,g3945,4
mubawab.ma:content:7e75f408611fdc65d7397c23,g3946,3
mubawab.ma:content:069435083c10e7dbde53c340,g3948,2
mubawab.ma:content:ad29688bb262c1f38b832c73,g3949,1
mubawab.ma:native:8208486,g3950,0
mubawab.ma:content:25b0475f14b635f7784a93da,g2433,0
mubawab.ma:native:8285400,g2984,0
mubawab.ma:content:862b00830dc3f472594b2661,g3954,4
mubawab.ma:content:22b8867374584626aed36e5b,g3955,3
mubawab.ma:native:8140521,g3956,2
mubawab.ma:content:ba24743cfa1991bc9b7443f8,g3957,2
mubawab.ma:native:8386695,g3958,1
mubawab.ma:content:db05c1f3524def43519430b5,g3959,0
mubawab.ma:content:de38b91298c57fa6f79e3c3c,g3960,3
mubawab.ma:content:cfc36ba3e3c1d1de6a61a2fa,g1761,3
mubawab.ma:content:730fccc801f4d3d5c4ba8549,g1144,4
mubawab.ma:content:94a5d3f88a237a48a8d5dad2,g3964,1
mubawab.ma:native:8251254,g3965,0
mubawab.ma:native:8084460,g1732,0
mubawab.ma:content:cc59a0ed0b39da1276753539,g3967,4
mubawab.ma:content:178ed43d5bef9cea605519df,g3969,2
mubawab.ma:content:148f878115d4e2a8d3a7d058,g1804,3
mubawab.ma:content:ff51e9d90a667f0ab5a7bf7c,g3972,3
mubawab.ma:content:65ae7740f6ae5fa53985f897,g3978,4
mubawab.ma:content:2881cf34fe3997eafa17064a,g3980,2
mubawab.ma:content:1f21a61b16462433c1409a75,g1422,0
mubawab.ma:content:e4ca4a3e23ad642c63aa2f9d,g3982,0
mubawab.ma:content:f701a2241038f7e92a595aaa,g3983,4
mubawab.ma:content:c4f49f8c07ed896232ec76d8,g3984,3
mubawab.ma:content:fe45c00a7189c2ed25e983dd,g3985,2
mubawab.ma:content:b96be3810f17d53512b52194,g3986,1
mubawab.ma:content:1d2de7752fcc1447989d2367,g3990,0
mubawab.ma:content:fb77240fd55674ab4276e049,g3233,3
mubawab.ma:content:3fef4ab65cd56b12d51e9fa3,g3993,4
mubawab.ma:content:a4c9e096ef5a5f935e97d106,g3994,3
mubawab.ma:content:9b0cc938a932b58b876171aa,g3996,2
mubawab.ma:content:7090980b26767d1ee04e256f,g3997,1
mubawab.ma:native:8239077,g3998,0
mubawab.ma:content:e2fa0461d251c47b3f7e7446,g3999,4
mubawab.ma:content:ebc669779dd5f72e42bb21b3,g4002,1
mubawab.ma:content:16f572f7343218782c4759b4,g4004,0
mubawab.ma:content:455b88a46156291699d3cb1a,g4005,4
mubawab.ma:native:8400415,g4008,3
mubawab.ma:content:9ddd24607639aa45958b05f3,g4010,3
mubawab.ma:content:8288ef39904d2bdc50af8944,g3743,3
mubawab.ma:content:73bd5b2f4bcad0615dfd69ee,g4013,1
mubawab.ma:content:dc2ffa4b75bced0fea42480f,g36,0
mubawab.ma:content:c8d3bae8f140937e85a9fef7,g4017,0
mubawab.ma:content:25b00f30a1af0b799616d01b,g4018,4
mubawab.ma:content:cfecce4d8fa73307adbd6b71,g2811,1
mubawab.ma:content:443921db5db2eef1622ab49f,g4020,0
mubawab.ma:content:6f1739f1dd66e279ac97bff4,g4025,2
mubawab.ma:content:9fc8d874933f4db600b9b6c9,g4026,3
mubawab.ma:content:4861f6b39ab8f603020a0216,g4028,2
mubawab.ma:content:632f5c9bdcf4ae2d8583a547,g4032,4
mubawab.ma:url:313e5deb9621deeed6c6e859,g1951,2
mubawab.ma:native:8324546,g4037,3
mubawab.ma:content:ee89e9168369a232d3d48c67,g4039,3
mubawab.ma:content:892417ab33d92c2e145f0c99,g3470,4
mubawab.ma:content:dc775564fbe7eaaf1d73b48c,g4043,1
mubawab.ma:native:8377090,g50,0
mubawab.ma:content:718493684fc5a03fb6c10f95,g4045,0
mubawab.ma:content:5969ea84df75fa2b4867595a,g4046,4
mubawab.ma:native:7802832,g1041,3
mubawab.ma:content:9505f91639888996033e527f,g4051,3
mubawab.ma:native:8407474,g4053,2
mubawab.ma:content:dda3fabda3ce8a9090c79101,g4054,1
mubawab.ma:content:b20dba562f9e49fba196a253,g1311,0
mubawab.ma:native:8401520,g4059,0
mubawab.ma:content:d0cb600a7020f82dea2a113e,g4062,4
mubawab.ma:content:e6b1d8d0cc9769828a539805,g790,1
mubawab.ma:content:6377ba0f521cfb3b7af69715,g50,0
mubawab.ma:native:8374667,g4067,3
mubawab.ma:content:25a637b1c636dd3b3b647093,g4068,1
mubawab.ma:content:1bf4ff9893d2a7dbd490cf53,g4070,0
mubawab.ma:native:8111541,g2150,0
mubawab.ma:content:1352b3c99f63313b1793317c,g4073,1
mubawab.ma:content:a220d744f82238e16e03d2ff,g3384,4
mubawab.ma:content:6eb64f79104bd61fdfb740d7,g4075,0
mubawab.ma:content:14cf8bdbe883435f6ef71665,g4078,4
mubawab.ma:content:56b86a8d01e594b1f2a763ca,g4080,4
mubawab.ma:content:98b78079c6a601eda30bf239,g4081,2
mubawab.ma:content:b7be6349611484aeab56aa00,g4084,3
mubawab.ma:content:bddcc495d3a92e5af9b362fa,g4085,1
mubawab.ma:content:e7cdf79d24b0fbe911266746,g4086,0
mubawab.ma:content:231afc65a7dad221b3f1b3db,g4088,4
mubawab.ma:content:857ef3e51345654220a582bf,g4089,0
mubawab.ma:content:1f78b521be089398841d836b,g4091,1
mubawab.ma:content:0479839e57dc9fd9587740b0,g1303,4
mubawab.ma:content:0d635f01ba39b83e94e922c6,g4094,3
mubawab.ma:native:8065204,g4096,2
mubawab.ma:content:d2847085ca064c3dd5422689,g4099,1
mubawab.ma:content:46a0c6b78146575a654ef279,g4100,0
mubawab.ma:content:af03fa03cf7f68bc25ab57c7,g4101,0
mubawab.ma:content:13bd1bc38b03eb890dcfe5a7,g4103,4
mubawab.ma:content:41102196e4414f9b32ac00a0,g4105,4
mubawab.ma:native:8365878,g4109,1
mubawab.ma:content:58507746b2da758682178e11,g4110,3
mubawab.ma:content:ed53d9a7c463f210cba8df41,g4111,3
mubawab.ma:content:29dc3abaea1d4ff36030fcac,g4112,2
mubawab.ma:content:3f1a958c0356ca69bccf7e5b,g4113,1
mubawab.ma:content:bd47fd813d4377635701d50a,g1358,0
mubawab.ma:content:6bbf76065f4fbb83fe42e4e2,g2608,1
mubawab.ma:content:d05f12df5a3787a83f3f3362,g4119,0
mubawab.ma:content:90530a68c3e82428a4d4fb5e,g4120,3
mubawab.ma:native:8291495,g4122,2
mubawab.ma:content:7f3bebe450fb1cfe7bf1dc3c,g4123,2
mubawab.ma:content:9373a73d8b1d0dc152a46721,g4124,1
mubawab.ma:native:8354456,g4126,0
mubawab.ma:native:8392155,g4128,4
mubawab.ma:content:c0714e7713ec27f334b96b19,g4129,3
mubawab.ma:native:8395468,g4134,2
mubawab.ma:content:e0133bcce2cacb2075387c88,g4140,1
mubawab.ma:content:7325eee622fd87d68f0c0a69,g4142,0
mubawab.ma:content:c66bb012bcc332d87a2f5176,g3936,1
mubawab.ma:content:93da344aa72b17aa33f70009,g4145,4
mubawab.ma:native:8260381,g4146,3
mubawab.ma:content:6dd78f07e5fb1c72497d8bff,g4150,0
mubawab.ma:content:323a2c9e23da86044b4833d2,g4153,1
mubawab.ma:native:8318564,g4158,0
mubawab.ma:content:0dfa4ef08bb39588064c307a,g4160,3
mubawab.ma:content:5104d83a1edaafec43c047b5,g4162,4
mubawab.ma:content:36970d7e889d453de53b7f9b,g2094,4
mubawab.ma:content:33b00077c1c0f730eb08364b,g4165,4
mubawab.ma:content:97d83247359bee20a0453905,g4166,2
mubawab.ma:content:46d99e8e6c977c464e0c0470,g3113,3
mubawab.ma:content:667ab937a5125a9a1d0a0d04,g48,2
mubawab.ma:native:8293065,g4170,1
mubawab.ma:content:86cb50a6d3c7fa63eccb486e,g1540,4
mubawab.ma:native:8158419,g4080,4
mubawab.ma:content:cec75a5d54bef01e9a044c04,g4176,2
mubawab.ma:content:f41d33878e76cf743a2b2844,g4177,0
mubawab.ma:native:8349669,g1134,0
mubawab.ma:native:8394638,g4179,4
mubawab.ma:content:7eef45393cb97f76307703af,g4182,1
mubawab.ma:native:8385857,g4183,2
mubawab.ma:content:cd7f16567d1c056dab9f8897,g4185,4
mubawab.ma:native:8394852,g4186,1
mubawab.ma:content:f4ac0b0d04f7a3f568fb4478,g4187,0
mubawab.ma:native:8102268,g4188,4
mubawab.ma:content:701d4cce6373464c01a28ad5,g4195,0
mubawab.ma:content:7b729b242752096b1a5ee47d,g4196,3
mubawab.ma:content:5727521d6043461f12fe7ee6,g4197,2
mubawab.ma:content:10147f4a6a4d2980508b59e9,g4198,1
mubawab.ma:native:8201054,g4200,4
mubawab.ma:content:09c896fbb41fd3ee19441111,g4201,3
mubawab.ma:content:ad8b8b91bf864bcc357b17dd,g4204,3
mubawab.ma:native:8218286,g3380,3
mubawab.ma:content:c656915c9bb5b19eeb0ca927,g1075,3
mubawab.ma:content:9931c651214b9e56ba3852a9,g4207,2
mubawab.ma:content:798fe3acb13d228f11b7a8f0,g4208,1
mubawab.ma:content:69c3a4d0ddaa0160111ff4c7,g4209,0
mubawab.ma:content:3da091676b109ba88f895e1f,g222,0
mubawab.ma:content:c5ec6b54adeb8d1c62bccd18,g4212,4
mubawab.ma:native:8184322,g4213,3
mubawab.ma:content:5d8b6d0e3734c715512cdb85,g4214,2
mubawab.ma:content:9a7a462610131ea0a5a1fd94,g4217,1
mubawab.ma:content:63408734b33b3692a7ac7f5a,g974,3
mubawab.ma:content:4d8d491c0b6fea4a41bedef2,g4219,3
mubawab.ma:content:9e0d2dcf67a1a527c40898b1,g4220,0
mubawab.ma:content:b8fc7a8e157d09d51933f592,g4221,4
mubawab.ma:content:03c60acaf5881901e2ce42a5,g4222,2
mubawab.ma:native:8353788,g4224,3
mubawab.ma:content:53f6920a692802f67414f7aa,g4227,2
mubawab.ma:native:8353233,g4228,1
mubawab.ma:content:702525dbfdbbef2b663a5da0,g4230,0
mubawab.ma:native:8280014,g4185,4
mubawab.ma:content:a11d0b716e45f5c0ec3ddd7f,g2963,2
mubawab.ma:native:8303924,g1845,4
mubawab.ma:content:19a188baa1ff6593e5fe37ef,g3676,2
mubawab.ma:native:7673213,g4238,2
mubawab.ma:native:8383873,g4240,4
mubawab.ma:content:6718cc57e83a79ebcddb236c,g4241,2
mubawab.ma:content:503971e6cd9051bf14847ede,g4246,3
mubawab.ma:native:8321801,g4247,2
mubawab.ma:content:1e5f1fceee589288de1d2f1d,g4251,0
mubawab.ma:content:4ce74341cb721f77bac08374,g1082,0
mubawab.ma:content:ab5df2fb47cf21b8d3b018d3,g4255,4
mubawab.ma:content:e55f96ba93a44b5eb5ca0deb,g4257,3
mubawab.ma:content:09be0a2783bb8febfae95af0,g4258,2
mubawab.ma:content:2baee0365233dd7b788f5807,g4259,1
mubawab.ma:content:95781f1d5c1ac196a31657d5,g4260,0
mubawab.ma:native:8310839,g1599,1
mubawab.ma:content:2078f48ccc06c315a8de0162,g4264,0
mubawab.ma:content:282645ce62d7b543821c766c,g4267,4
mubawab.ma:content:ff649aff58c746f3ff67ad00,g4269,4
mubawab.ma:content:6e2f714338326c8fd3a6ee8b,g1467,2
mubawab.ma:native:8389798,g3040,2
mubawab.ma:content:e00703a1ac6df1be7dcbf899,g4272,3
mubawab.ma:url:aa3659250ba3a0051f7f4a81,g159,3
mubawab.ma:content:f66d1e8c0db5fe05a1606527,g4274,2
mubawab.ma:native:8350346,g2945,3
mubawab.ma:content:52b50abe111301c573f7290c,g4277,1
mubawab.ma:content:9aefc2e2495609aa88bb1529,g4278,0
mubawab.ma:native:8386966,g4280,4
mubawab.ma:content:8d64616d12e3d783815b5f95,g481,4
mubawab.ma:native:8392733,g4284,3
mubawab.ma:content:0cf6203fa42a940c89a1126e,g4084,3
mubawab.ma:content:51bd7e20789dea6f11052e26,g3511,2
mubawab.ma:content:2e7ada7f27dd71792bb647e0,g4287,2
mubawab.ma:content:90ec703925f78a7c3d9a6fd8,g4288,1
mubawab.ma:content:04ca7618c6547908ef8e0ead,g4289,0
mubawab.ma:content:1eb11eed9c6c1a24ca69d004,g4290,3
mubawab.ma:content:8997c96d7b9dd6f27753f10f,g4292,2
mubawab.ma:content:c628829c43b7cb971d344542,g4294,1
mubawab.ma:content:4bfe55a343fdb5430c901b47,g3423,4
mubawab.ma:url:f06ef5323e7cc0177625ac0c,g4296,1
mubawab.ma:native:8349578,g4297,0
mubawab.ma:content:28b7c4f142d320a32a1705a0,g4300,4
mubawab.ma:native:8398411,g1193,4
mubawab.ma:content:f4fad78446a1c07459752410,g4302,4
mubawab.ma:native:8186674,g1171,4
mubawab.ma:content:f19a77b18c7b64d920deb9cf,g2675,0
mubawab.ma:content:2ec5bb7efd3619655152efa7,g726,3
mubawab.ma:content:2b8c20d6d90142fb3cc4bb4e,g4308,3
mubawab.ma:native:8151638,g4309,1
mubawab.ma:content:1745cd042f34d45d2f8cd925,g4310,1
mubawab.ma:native:7978242,g4313,3
mubawab.ma:content:8b428d37c82eef48fefaa71e,g4315,0
mubawab.ma:content:2d6907f4a63cadc0a82175c0,g4317,1
mubawab.ma:content:d919af6168dbbf23617961a3,g4318,4
mubawab.ma:content:5df3e224a65349316a0cf1a1,g4320,3
mubawab.ma:content:825c648debc7f629abc35be1,g4321,2
mubawab.ma:content:42bca9478ba0490b9d4a1e5b,g4324,1
mubawab.ma:content:ba791a1eb2fd882f4dddab7b,g530,4
mubawab.ma:content:380caca4bfddbad8474e99a4,g4327,0
mubawab.ma:content:fdf5f8e507e9090ecfafe529,g4328,0
mubawab.ma:content:1890c563b03361dd99a4c97e,g4330,4
mubawab.ma:content:8871e9ff4077b7ad2087d7fd,g4333,3
mubawab.ma:native:8377764,g4334,2
mubawab.ma:content:991c0e000758adaad5a4f4d6,g2701,0
mubawab.ma:content:dec7c58067af6e51fe904b56,g4337,1
mubawab.ma:content:9ee36642181624b717effbea,g4342,0
mubawab.ma:content:52a47d303df9ab4027109c3d,g3897,0
mubawab.ma:native:8330900,g4348,4
mubawab.ma:native:8375678,g4350,2
mubawab.ma:content:166f4afab9d84786a7fca2b9,g4352,1
mubawab.ma:content:61894f5d03b996ef58953a74,g4353,0
mubawab.ma:native:8395344,g4354,4
mubawab.ma:content:5ac7cf97fdc55d34a38ea3cd,g4355,3
mubawab.ma:content:b1d472725440af524974c295,g4356,2
mubawab.ma:content:f64b2deb64bcc61f5c2cbd10,g4357,1
mubawab.ma:content:7c1d2fe2e037d539a2e99bf3,g4358,0
mubawab.ma:content:b54f524ca4c8557d1694f32e,g4360,3
mubawab.ma:native:8340379,g4361,2
mubawab.ma:content:a8ddb36915529b9bf860b855,g4363,2
mubawab.ma:content:5a8f65f6590184ef56b946a7,g268,4
mubawab.ma:content:947f978a4cf128daf46b88ab,g4366,1
mubawab.ma:content:66f8f815ab7bc75212f0931c,g4368,1
mubawab.ma:content:a385ce65a987d95305c4248e,g4369,0
mubawab.ma:content:2c2ebaa27b10a8f2d77f03ec,g4370,4
mubawab.ma:content:e41ca33c38de9d8a8b966c47,g4372,3
mubawab.ma:content:8f9ccdbe663609fdbf72f7ad,g4373,4
mubawab.ma:content:88726fc4295c86d556bd6118,g4374,3
mubawab.ma:content:a1b586d2c7d285f24280f0e3,g4375,2
mubawab.ma:content:c2d504a976ab6bc9a36cc4a7,g1717,1
mubawab.ma:native:8388245,g4377,1
mubawab.ma:content:b05a4301782de3e1393ae42c,g4378,0
mubawab.ma:native:8262341,g4380,2
mubawab.ma:content:556663b42c6329d21e4658f0,g4381,3
mubawab.ma:content:af226bfb2a329ccadc045e04,g4382,2
mubawab.ma:content:dd747ffb6f1a7bafe9066b62,g1261,3
mubawab.ma:content:4d2ac23fedf577a62925c0c3,g1420,0
mubawab.ma:content:412353553879757cc66dd13b,g4385,1
mubawab.ma:content:4cf2de583d997cbf02bab63f,g4386,0
mubawab.ma:content:fc1c14730fabd30e4d7b2541,g4387,1
mubawab.ma:content:26220bb5b1760dd9fdc91cd0,g4388,4
mubawab.ma:native:8392382,g4089,0
mubawab.ma:content:b045a6136fdfc0dfead2ff95,g4394,3
mubawab.ma:content:68bf64cbf932754e13d4dc7e,g4396,2
mubawab.ma:content:1cc186fb1ef66fcb537c8a75,g4397,1
mubawab.ma:native:8398518,g247,0
mubawab.ma:content:e2e6c1b5af663319b78c7b76,g2731,1
mubawab.ma:content:fa0d07e26cc33bbc85651318,g4404,4
mubawab.ma:content:732d14b81ff9665e44babe71,g1603,4
mubawab.ma:content:f91ac60ec889b4507a2d5483,g4410,3
mubawab.ma:content:1441591ef783170cac78b060,g4411,2
mubawab.ma:content:a39aae67c1969c40e54f863f,g4412,1
mubawab.ma:content:d9404d766c48b4d0c577a456,g4413,4
mubawab.ma:content:ccb3bd9e08f369502fb470f3,g4417,0
mubawab.ma:content:df1701dc9bd40f8002880371,g4418,4
mubawab.ma:native:8355606,g4419,3
mubawab.ma:content:b284303cc5316060613720e8,g4420,3
mubawab.ma:content:bdbeadedb4a9c15154e9287c,g4422,2
mubawab.ma:content:c6888e90f5ed4c7179facbfa,g4425,2
mubawab.ma:content:539d1de5a2480283f253286c,g4426,1
mubawab.ma:content:60785998c1d23ce39cc8a79d,g4428,0
mubawab.ma:content:0699156b5db5acc7a8c96b76,g3015,3
mubawab.ma:content:62d6164805df42a771af6a66,g4434,3
mubawab.ma:content:81c86194664e4c6d3ff53d36,g4436,2
mubawab.ma:content:7379d0dfa513d14e561ebfca,g4437,1
mubawab.ma:content:25767df909b58489f5a2c963,g4438,4
mubawab.ma:content:6771e02565f5054392022a71,g4439,1
mubawab.ma:content:41e02092e6b1bf6fa108719f,g672,3
mubawab.ma:content:f522d982c6e2e4f2ebb62110,g4441,0
mubawab.ma:content:9c3cf75f801a373fe0356b3e,g4442,4
mubawab.ma:content:2d81f0ff5360a2eb804a1538,g4443,3
mubawab.ma:native:8404549,g4444,2
mubawab.ma:content:81b1923aa3a5dd79ebae3b81,g4445,1
mubawab.ma:content:1d4b2a405061c818a2345b50,g4446,0
mubawab.ma:content:f0768bad2f56feeefaf9c8dd,g1128,0
mubawab.ma:native:8309078,g4449,4
mubawab.ma:content:c0249827508d1a1495d4d3ae,g4450,0
mubawab.ma:content:a6eb274eb8906942e49a7701,g4451,4
mubawab.ma:content:b64c73cfeb8900d676716e45,g4452,3
mubawab.ma:content:a46646967a3367d3e8636e68,g4453,2
mubawab.ma:content:785adb5c2a8220a51c228576,g4455,1
mubawab.ma:content:45d528e052ffd536d4c73ba8,g821,1
mubawab.ma:content:4b819ea3e9e0501950121866,g4457,3
mubawab.ma:native:8326308,g4458,0
mubawab.ma:content:cb3a9b84a3854922f512436d,g4460,4
mubawab.ma:content:f2cf1ba47362ef06565f716a,g4463,3
mubawab.ma:content:a06b97fa34dec919d3db9aad,g4464,2
mubawab.ma:content:73897e092d71aaa82dd4fb7c,g4465,2
mubawab.ma:content:38a3319283b24412cf13e963,g4467,1
mubawab.ma:native:8391391,g4468,0
mubawab.ma:content:8dc665c48882dd5dc0d7a67b,g4469,4
mubawab.ma:content:42cbcfb78f4dc07fff681661,g4470,1
mubawab.ma:content:3404c1090e9157f7c13f7496,g4471,0
mubawab.ma:content:05d86a767b72c319769366c0,g4474,1
mubawab.ma:content:16cdb1bf423e8b465586c6dd,g1086,2
mubawab.ma:content:f633d0d496eda44d61cec176,g4477,3
mubawab.ma:native:8167746,g4478,4
mubawab.ma:content:ef7eabf9a7354754cfc45acc,g4483,2
mubawab.ma:content:4bb5c2701f424079ba62338a,g4484,1
mubawab.ma:content:66df1999dc8eb2691fe3c358,g3936,1
mubawab.ma:native:8130228,g4487,0
mubawab.ma:content:252a0c06d6bb2e63281e2feb,g4489,3
mubawab.ma:content:db228e8afca9814d73959cc4,g4491,3
mubawab.ma:content:faeb4526f4e7fb3fcf72984a,g4492,2
mubawab.ma:content:86d69c3c98ad430d6de00b6b,g4494,1
mubawab.ma:content:79191af3ef587f04648393ab,g4495,0
mubawab.ma:content:5ceb9530a1e53c90d4a302a4,g4496,4
mubawab.ma:content:d84ba64f66d80fa72d96f077,g4500,3
mubawab.ma:content:86cad90edc3cbe88506ee718,g4503,2
mubawab.ma:content:b4e480bd3bf37ea7d8dfbc1d,g4507,2
mubawab.ma:native:8289134,g4513,1
mubawab.ma:content:8db162298d64634d0ce7fdea,g4520,0
mubawab.ma:content:76f4d20a0a8658fb2a6aff00,g4522,0
mubawab.ma:content:7b61dd7fe121f638b2c34310,g4523,4
mubawab.ma:content:6848cbe01f48138903fd2a55,g4524,4
mubawab.ma:content:65d308b14f04c921481efb29,g4525,0
mubawab.ma:content:4ce46e556b495259cccaaac1,g4526,3
mubawab.ma:content:8668b5fe7599a17e1cd6fae7,g4527,4
mubawab.ma:content:e8987bb5cd57dab77c4088d8,g4528,2
mubawab.ma:content:200aad095ec983f8e501e294,g4530,0
mubawab.ma:content:532ad03fc330bf795481d676,g4532,4
mubawab.ma:content:ec130727570644e76bb3d6b9,g4533,3
mubawab.ma:content:7f1b98523fcbbb786715c6f8,g4535,2
mubawab.ma:content:09f34d0ae299f3b4890b663a,g4537,1
mubawab.ma:content:9de8aa8f395014123d783846,g3066,4
mubawab.ma:content:b593b69e931f94c5e6bbb157,g4539,0
mubawab.ma:content:ea26f3ca81669b2399a59e2e,g4540,4
mubawab.ma:content:fcfbd0643422f17190a6809a,g4543,3
mubawab.ma:content:18a5fbf55af4eeffac4ca441,g4545,3
mubawab.ma:native:7575044,g4547,2
mubawab.ma:content:f75323ccf4d5558dda0c73cd,g4548,1
mubawab.ma:content:c1bbc65db63407becbd44564,g4550,2
mubawab.ma:content:3c1dde73bf4b6e07a4801ede,g4551,1
mubawab.ma:native:8403343,g4552,0
mubawab.ma:content:7352e87ff178a49d806abe33,g4553,0
mubawab.ma:content:bef8cb34ba7f094a11950ae7,g1691,4
mubawab.ma:content:4a3fd700af9c53e987e68631,g4556,4
mubawab.ma:content:a30dd23f24337ccf2d0f8e1b,g4557,4
mubawab.ma:native:8321287,g4558,3
mubawab.ma:content:f2de51a25411d737bf22a637,g1775,3
mubawab.ma:content:eb032fcdad096a529e1a6906,g4560,2
mubawab.ma:content:e4b8e7cc0fefe22ffdac82f7,g48,2
mubawab.ma:native:8374087,g4563,1
mubawab.ma:content:1c8cd00d40e9aa1de567fb88,g4564,0
mubawab.ma:content:6dbff5ce5bed956824077b09,g4565,4
mubawab.ma:content:cfb97eaaa2ad25f7a4f4ee61,g4566,3
mubawab.ma:native:8261672,g4568,3
mubawab.ma:native:8318467,g4569,2
mubawab.ma:content:bee4ab41da78f65ead9c312b,g4570,1
mubawab.ma:native:8349337,g4571,0
mubawab.ma:native:8100850,g4574,4
mubawab.ma:native:8292938,g2256,0
mubawab.ma:content:d898a01aba3b86f03efa854a,g4309,1
mubawab.ma:native:8404397,g4577,3
mubawab.ma:content:21fa29d43dfaf1c69403d876,g4578,2
mubawab.ma:content:ada3f7c8a09bd90a600225ef,g4579,1
mubawab.ma:content:d2df8a2efe3dd458aef11f75,g4581,0
mubawab.ma:content:fc1de93d294731f4180f5a12,g4583,1
mubawab.ma:native:8403443,g4586,4
mubawab.ma:content:650fdf7719eb9d8472f2b1a8,g4587,3
mubawab.ma:content:566a353d0670e252c148d825,g744,0
mubawab.ma:native:8397943,g4593,1
mubawab.ma:content:9395f28ed4f26d1891226d67,g1093,1
mubawab.ma:content:47b9e53c97cf8e8148e65808,g2694,1
mubawab.ma:native:8252248,g4597,0
mubawab.ma:native:8372902,g4599,4
mubawab.ma:native:8287267,g4366,1
mubawab.ma:content:6eae6b5de29d7c8158c0f2f3,g4604,2
mubawab.ma:native:8347871,g4606,1
mubawab.ma:content:c1561e6cf496bb380b496b86,g4607,0
mubawab.ma:native:8343259,g4610,0
mubawab.ma:content:4d2fa82ea35292c3c837ecfd,g4613,4
mubawab.ma:content:e51be2f263bd39a6419b5ff5,g4614,3
mubawab.ma:content:11b58e0f3b935f1f3def891e,g4615,2
mubawab.ma:content:f267ca4ec3bdbe90d141861a,g4619,4
mubawab.ma:native:8288888,g4621,1
mubawab.ma:content:e129fa1d6c6c4b6f0028dcf6,g4622,0
mubawab.ma:native:8387371,g4623,4
mubawab.ma:content:68f6cf74bdc83238d9a88703,g4624,4
mubawab.ma:native:8376551,g4625,3
mubawab.ma:content:cde4907b4f8cc8c51aaf51d8,g333,3
mubawab.ma:content:9e79260435f52cfc0cc196ef,g4627,3
mubawab.ma:content:c6906c41e4b4b6d353d32098,g4628,2
mubawab.ma:content:bf3beaa69a0fd628aab97e9d,g4629,1
mubawab.ma:native:8402685,g4631,0
mubawab.ma:content:2d3eca3ec860db870501f1ae,g4632,4
mubawab.ma:content:2f0befa1033c56c27d747e80,g4634,2
mubawab.ma:url:a405b9501277cffcb9ed5154,g4635,1
mubawab.ma:content:937cf3453fef4c1cc0b9d9d3,g4637,3
mubawab.ma:native:8389496,g2986,1
mubawab.ma:native:8228309,g1602,0
mubawab.ma:native:8336356,g4642,2
mubawab.ma:content:72e02d88154265ee32bd2b9a,g4643,1
mubawab.ma:native:8260152,g4644,0
mubawab.ma:url:d0dceb489f986a04c9d87c08,g4645,4
mubawab.ma:content:4bf71ac67bcf46a565f18098,g4646,4
mubawab.ma:content:f77a56a592e2e5ce282da9bf,g4647,3
mubawab.ma:content:f25238ead5ee99d76ae3e7df,g4649,3
mubawab.ma:content:d91d2f88c094da9627e005c2,g171,2
mubawab.ma:url:ae406e013d2145692121dc29,g4651,2
mubawab.ma:native:8311259,g3607,1
mubawab.ma:content:9be712235907577f9fff494f,g4653,2
mubawab.ma:content:e7425cd30408c3185035dcc4,g4654,1
mubawab.ma:content:92f79109e85b8af4f7b7f102,g4655,0
mubawab.ma:content:768d14481ad26236e6bb624e,g4656,4
mubawab.ma:content:d552fe786fede47e62523304,g4657,3
mubawab.ma:native:8193284,g4658,1
mubawab.ma:native:8176140,g4660,2
mubawab.ma:content:71d99b50e4d4bbc46fcee6b5,g4662,3
mubawab.ma:content:b5a04eb1a01a499cd3118a26,g4663,1
mubawab.ma:native:8392428,g1540,4
mubawab.ma:content:c523ebe1ef9f3302c16ab8e3,g4665,0
mubawab.ma:content:6ea084262dde91d79f10dc5f,g140,3
mubawab.ma:content:590b3a0a3031521153d240cf,g4667,4
mubawab.ma:native:8361111,g4668,3
mubawab.ma:content:702b6b7d5cba79de7154b2c8,g4669,3
mubawab.ma:content:c1b8776d11ae8a40ad605dbf,g4672,2
mubawab.ma:native:8390498,g4673,1
mubawab.ma:content:6b9b868ceb2e2bf0b84a7523,g4674,0
mubawab.ma:content:46e6cdc59035edb261e56989,g4675,4
mubawab.ma:content:a3c71539375227fef7e84023,g4676,0
mubawab.ma:content:b069e72ba75d1b0fc6b882b4,g4677,4
mubawab.ma:content:61c58f415473f733ba5a380c,g4678,2
mubawab.ma:content:7871e919b3912709c0971aad,g1075,3
mubawab.ma:content:9cbd211879da7cafe6d4a170,g4680,2
mubawab.ma:content:7cb93bb74f1891f09b037ebf,g4681,1
mubawab.ma:content:68836cced746eb7952f8eba6,g4684,0
mubawab.ma:native:8406679,g4687,4
mubawab.ma:content:0f86fc6326c9242a35877077,g4689,3
mubawab.ma:content:f827f8db80af9f7c7cd1c76e,g4691,2
mubawab.ma:native:8401707,g4692,1
mubawab.ma:content:642af0c0ddc29535779e2d5c,g33,4
mubawab.ma:content:830cc04212c070aa0c03936d,g3544,0
mubawab.ma:content:f5d29b0311deb06114240b06,g4699,0
mubawab.ma:content:abd68d17fa385a44196e5c86,g4702,4
mubawab.ma:content:82c97bb52e91ebf684682ee9,g4703,3
mubawab.ma:content:c99e7c09ef65f624f9b1ad95,g4704,3
mubawab.ma:content:7e401d1e4a93b395ff0bb88c,g4705,2
mubawab.ma:content:6920239ae7deb3b8638101ef,g4706,1
mubawab.ma:content:77c48e4cdbbf72aced6455e0,g4707,0
mubawab.ma:content:101d8fda50a53812a3a149f9,g4708,2
mubawab.ma:content:6a5f9c4581e74e279dbd00f7,g2107,3
mubawab.ma:content:b248682fe9d45f44cd89407b,g4711,3
mubawab.ma:content:e883a001dd5adbae9aa1ab24,g4712,2
mubawab.ma:content:cbb8fb2b40402f32f2c0f9bc,g4714,1
mubawab.ma:content:4e26a05523149ab3393c14aa,g1658,4
mubawab.ma:content:821499bb9acc9762cde769f1,g4717,0
mubawab.ma:content:74dd736570f1a9e2aab39ebd,g4718,4
mubawab.ma:content:892104b01921b1a38927b6af,g4720,1
mubawab.ma:content:cc092028f72acaa81c3cb912,g4725,0
mubawab.ma:content:266f17105224de70d3675e16,g4727,3
mubawab.ma:native:8401404,g4729,4
mubawab.ma:content:73c0156536cb8063b0ffdbc6,g48,2
mubawab.ma:content:b1f77b9c1337790d0dfb7cac,g1916,4
mubawab.ma:native:8375476,g4736,2
mubawab.ma:url:fab46f7c15d12e31b9ed48d0,g4737,0
mubawab.ma:content:6dfe120086f96d80a1a19211,g4738,1
mubawab.ma:native:8079020,g3721,3
mubawab.ma:content:da77291ef0520a88a6104fcc,g1798,4
mubawab.ma:content:13c4ca107c9681759e7e4362,g4741,2
mubawab.ma:content:c2b569aa6e9786e3b196adfb,g4742,0
mubawab.ma:content:77d86bc1680a1aa92db6f82f,g1268,4
mubawab.ma:content:c0a6435ee0dec5786149a859,g4744,4
mubawab.ma:native:8322974,g4745,3
mubawab.ma:content:f4921bf7e1ba3bb73258ff76,g4747,2
mubawab.ma:content:0b3c0a19a885d5291beda1c3,g4749,1
mubawab.ma:content:4834384b0f2eed585b0fe63b,g3601,2
mubawab.ma:content:4e269c5dddb1b16cd90352b4,g4752,0
mubawab.ma:content:680c0bcfb7dc7429521e81de,g4754,4
mubawab.ma:content:bb3f16cb96781f855ddacb1e,g1412,4
mubawab.ma:content:1a19689b23ec082ed588b5d2,g4756,3
mubawab.ma:native:8389809,g4758,2
mubawab.ma:content:786efe8d6acbdb6ddbdb82ba,g4759,1
mubawab.ma:content:c85d2fb07431ecfbab353e4e,g1824,0
mubawab.ma:native:8307160,g4762,0
mubawab.ma:url:0eb0d61d08121e518ee835f8,g4763,4
mubawab.ma:content:372adadc2206ae775b08f398,g4766,1
mubawab.ma:content:8092c8ed2323f4e9d6ec54cd,g4767,0
mubawab.ma:content:302db66fb43ceafd8f72dd74,g1427,3
mubawab.ma:native:8242536,g314,4
mubawab.ma:content:ee3c48b97b5f7c348f6f54e2,g355,4
mubawab.ma:content:3413b53627b09d6f46bcf364,g4772,4
mubawab.ma:url:638e5011290fe9ab63bcf51d,g4773,3
mubawab.ma:content:c99fab57b4447aea7dba1cb3,g4774,4
mubawab.ma:native:8407056,g4775,3
mubawab.ma:content:276b48149de0b26e6d32a7da,g4776,2
mubawab.ma:content:7b309856b8b22893139ea0e1,g4778,1
mubawab.ma:content:553518d70a57bca47071bfd9,g4779,0
mubawab.ma:native:8355057,g3047,4
mubawab.ma:url:bc54e6fc014fcb6bc6e0f983,g458,2
mubawab.ma:content:03750522ed9df330999304c2,g4783,3
mubawab.ma:content:77a040d26144d52fab2550d6,g4784,2
mubawab.ma:native:8184164,g4786,2
mubawab.ma:native:8288019,g4788,3
mubawab.ma:native:8307796,g4789,1
mubawab.ma:content:29e5ff0a15fb8dd3fc8e63ad,g4790,2
mubawab.ma:content:8c1fed8236b2861b94b04b2a,g4185,4
mubawab.ma:native:8230380,g1925,1
mubawab.ma:content:e6024863a7037dc3c944625a,g4796,2
mubawab.ma:content:e0c16b80fe1251b47ba08d78,g498,2
mubawab.ma:content:d854a78e6798453138c16fa7,g4800,4
mubawab.ma:native:8342294,g5,1
mubawab.ma:native:8316466,g4806,3
mubawab.ma:content:4bb57b3092902068ac7e14c1,g82,3
mubawab.ma:content:78a6cb156ce86ab8c0175e53,g4809,2
mubawab.ma:content:1e177e9544d971d85534d2f6,g4811,1
mubawab.ma:content:b35c8fcad6af1cb2eacd4aef,g4813,0
mubawab.ma:content:9f87ecbfcd2349c794e49ba9,g4814,4
mubawab.ma:content:529bc83662e9a5df9f9dd8a8,g4815,3
mubawab.ma:content:c038166c70fd639f1c42e686,g4818,2
mubawab.ma:native:8306839,g76,0
mubawab.ma:content:0dedab5a5615bea53bb86821,g4820,0
mubawab.ma:content:fe852420397e5f8e451feb4f,g4821,1
mubawab.ma:native:8392075,g2059,2
mubawab.ma:content:f3a490d685a773722fb7c572,g4823,4
mubawab.ma:content:e3c558de0dbe9354292b0505,g4825,3
mubawab.ma:content:316209af43c168ff59f45869,g481,4
mubawab.ma:native:8375784,g4832,2
mubawab.ma:content:94d9ee5599a29ca83b0a2161,g4836,1
mubawab.ma:content:872f0cfb127304853ad49de4,g4838,0
mubawab.ma:native:8358017,g4839,4
mubawab.ma:content:423e74f74704957177a8ce1b,g4840,4
mubawab.ma:content:1df90de652537ef551547b95,g4842,3
mubawab.ma:content:924c9955ad915761d8ec4772,g4843,2
mubawab.ma:content:7c7243d1d59e6975556a9779,g4844,1
mubawab.ma:content:f8ab289da118a23488e9705b,g1676,2
mubawab.ma:content:0886b5e755aa82d5a292ca15,g4846,2
mubawab.ma:content:db23d6332366448d5109f202,g4849,0
mubawab.ma:content:ac11a38c4ce7b41792b65e14,g220,2
mubawab.ma:native:8374679,g4852,4
mubawab.ma:content:79e283d4c85937d99e200481,g4853,3
mubawab.ma:content:725e5760031864ea916d7daa,g4854,2
mubawab.ma:content:5379a895bc17b485ae65ca56,g4855,1
mubawab.ma:content:2d5fc3ccb56f29b7021ed040,g4857,0
mubawab.ma:content:52d4456748beb071e09ba1e9,g4627,3
mubawab.ma:content:344b500d4a1f1420e132a95b,g1291,1
mubawab.ma:content:3067923eaff69858688e1652,g3907,2
mubawab.ma:content:9c3c5dc8e7df476cd3d9adcc,g4309,1
mubawab.ma:content:feab43ec01de598ddeedd8e6,g1616,2
mubawab.ma:content:5ea70e2836c03fa51a67a191,g4645,4
mubawab.ma:native:8185952,g3229,4
mubawab.ma:content:7bc621abbab2e6abc1277790,g4871,2
mubawab.ma:native:8400585,g4875,4
mubawab.ma:native:8361043,g287,4
mubawab.ma:content:10d741854f640ba09331c3bc,g4877,3
mubawab.ma:content:b2d2c651ccb5dbcae92c7d23,g4878,2
mubawab.ma:native:8402109,g4879,1
mubawab.ma:native:8261074,g3300,3
mubawab.ma:content:8b8d1c9a9ff78aae16608ca1,g4882,4
mubawab.ma:content:7945522ddf322e920c5cb9d4,g4883,3
mubawab.ma:content:7383a2af7f3520b9a37812bf,g357,0
mubawab.ma:content:44bf5cd3c4c3c38b38b672e3,g4889,2
mubawab.ma:native:8323822,g371,2
mubawab.ma:content:6c9683890eb257fdf9e74c43,g3676,2
mubawab.ma:native:8098692,g31,4
mubawab.ma:content:cdf0aa8c2ac4ea3a69f5d970,g4896,1
mubawab.ma:content:61b05dab2c4bca7353960190,g202,0
mubawab.ma:native:8387192,g4899,0
mubawab.ma:content:4ba1fde3fc264f22e81e7736,g4903,0
mubawab.ma:content:491931a9cbfa014319621b42,g3897,0
mubawab.ma:content:d099873deb2811322fb823cb,g4906,4
mubawab.ma:native:8371876,g4909,3
mubawab.ma:content:6233912b64c6b35b8744f24d,g4910,3
mubawab.ma:content:b77f4690c5caa963cadc1b3e,g4911,2
mubawab.ma:content:e79f9aeee1714d3b9009e369,g4912,1
mubawab.ma:content:02f1be07b6d21d24d6ad6def,g4913,1
mubawab.ma:content:67adf7d9c8695e1113f9316e,g4914,0
mubawab.ma:native:8394845,g4915,4
mubawab.ma:content:ab45eb08b753e8b299de3bee,g4238,2
mubawab.ma:content:70bea50e064fd6c7a129242a,g2089,3
mubawab.ma:url:a47f47a0021ba8eacb855ad0,g140,3
mubawab.ma:content:ca5ad5193ca7c963e2881f19,g4773,3
mubawab.ma:native:8315196,g2589,3
mubawab.ma:content:7cc11f16dc815dc4a7badb21,g4923,2
mubawab.ma:content:15e15cba1e9c0bf307000490,g4925,2
mubawab.ma:content:f3aff7ed87b24230a6021c75,g4926,3
mubawab.ma:native:8404525,g4928,2
mubawab.ma:content:fc318503543a92979f549acc,g4929,1
mubawab.ma:content:5dcd6a222a1de64bc44fdaa6,g4930,1
mubawab.ma:content:0df43f9db45a23407b6914ad,g4931,4
mubawab.ma:content:848e5af580bbca640595e709,g4933,3
mubawab.ma:content:687191deea4ab5a9c2a2cddb,g4937,2
mubawab.ma:native:8407425,g1231,4
mubawab.ma:native:8294104,g4945,1
mubawab.ma:native:8321142,g4946,0
mubawab.ma:native:8376516,g4947,4
mubawab.ma:content:a61d94db41f4bdf2cdc5375e,g4948,0
mubawab.ma:native:8315208,g4949,4
mubawab.ma:content:0236dc2c960e98f9effca517,g4952,2
mubawab.ma:content:95b9c9a25890cb41527ba7c6,g4953,1
mubawab.ma:content:d0bc51cf17bed4dc545a76fb,g4954,3
mubawab.ma:content:18870d5a2049ffa61196f5cd,g4955,0
mubawab.ma:content:b36794ef3dbc28c81c66c538,g4956,4
mubawab.ma:native:8260788,g4957,3
mubawab.ma:content:a9f12a9297b522721a526f16,g4958,2
mubawab.ma:content:df799be3c60ff353909b200a,g4960,1
mubawab.ma:content:6823d9adef308194b1cc9eba,g4961,0
mubawab.ma:content:cd8983bf7ab926ea601be279,g4962,0
mubawab.ma:content:0d2e638138a05f4255aeb3a6,g4963,4
mubawab.ma:content:cfef19547b8923333c6a0757,g4964,3
mubawab.ma:content:ecce3a787b48032f289f230a,g4966,2
mubawab.ma:content:34ef251c40c07ea1bfdebb3c,g4967,4
mubawab.ma:content:da6e9109b030f026afdd1a68,g4969,1
mubawab.ma:content:d532d03a0f9b7f4e328cdd6d,g4970,0
mubawab.ma:content:1e4c39475d8ac94479c5c318,g3934,0
mubawab.ma:native:8108811,g4976,3
mubawab.ma:content:52804bee9611bd4b43161d00,g3754,2
mubawab.ma:native:8261824,g477,0
mubawab.ma:content:c3051b8da91b51e72a2a168c,g4101,0
mubawab.ma:native:8219002,g2070,1
mubawab.ma:native:8393562,g4986,4
mubawab.ma:content:3657425fad3d0a604584c372,g2305,1
mubawab.ma:native:8351314,g4989,3
mubawab.ma:content:5eaa02fe5f2df4b678bcdb77,g4990,2
mubawab.ma:native:8381449,g4729,4
mubawab.ma:content:7aeac1a8bf5204e88406aa08,g4993,1
mubawab.ma:content:35087e1600aae592a60f8e43,g4994,0
mubawab.ma:content:7debc628104957d7314b6bef,g4996,4
mubawab.ma:native:8369019,g4997,2
mubawab.ma:content:f094e52443d3d5d10e32892a,g4998,1
mubawab.ma:content:804fb8257c91a995a32b03a0,g4999,3
mubawab.ma:content:0c8d6aab56d954264dae1a31,g5001,1
mubawab.ma:url:cb02b22f20b20df4f4581cee,g1093,1
mubawab.ma:content:f13ca14240f9c79e3ff2421e,g781,1
mubawab.ma:content:3a888e96c9229bd091a89ee5,g4525,0
mubawab.ma:content:9781526ef08587c7f46038f4,g5008,1
mubawab.ma:content:500d52ad7239312fe2dfb715,g5011,0
mubawab.ma:content:0872c5fb3e02e7f0308c0566,g5012,4
mubawab.ma:content:f3b5ed222aabead6edc0ad79,g5014,0
mubawab.ma:content:c471418854dc11c5766670ba,g5015,3
mubawab.ma:content:1de3acf6726a7a549e2a8b2c,g5016,4
mubawab.ma:native:8332898,g5017,2
mubawab.ma:content:e71dab70c8c0945c0ca5ac04,g312,2
mubawab.ma:content:42514ea6e0b0f1b04e975138,g5024,1
mubawab.ma:content:1623233ddded7603333e82e0,g2825,2
mubawab.ma:content:9b1b364d457a2da96411fc6e,g5028,0
mubawab.ma:content:82a60e5ef9b9a02e7c607b95,g4091,1
mubawab.ma:content:7ec2fd85a506efac8655e066,g983,4
mubawab.ma:content:81cdcec79b98d5db04175227,g5032,3
mubawab.ma:content:86fcdefe71a7386bdb838817,g2687,2
mubawab.ma:native:8316974,g3165,0
mubawab.ma:content:465e8db50288e805329e0901,g5037,2
mubawab.ma:content:44eb332e29312afde2afd922,g5038,1
mubawab.ma:content:af5f034335d0fa4c4f3e4321,g5039,0
mubawab.ma:content:2f164ae5553f929ae625d4a7,g5040,4
mubawab.ma:content:2580ebfaa2806480852a3e79,g5043,3
mubawab.ma:content:e7abcd34d7814d4040bae81c,g5044,2
mubawab.ma:content:7c3a0c9debcad1941896b0e7,g4419,3
mubawab.ma:content:751c54497400a0b3f89139b5,g5046,1
mubawab.ma:content:4f06099eb78ad58f6da276c9,g5047,0
mubawab.ma:content:4ebe34e87502605dcdd3abc4,g5048,4
mubawab.ma:content:74270d58f5cbb6a41bc2d054,g5050,2
mubawab.ma:native:8149987,g5051,2
mubawab.ma:native:8338369,g1624,3
mubawab.ma:native:8285182,g5054,1
mubawab.ma:native:8376088,g5055,0
mubawab.ma:native:8055434,g5056,1
mubawab.ma:native:7856924,g5057,0
mubawab.ma:content:38b884ea2d6a2e85e65fe140,g5059,4
mubawab.ma:content:ebab0e89025935b787f42f28,g5060,3
mubawab.ma:content:266dc89d788104f6e7b7e7f4,g5061,2
mubawab.ma:native:8339791,g3758,1
mubawab.ma:content:9483616d39af1610b323087e,g5066,4
mubawab.ma:native:8325445,g4627,3
mubawab.ma:native:8343932,g5068,3
mubawab.ma:content:ef845253e80b4a254e71f5ba,g5070,1
mubawab.ma:native:8261833,g1432,0
mubawab.ma:content:0263907b5118d30bad293aa0,g5073,1
mubawab.ma:content:fa43d8ffddab1255294d0ec1,g5074,0
mubawab.ma:content:89787ad9f89dd8a906202207,g5075,4
mubawab.ma:content:65745b6ffaf6d0d3cf1f5e6d,g81,2
mubawab.ma:content:caa5fdc321838d3157786656,g5078,0
mubawab.ma:native:8363605,g4070,0
mubawab.ma:content:7b6298f975f4385b87921500,g5082,3
mubawab.ma:content:0f86962d877f65c4d8a43384,g5083,2
mubawab.ma:content:916fc007c6bb94c1997e3012,g5085,3
mubawab.ma:content:cfd4fcf6b887a67ac4078367,g5086,1
mubawab.ma:content:a6516cc3c346af999221d3a8,g5087,0
mubawab.ma:content:fcf2a5419d66c7f19e44a9bb,g5088,4
mubawab.ma:content:218974f20301af21ada6cb16,g5090,3
mubawab.ma:content:4f66a853dcc26533729dfa0b,g3545,2
mubawab.ma:content:0aed0a562fa49f964b5ffec2,g1159,1
mubawab.ma:content:7a61549089a853ad90f6479f,g5095,2
mubawab.ma:content:b27f52b5f81cf8f96a069d2c,g5096,1
mubawab.ma:native:8028609,g5098,0
mubawab.ma:content:8d74f0b365b52bbc6f6c1da0,g5099,4
mubawab.ma:content:ffd5903bb5c967153346a19a,g5100,3
mubawab.ma:content:19320f0cfcac7bfd271e7922,g4474,1
mubawab.ma:content:9c67b36899940ec264f02e7e,g5102,2
mubawab.ma:content:62308fe912b41a83ad45a9f3,g2746,2
mubawab.ma:content:39f185e5f4484f0e97e37f4c,g5104,3
mubawab.ma:content:40934074b917446ea4fec3dd,g5105,1
mubawab.ma:content:4b7738374d89b3cad7504546,g5106,0
mubawab.ma:content:a5722b9927b21200653ea61b,g5109,4
mubawab.ma:content:64bc194ad48fe071d4432da2,g4906,4
mubawab.ma:content:5303d08a7e0a9e8bcd9ed9e7,g5112,2
mubawab.ma:content:07c944106aa2350beae7a0fa,g2458,4
mubawab.ma:content:d7f2a2dcc27d38aa1e4b7fb2,g5115,2
mubawab.ma:content:a5eef729e1600647e6a12b5c,g5117,1
mubawab.ma:content:c8b19aee8a07da23d3a0d868,g5118,1
mubawab.ma:content:1da550b46d4dabaac379c5d4,g5121,0
mubawab.ma:content:6440ef44e74b923916d36625,g5124,4
mubawab.ma:native:8209784,g5125,0
mubawab.ma:content:a5c78ef9d00f31ba268404eb,g5126,4
mubawab.ma:native:8313359,g5128,3
mubawab.ma:content:79e61d3725a6caea5f41083a,g5131,2
mubawab.ma:content:1c6bb431159c7144a49fe00e,g1247,2
mubawab.ma:content:3a3955044762cc6cd5808e23,g1291,1
mubawab.ma:content:40cfa0f306074ed9f9367829,g5136,1
mubawab.ma:content:89d0bbd965bee9c0c5b6ac0c,g5139,0
mubawab.ma:native:8378308,g5140,4
mubawab.ma:content:8d3895cd64631d70aad6aeb4,g5142,3
mubawab.ma:content:4a6a40a02d14ef0939cbc3d3,g5146,2
mubawab.ma:content:e902be22a3128f66cfdec027,g5147,1
mubawab.ma:content:b6e74ed9d47d53a1138f3daf,g5148,0
mubawab.ma:content:51799001d6f8a3bd0ce58a56,g5149,4
mubawab.ma:native:8365664,g1712,3
mubawab.ma:native:8251692,g2407,2
mubawab.ma:native:8234985,g5156,3
mubawab.ma:native:8261960,g5157,2
mubawab.ma:native:8323704,g5158,3
mubawab.ma:content:9dd6e40aceab238e131214c8,g5159,1
mubawab.ma:content:e735641ea6d1d7df631eadd4,g1886,2
mubawab.ma:native:8240761,g3750,4
mubawab.ma:content:27b46bbd1e9208dc641d5473,g5165,0
mubawab.ma:content:c003968a0ed4d2da3c8295fd,g5167,2
mubawab.ma:url:ea29ea6c74fa66fc71c864cc,g3448,2
mubawab.ma:content:2377fed0bd6223ed0e217cdc,g5173,1
mubawab.ma:content:df8f31d300d6e4c042eb67bd,g5174,0
mubawab.ma:native:8289439,g5175,4
mubawab.ma:content:5f805e6dcb813931c3d9e4ff,g5176,3
mubawab.ma:content:0a750b8df3625e86e4d0a1fa,g5177,2
mubawab.ma:content:66879949686fad7af2da276e,g5179,1
mubawab.ma:content:0529c3dce951b703b68ef313,g1804,3
mubawab.ma:content:88af545156d3647ae8823cc3,g5181,4
mubawab.ma:content:67c612e427d73a5768cadcc0,g5184,3
mubawab.ma:content:c127f312e932a95efe47c8ad,g5185,4
mubawab.ma:native:8190278,g5186,3
mubawab.ma:native:8009858,g414,1
mubawab.ma:content:65cffea3b1c0b908a5fd0281,g5188,2
mubawab.ma:content:543f548a396cd7f1ac47b8a4,g5189,1
mubawab.ma:content:641fd74f7877397c0dca5524,g2235,1
mubawab.ma:native:8190573,g317,0
mubawab.ma:content:c481448948dad93f91cd7bb5,g1355,2
mubawab.ma:content:a8c908db0f804d4a2de666a1,g5195,0
mubawab.ma:content:478bb9a5c5267b39405fd088,g5199,2
mubawab.ma:content:86ddc8c87b901cd1a1f8a39d,g5202,1
mubawab.ma:content:6a12833f616d48011befb93c,g5203,0
mubawab.ma:native:8342389,g87,2
mubawab.ma:content:73ed67738d37e7cb6160e6fb,g5205,3
mubawab.ma:content:c4297097b0e45583afa85d70,g5208,2
mubawab.ma:native:8260306,g3258,2
mubawab.ma:native:8398991,g5212,1
mubawab.ma:content:5ba89725c9eee25ba5e3afa5,g5214,0
mubawab.ma:content:381b2c4a5942155179adc082,g5215,4
mubawab.ma:content:ee960af9cee5dce6207edd24,g5217,3
mubawab.ma:content:208b4c9c36fc928dd755b8fb,g761,1
mubawab.ma:native:8260210,g465,1
mubawab.ma:native:8385528,g5226,1
mubawab.ma:content:8a7f7b22cc8c0e147a31b11e,g698,0
mubawab.ma:content:455997c96b3fe5790c76b0c7,g5228,0
mubawab.ma:content:374ce06c2f4d68cdebfa1210,g2957,2
mubawab.ma:native:8389373,g1397,1
mubawab.ma:content:3ca90b75fabef487edbad511,g5232,2
mubawab.ma:content:f188262202994f085ba5e0ab,g2491,1
mubawab.ma:content:4d205e878cd6cf154aec4039,g5235,4
mubawab.ma:content:387e0eecc8e9767bb612426f,g5236,4
mubawab.ma:content:195c4d228090221a0e2ac9c3,g2907,3
mubawab.ma:content:6f716b8c506beddd734ef746,g5239,4
mubawab.ma:native:8368590,g5240,3
mubawab.ma:content:a18321be38f7143f4e923a32,g5242,2
mubawab.ma:native:8131155,g3378,0
mubawab.ma:content:f0d3b683340c8898e737fe91,g5244,1
mubawab.ma:native:8301857,g5245,0
mubawab.ma:content:ad5638f1fb133e594ababbde,g5247,4
mubawab.ma:native:8221186,g5248,3
mubawab.ma:content:1383f3f0a9e12dcb8550eeb4,g5250,3
mubawab.ma:content:36dda94087d68eacf2a3ad7f,g2451,0
mubawab.ma:content:060dc1a57bad16040ecb46a0,g5253,2
mubawab.ma:content:561b735e5d1446b9bbc907ba,g5254,1
mubawab.ma:content:b9d8fe2759ce891bb16cc46d,g5255,1
mubawab.ma:content:a9bf4e180fad2a36064347d8,g4662,3
mubawab.ma:native:8355387,g5258,0
mubawab.ma:url:f75cd0dd606b776d9222d4d2,g473,3
mubawab.ma:url:efd2c0151eaaae71d253236b,g643,0
mubawab.ma:content:fd7a7100337cb3aa65a370c7,g4380,2
mubawab.ma:native:8356389,g5265,4
mubawab.ma:content:da1658906c91b2120a1ab279,g5268,3
mubawab.ma:content:327e42fee3c19edd725d5c1f,g5270,2
mubawab.ma:content:c0baacdc743064d09ca1bc98,g5274,1
mubawab.ma:content:7c0dfe7808f71eb28ddc5030,g5275,0
mubawab.ma:content:97d94bd2cb34725b2dfacd61,g5277,4
mubawab.ma:native:8316941,g5278,1
mubawab.ma:native:8393014,g5281,3
mubawab.ma:content:1d393227964221a67e2b3c73,g5284,2
mubawab.ma:content:e2024263a4dcc7858263e413,g5286,1
mubawab.ma:content:fd99d25f028fc8726cc26e0b,g5287,0
mubawab.ma:content:10e291f0e55338eac857013d,g5288,0
mubawab.ma:content:111bd2879cd008c9f9d24b5e,g5290,3
mubawab.ma:content:31fe3daf6584a698f09e339e,g4317,1
mubawab.ma:content:8b99e2fe5866dcde2c51dc23,g5292,2
mubawab.ma:content:507750809d562c577920975f,g77,3
mubawab.ma:content:ad99f9f4dbddfc0bcc145e4b,g5294,1
mubawab.ma:content:aa7af8fd81a05ddec6a786ad,g5297,0
mubawab.ma:content:2d6b559f12799f9b020edf3e,g5298,4
mubawab.ma:content:b3ec9895e46f719186bd9ac7,g5300,2
mubawab.ma:content:61fc7bd18c292fff0508f85a,g5301,1
mubawab.ma:native:8082971,g5302,3
mubawab.ma:content:0f9fd94175ac9db4522b51d8,g5303,0
mubawab.ma:content:c4245df6e36e5c1bd7f8a8b6,g5305,4
mubawab.ma:native:8360871,g5310,2
mubawab.ma:content:10c5a08941e7bbc5b139d0f2,g5311,3
mubawab.ma:content:8cae022da65fe378d6b80b27,g5312,2
mubawab.ma:content:bc544ee6bb46b95bc22760eb,g2741,3
mubawab.ma:content:efcf1ed1eddcf2133b49805e,g326,0
mubawab.ma:native:8364583,g1905,3
mubawab.ma:content:02dd20f20a715e0e30c9b570,g5321,1
mubawab.ma:content:76ab7f1a0220db81ed525e69,g3945,4
mubawab.ma:content:5705d433a27ce80255d89e06,g5326,0
mubawab.ma:content:5ef1def4142d33b38e4f95d2,g5327,4
mubawab.ma:content:a76a834e81cde16f1b0b79f0,g5328,3
mubawab.ma:native:8009536,g1854,0
mubawab.ma:content:3da02b9b46d4073dab09157f,g5333,1
mubawab.ma:url:4d97677e7c1e275234d94df1,g3625,0
mubawab.ma:content:19b59129168646714c701abb,g5335,1
mubawab.ma:native:8332395,g4032,4
mubawab.ma:content:4b1fd363b8a8da2e23482733,g5337,0
mubawab.ma:content:64bf99ae261400c5873d7884,g5338,0
mubawab.ma:content:8302014e562cc602b3e761e1,g5339,4
mubawab.ma:content:3853344e9d6fc8bc4c87041b,g5340,3
mubawab.ma:native:8396513,g5341,2
mubawab.ma:content:c534aacef7a58795f6b56620,g5343,1
mubawab.ma:content:accb8615803ac8c553c61b45,g5345,0
mubawab.ma:content:2f9372eb78b1a2f6e58dad14,g5347,4
mubawab.ma:native:8363491,g5348,3
mubawab.ma:content:252193ebe30e0af295e10c3c,g4039,3
mubawab.ma:content:b6f7bd8eb13b0df37e6b024d,g5355,4
mubawab.ma:content:629fa239203c60ca3f624b79,g5356,3
mubawab.ma:content:baf78e476b638cfd90892bde,g5357,3
mubawab.ma:content:b3cd58ca10339187e81fd440,g5360,0
mubawab.ma:content:fe0e9071c446015f17353409,g5361,1
mubawab.ma:content:f0923fdcac3c3e0a814c24ea,g599,3
mubawab.ma:content:0561dda54785205527ce4e3c,g5363,2
mubawab.ma:content:5523507bb756c4700ce3c751,g4438,4
mubawab.ma:content:9e0250fe475eeb7660d01c2b,g5365,0
mubawab.ma:content:3ecc1f25c3dfce3dfd6abcdf,g639,0
mubawab.ma:content:7e5dd4dd96ad2cbcc100b48a,g5367,4
mubawab.ma:content:119495d272b48f234c29ee1d,g2825,2
mubawab.ma:content:43d2a51d87f3a99be86d169f,g5372,3
mubawab.ma:content:6e726e8b3993c66455b5cd1e,g5373,0
mubawab.ma:content:4216ec756c9253f0d142928c,g5375,4
mubawab.ma:content:bed819b519a5d34eb781e17e,g1599,1
mubawab.ma:native:8234094,g4839,4
mubawab.ma:native:8299384,g4624,4
mubawab.ma:content:4776b963de91622b24982630,g5380,1
mubawab.ma:native:8397310,g5382,0
mubawab.ma:content:1fb7d8658ee4e4fd49b9bedf,g5383,4
mubawab.ma:content:2821032f0654a6e9ebf60582,g5384,3
mubawab.ma:content:0c3ae2b81984bdaba8e6fa19,g5387,2
mubawab.ma:content:6ed9253f880635e99806481a,g5388,3
mubawab.ma:content:02387ef38b5d9a9ad4209f5c,g4523,4
mubawab.ma:native:8101011,g5391,1
mubawab.ma:content:af9fab48b012963d58a79c3d,g5393,0
mubawab.ma:native:8378256,g5395,4
mubawab.ma:content:4c03089b94dfc12817ac81f5,g5397,3
mubawab.ma:content:10ff97821526689878721b9e,g5333,1
mubawab.ma:native:8372467,g1191,2
mubawab.ma:content:2f80a496980f7f60120d21e6,g146,1
mubawab.ma:content:356cb994b29dcfce070f68ea,g883,4
mubawab.ma:native:8299256,g5409,0
mubawab.ma:native:8261316,g2616,3
mubawab.ma:content:94c4b04396ae1346e69456d5,g76,0
mubawab.ma:content:28397335f0587fa1c30b0749,g5412,4
mubawab.ma:native:8373516,g222,0
mubawab.ma:content:5b67276d43bb843825e808b2,g5417,3
mubawab.ma:content:a06bb506770c408aecaaa9a1,g5419,2
mubawab.ma:content:f40f5909404cca4e6ac004bb,g5420,1
mubawab.ma:native:8224238,g5422,2
mubawab.ma:content:20f9a98140b6ed40e530de0e,g2224,0
mubawab.ma:content:d7defb80563bafdf5b774e8c,g5425,0
mubawab.ma:content:ed8dd05bcb8e755e6f933237,g5427,4
mubawab.ma:content:d9b0bf7306f2e4d4fa7382ce,g5429,3
mubawab.ma:content:ad6974bf97c5c7eeadd13330,g5431,1
mubawab.ma:url:85766ad74fd0833f5e8ac04f,g1976,4
mubawab.ma:content:6ea7c8c79559741b1fac72dd,g465,1
mubawab.ma:content:5f678088ab15c570b0931fa8,g1416,0
mubawab.ma:content:e42d94a4f3752934e83e8339,g290,0
mubawab.ma:content:cd2b73c56bf10a3e691abda7,g5443,0
mubawab.ma:content:2b4e464cfd3335f39c72d205,g2256,0
mubawab.ma:native:8312269,g5451,1
mubawab.ma:content:fe92e98fd9502824ecbb27b2,g5452,3
mubawab.ma:native:8238827,g5455,2
mubawab.ma:content:e1c130ae72cc9d2b9bc21114,g490,0
mubawab.ma:content:c29eb8422eea315be8a2c031,g5460,1
mubawab.ma:native:8407076,g5461,3
mubawab.ma:content:fa21aa4b964a2a4f51881744,g5462,0
mubawab.ma:native:8397197,g5464,4
mubawab.ma:content:1dfcd9b254a9dbb35ff76915,g4946,0
mubawab.ma:content:ddfa018aac34f196ccc15f85,g481,4
mubawab.ma:content:7855a48a7fd3b2dd9839bf0d,g3470,4
mubawab.ma:content:4af1681902b31bdcdee89dc1,g5470,2
mubawab.ma:content:60622ee0730b2709d329298e,g5471,1
mubawab.ma:content:c79ed31179434c3ed976726e,g2315,2
mubawab.ma:content:a7fdc5aa9dcc97570d829288,g3584,1
mubawab.ma:content:d1e8a165475624052c72b00f,g5474,0
mubawab.ma:content:30781d242281c68dbc2e8548,g5477,4
mubawab.ma:content:1adde3ebd31c02400d2c49e3,g5478,3
mubawab.ma:content:b71d7ee151f033377eb573bd,g5479,2
mubawab.ma:content:300482a6db595a2851258b72,g5480,2
mubawab.ma:content:b99426b2c8d2d73a7f5d32ee,g5481,1
mubawab.ma:content:a8addc3d2828f2971773d3b1,g5483,0
mubawab.ma:content:704c198ee0c1890657510578,g5484,4
mubawab.ma:native:8393480,g5485,3
mubawab.ma:content:0f71bcafdecc90e4b7544568,g84,4
mubawab.ma:content:f3078e5d47109246dbf29c5a,g5488,2
mubawab.ma:content:66d0b684de0ef18c6ef2946c,g2710,2
mubawab.ma:content:df37e963c32fbf1c05532900,g5491,0
mubawab.ma:content:26e81ba564361957cd81cd49,g2825,2
mubawab.ma:content:3dc3fff17e9e59b7dc51522e,g5496,1
mubawab.ma:content:7e435a584f52921213dafd50,g5498,0
mubawab.ma:content:21c5929dba26f1b9799ffa18,g371,2
mubawab.ma:content:a2a558a96c08354b3bfbe6b0,g5504,4
mubawab.ma:content:58ff2ecb03df5f664299199d,g5505,3
mubawab.ma:content:1ea74e3992c39e07eb38f921,g5506,4
mubawab.ma:content:7f290669207105e66c02bb56,g5507,3
mubawab.ma:content:826d0aaf88bf732530be423a,g5508,2
mubawab.ma:native:8299383,g1897,0
mubawab.ma:native:8379037,g5510,1
mubawab.ma:content:813f0a8f7cde38d2985a03c9,g5512,1
mubawab.ma:native:8081390,g3910,3
mubawab.ma:native:8363530,g5518,0
mubawab.ma:native:8371982,g5521,4
mubawab.ma:native:8399557,g5522,4
mubawab.ma:native:8387578,g4725,0
mubawab.ma:content:649a5633566ac111b0556280,g5526,3
mubawab.ma:content:682115c4efc0df8f8ad707e5,g5528,2
mubawab.ma:content:3637d69645b8b0bd748fa47b,g1486,2
mubawab.ma:content:576bee4d3e5899c3b7fbc17a,g5532,1
mubawab.ma:content:554d23f13241029dac015712,g558,2
mubawab.ma:content:b4e991b0c6dbacbb4244a616,g3274,0
mubawab.ma:native:8307370,g5538,3
mubawab.ma:content:fedefd911a9eaab8ff20c59d,g3471,2
mubawab.ma:native:8392855,g5540,4
mubawab.ma:url:f8f3ca182b2cabf746677989,g2279,1
mubawab.ma:content:d5a3157463ab21e64303a1f0,g581,4
mubawab.ma:content:9cd510d5309d190a01fa3ded,g5544,3
mubawab.ma:content:cc582e0536863463d9e0deaf,g5545,2
mubawab.ma:native:8012862,g5547,2
mubawab.ma:content:673ad07d55169e41c888bd0f,g5548,1
mubawab.ma:native:7751079,g5550,0
mubawab.ma:content:78e1823c098c9a1bdc8bebdf,g5552,4
mubawab.ma:native:8379707,g3936,1
mubawab.ma:content:a656e6de6312bca6a6c87f52,g5554,1
mubawab.ma:native:8285249,g5556,3
mubawab.ma:content:98e89f23b531fa23da7108a0,g5557,2
mubawab.ma:content:41748210b0e7dcfb7610131b,g4796,2
mubawab.ma:native:8070968,g5560,0
mubawab.ma:native:8287043,g5563,1
mubawab.ma:content:d6a826345f4d0116a12b41c5,g5156,3
mubawab.ma:content:91c0eeddd2bf9409d2cd06c4,g5565,0
mubawab.ma:content:feb5f899813b00d11f445e40,g5567,4
mubawab.ma:native:8349579,g5568,4
mubawab.ma:content:9f86351ebc4dd592ed01f37c,g5569,3
mubawab.ma:content:8e15304a7fcec04c5f105a78,g5570,2
mubawab.ma:content:55c0aa7c9498e9cdfae79d13,g5571,1
mubawab.ma:content:903fb11d41093af2b0a9ab7b,g5576,0
mubawab.ma:content:4bbab51f854212fb74ff4e90,g4089,0
mubawab.ma:native:8244548,g5580,1
mubawab.ma:content:8e01947739859fccdf9bc93f,g5581,4
mubawab.ma:content:f6c06180d5156382991bc3fd,g5585,3
mubawab.ma:content:0e6a569b86daf5328332e58d,g5587,2
mubawab.ma:content:5e88f7e3726ebc22ee374248,g678,3
mubawab.ma:content:187ee7c48cbbbf25484d6867,g5589,1
mubawab.ma:native:8405899,g964,1
mubawab.ma:content:0f4680b8372bf57e7fd791bb,g4328,0
mubawab.ma:content:677b937f8a2a8137f217fcc4,g3593,4
mubawab.ma:content:49cdf06da08ce1827fc93925,g5595,0
mubawab.ma:content:13f34cb861d903c4720f820e,g4925,2
mubawab.ma:url:36d63afbce1ad6328fc5f263,g5597,0
mubawab.ma:content:5a0b66b2d658a71260ead074,g5603,3
mubawab.ma:native:8310656,g5604,2
mubawab.ma:content:959670c0b3b40273dbad068f,g5607,1
mubawab.ma:content:b4549cefc0b9585c023a0806,g5608,0
mubawab.ma:content:cb0a12ba32462a14c27ff162,g5610,4
mubawab.ma:content:d4c680a6ceeec3e69e7b3f9a,g334,4
mubawab.ma:content:4188cbaef7c511447a8dcdae,g2150,0
mubawab.ma:content:1c6aaaf44b654c41a486533b,g1436,0
mubawab.ma:content:8a28f43cf252a7594cb0ee88,g120,4
mubawab.ma:content:bfbb4b8916553cb46637636d,g5620,3
mubawab.ma:native:8344350,g1432,0
mubawab.ma:native:8362276,g5185,4
mubawab.ma:content:5f5dc9c22396c480e4ee4a70,g472,1
mubawab.ma:content:a80efd922e96e91b1811f7da,g5625,2
mubawab.ma:native:8352691,g5626,1
mubawab.ma:content:27e00dbaf17240b6787fd4af,g5630,3
mubawab.ma:content:55d6c5ff0a43fc80186db621,g29,2
mubawab.ma:native:8404213,g5633,0
mubawab.ma:native:8378867,g5634,4
mubawab.ma:content:4d1e87d880551a9fd172e9c5,g5635,3
mubawab.ma:content:f8a7ae3db062a02e43f74d5f,g5637,1
mubawab.ma:content:87d61f6d4cb8f93635af284f,g5638,2
mubawab.ma:content:c3f4c4a445bbc31cbb7b3620,g5639,2
mubawab.ma:native:8324726,g5640,1
mubawab.ma:content:3f7d12bfb40e3d2ee55fb9ef,g477,0
mubawab.ma:content:fd40db4e95e0af56c36dae16,g5642,0
mubawab.ma:content:fd056c92592a91c62f45a874,g5643,4
mubawab.ma:content:aba942e249fd171bf51c3a9d,g5644,3
mubawab.ma:content:3b144e06e9b4fafc8ccc5a1e,g155,1
mubawab.ma:content:64f14d6f19146f06db14ffb4,g66,1
mubawab.ma:native:8329356,g1948,4
mubawab.ma:content:b9332583436088cbe40548e9,g5652,2
mubawab.ma:content:72d6e5fe814c3c66ce227a44,g5653,1
mubawab.ma:content:c258db6fc57f5eb41bbd5c6b,g5655,0
mubawab.ma:content:55c54b2926021a77b88831e7,g5656,0
mubawab.ma:content:d5ecf45a050308b492e6585e,g5658,1
mubawab.ma:url:39dfc95979a08bd38a60e0ab,g3125,4
mubawab.ma:content:9b777708b8a4dfd406af0566,g5662,3
mubawab.ma:native:8406350,g1950,3
mubawab.ma:native:8275826,g5668,0
mubawab.ma:native:8346512,g5669,2
mubawab.ma:content:e88c0d41b2bb25a298acb02b,g5670,0
mubawab.ma:native:8365923,g818,2
mubawab.ma:content:f0f26c6281b625c0fac17747,g827,4
mubawab.ma:content:9b1a4c2ba95e7e3ff276442f,g5673,4
mubawab.ma:content:a00918205b6b53a609754b62,g5674,3
mubawab.ma:native:8370319,g2731,1
mubawab.ma:native:8293000,g1406,4
mubawab.ma:native:8251314,g371,2
mubawab.ma:native:8260423,g2715,0
mubawab.ma:content:99ff21116022e9fd33a4fb9d,g5683,2
mubawab.ma:content:e3c4f3e45cfe739f9c516350,g5686,1
mubawab.ma:content:fae8a68ba0ee5850c3dc6924,g5688,0
mubawab.ma:content:ea4776aae0c3ecf6b10208ff,g5691,4
mubawab.ma:content:f6d0818c4c669e8e2c2bc3c1,g292,0
mubawab.ma:content:3c384e3ae8c327e0fd8bc24e,g690,4
mubawab.ma:native:8362157,g222,0
mubawab.ma:content:9b8ffa60d747f51a30e88902,g604,0
mubawab.ma:content:b30a9d5bd44259b3cea56681,g5700,3
mubawab.ma:native:8333284,g5702,2
mubawab.ma:content:7724c0007d18895da29e2b38,g5703,1
mubawab.ma:content:6953326a5a32ce929d131bf1,g507,2
mubawab.ma:content:16c9da5970e026d19ebb2c30,g5707,0
mubawab.ma:native:8150042,g5709,1
mubawab.ma:content:11279c65e4837e054f6a7265,g417,3
mubawab.ma:content:2ff2d1bed93eff2c4c5188ef,g5714,3
mubawab.ma:native:8382796,g5717,4
mubawab.ma:content:04bf7f4f0338b314aaee1bc9,g48,2
mubawab.ma:content:5469831724a7adedf97b72b0,g5719,3
mubawab.ma:content:0bc776be369d91a88e65abe5,g5720,2
mubawab.ma:native:8262535,g4260,0
mubawab.ma:content:86fed35f3bf48aed4a7d61a3,g938,2
mubawab.ma:content:cd8a4ff5a9d39114b7666acb,g5724,1
mubawab.ma:content:31c4d5eb41576fad269c8b47,g5726,0
mubawab.ma:native:8374721,g5727,4
mubawab.ma:content:818ce1db6c506d7b87961794,g5728,3
mubawab.ma:content:dcde36bb0a070d58e5c7d0e0,g1591,2
mubawab.ma:content:5bf4d3762344a1c779a008ff,g5733,2
mubawab.ma:native:8355952,g5734,1
mubawab.ma:content:f255b95bbb803a00b0609500,g5735,0
mubawab.ma:content:d06e9cf75e8dcc4b9c1bda66,g3827,4
mubawab.ma:native:8381849,g2389,2
mubawab.ma:content:d4bb49beaefda216c9858a08,g5738,4
mubawab.ma:content:4f25f81af03ef8cf8e9f5d1c,g5740,3
mubawab.ma:content:e66575010e6d303d5c0246be,g5750,2
mubawab.ma:content:69beafa799a99caf6930aee4,g5751,1
mubawab.ma:content:eb558519c91c7b3da15451bf,g4228,1
mubawab.ma:content:c1538d2307478dc441fa14b7,g5754,0
mubawab.ma:content:493aa06c72eb53ec39310159,g5755,4
mubawab.ma:content:fbca026fcf07f40e287101e3,g5756,3
mubawab.ma:content:854a04621e01e865c584e10c,g5757,2
mubawab.ma:content:467de2cb2554d11e48dac86b,g5760,1
mubawab.ma:content:b2f5020f6ae9e76bd351e6ac,g5761,0
mubawab.ma:content:64faf710d036ecab67d37874,g5762,1
mubawab.ma:content:e76993a60810ad97ac99fccd,g5764,0
mubawab.ma:content:eff944223a239fc0431a5f32,g5479,2
mubawab.ma:native:8044037,g4238,2
mubawab.ma:content:04e7d5b5e8070a2f5c6f0c5a,g3471,2
mubawab.ma:content:f55d592841dc6925178a1e1c,g5771,3
mubawab.ma:content:b43cf0405eebf61b0c2a8d26,g3667,1
mubawab.ma:native:8398850,g5773,2
mubawab.ma:content:8d39b61d354641001333b27c,g5777,1
mubawab.ma:content:e99dcb6b33450064c57c924f,g5778,0
mubawab.ma:content:aa46895cc4a7ab96396b0e26,g1093,1
mubawab.ma:content:0954c98c2ac830fcb74b557f,g2166,4
mubawab.ma:content:574ae3523b913c348b722bb3,g5781,4
mubawab.ma:native:8360434,g5782,3
mubawab.ma:content:90c7038f33d81d11907f9ee2,g5547,2
mubawab.ma:native:8383463,g5789,2
mubawab.ma:content:20e9c03c9cec853d18704003,g2094,4
mubawab.ma:content:8800ce1ff05a6c93d2bc2834,g5792,1
mubawab.ma:native:8261686,g5793,0
mubawab.ma:content:530756dae785d2e7f27d68cd,g3812,0
mubawab.ma:native:8339247,g4309,1
mubawab.ma:content:0ab388a3cb0dcd233256fb52,g5799,4
mubawab.ma:content:b3877a25ff8f391e14ea64c4,g5800,1
mubawab.ma:content:ce9a2af3122ba5aeb07a73a1,g5803,0
mubawab.ma:content:e2a595ad8b14289131e23707,g5805,4
mubawab.ma:content:0ffff9d9d5edc34bc889c27d,g5806,4
mubawab.ma:content:282e5a7671aa373e31e7ad3d,g303,1
mubawab.ma:content:bbadfc87b73fdc73e8a09cb0,g5808,3
mubawab.ma:content:c8744ca47ec5264d7da5338f,g5811,2
mubawab.ma:content:caf8bdff6be07a78836606e2,g5812,3
mubawab.ma:content:0e4f8cf1770cfeac74de64fc,g1475,4
mubawab.ma:native:8298231,g1631,2
mubawab.ma:native:8092802,g5817,2
mubawab.ma:native:8339120,g5818,1
mubawab.ma:content:42e9311fc2e0be8c2e813906,g214,4
mubawab.ma:native:8362103,g2464,3
mubawab.ma:content:993ff1f2f5e9a1e9a5ab1e87,g1643,0
mubawab.ma:content:5206c6ca5a069125e9d82d08,g5824,4
mubawab.ma:content:0a2d723653820f20d920085f,g5825,3
mubawab.ma:native:8264417,g3666,4
mubawab.ma:content:641f6ba3cb393730a26edf8a,g5302,3
mubawab.ma:content:f01f1b5d46a8bc7df864df8e,g5829,2
mubawab.ma:content:7f1d223a0af8d63c9972c751,g473,3
mubawab.ma:content:9241668de4ca287d2358c898,g5831,1
mubawab.ma:native:8407801,g292,0
mubawab.ma:native:8358434,g5834,0
mubawab.ma:content:62bce3a4e91aa6f021c381af,g5836,4
mubawab.ma:content:bfe323fac32eae18f6427ffa,g885,2
mubawab.ma:content:f427fe66c41b45a80eb9006a,g5838,3
mubawab.ma:content:d652e636c7126615c7c56f4b,g287,4
mubawab.ma:content:79cfd3e05b246abd290e9a4f,g5843,1
mubawab.ma:native:8378687,g1794,1
mubawab.ma:content:afa9c3c6e5d071a0d53615dc,g5846,2
mubawab.ma:native:8230458,g5848,1
mubawab.ma:content:692dff25f5c2b9bc29ce036c,g5850,4
mubawab.ma:content:89a1850e24db568b8140b944,g5851,0
mubawab.ma:content:f7f76daaeb2afd9a735cfb2f,g5853,3
mubawab.ma:content:5b3a4ad2bfdba669f7d35d86,g5859,2
mubawab.ma:content:e073c965f8354ada5ead59e5,g5861,1
mubawab.ma:content:31c9c642e2a165539a8ddac4,g5865,3
mubawab.ma:content:165e1c4d82842f0c41b54554,g2715,0
mubawab.ma:content:f65540e4d424b2e1c6ba7b1d,g5867,0
mubawab.ma:native:8274599,g5868,4
mubawab.ma:content:5231a9fd9f2e693e9f431d08,g5869,3
mubawab.ma:content:3b21e095c4bc632cb0e43963,g4788,3
mubawab.ma:content:862c9272e7c5b021c0e92389,g5872,2
mubawab.ma:content:56239634ef3a6e1cc15e06fb,g5873,1
mubawab.ma:url:df1da78591c63e0c281d5101,g5875,2
mubawab.ma:native:7891443,g4635,1
mubawab.ma:content:aed9d06f5b292fd0b566aad9,g5878,0
mubawab.ma:content:4ee70501fc0eed7d5176965c,g5879,4
mubawab.ma:content:1ebbe460e303b2f2711f556d,g5880,3
mubawab.ma:content:c8e5ccc278e01feab2b9e5eb,g2848,3
mubawab.ma:native:8356058,g5883,2
mubawab.ma:content:29797ad292c5690dca9cf265,g2291,2
mubawab.ma:content:3f4ad17ec15847a30a28e72c,g5887,1
mubawab.ma:content:f3f754ec63da29e3ee112a3d,g5888,1
mubawab.ma:content:47920310d45dcea0b7b57c95,g5889,0
mubawab.ma:content:ad820e889b9cf5313dc71be4,g5014,0
mubawab.ma:content:9dd6b64d6fe5b8b8e5726aff,g5891,4
mubawab.ma:url:6b0ea772c8b8690b90411d32,g5893,3
mubawab.ma:url:df3f82928cea821bb11cade6,g5894,2
mubawab.ma:content:b5d4927ae3f5c18a943a2baf,g2731,1
mubawab.ma:content:e20c4dd6f03d75326e19145c,g5898,1
mubawab.ma:content:65b39b45fdc03fddb7f09d16,g406,2
mubawab.ma:native:8268460,g281,4
mubawab.ma:content:8111720e56262676c719908a,g87,2
mubawab.ma:content:241e7ec05664c4542f15612a,g5903,3
mubawab.ma:native:8350577,g5104,3
mubawab.ma:content:c27be7be2c5664082080633e,g4923,2
mubawab.ma:content:bc7d8099f605a27dc512b346,g5910,1
mubawab.ma:content:b6f99df3d8258e198e2e3243,g2652,3
mubawab.ma:content:1cbc6153b04cbfb20634b85c,g5912,0
mubawab.ma:content:8530be7c17057d6a62915a07,g5913,4
mubawab.ma:content:de38d79179467f49f649de4c,g5117,1
mubawab.ma:content:7114abdaa2819d97415f45fd,g1729,1
mubawab.ma:content:8747ee95eaf69de4f9d84572,g5921,4
mubawab.ma:url:c35dcb432406d447d1adf9b3,g5924,3
mubawab.ma:native:8320222,g5925,2
mubawab.ma:content:0c69ec4a704f1525079ed9b4,g5927,1
mubawab.ma:content:0a641989c12541c3574b2f20,g2150,0
mubawab.ma:content:f53c8e9f1b601cba70e67bcc,g1239,3
mubawab.ma:content:d46563dafc1c1ca6590b9e76,g5930,0
mubawab.ma:native:8339121,g5165,0
mubawab.ma:content:1d5171b8911ea64e0a2b35fa,g5934,4
mubawab.ma:content:a9dae2235bf1fcc110509a9a,g5935,3
mubawab.ma:content:b33cad83f7c9b1a2e2797e36,g5938,2
mubawab.ma:native:7750664,g5939,3
mubawab.ma:content:9228b09b12c1df7a08bbaf61,g1422,0
mubawab.ma:content:f3d3a77b8649357019781c9b,g5943,0
mubawab.ma:native:8277444,g2256,0
mubawab.ma:native:8341552,g587,1
mubawab.ma:content:6c2d42827df8ec1074b0310a,g4759,1
mubawab.ma:native:8251150,g974,3
mubawab.ma:native:8261569,g5952,4
mubawab.ma:content:f7e135160bd3dfa0abe2656d,g5953,3
mubawab.ma:content:a6a995d01a79ac17fa432f14,g89,0
mubawab.ma:content:e63caa67c06ec3bd2c8a64fd,g5955,2
mubawab.ma:content:7e4f73aa43a678dbcb42850c,g5956,2
mubawab.ma:content:77ef2aecfa87c42685a362dc,g5957,1
mubawab.ma:content:d6d40f2ed37b45515a8683e8,g5958,0
mubawab.ma:content:94b323765e02b02a52d461bb,g5959,4
mubawab.ma:native:8095691,g1486,2
mubawab.ma:content:e02a398b1d7ca4aaf1bb65b1,g5961,3
mubawab.ma:content:457cbf134883ee1c4fbdb62b,g542,4
mubawab.ma:native:8358991,g3204,0
mubawab.ma:content:b8a7da915b4cb34f1c8e8405,g5969,2
mubawab.ma:content:0f465def9be88fadafbb1330,g5970,4
mubawab.ma:content:bb2fd074e48647166f4249e8,g5971,1
mubawab.ma:native:8107768,g5972,0
mubawab.ma:content:cb9cd54bb52dbfd16f79243f,g5974,1
mubawab.ma:native:8406898,g1435,3
mubawab.ma:content:202a37542db5ae117c472bfa,g5977,4
mubawab.ma:content:4f5bb0c5ac541ab2fbc717d7,g5978,3
mubawab.ma:content:e6ca40dfe4cd0f8553c4dc5d,g5981,2
mubawab.ma:content:00717a1fd7c6013bbfb54122,g5982,1
mubawab.ma:native:8089587,g3732,2
mubawab.ma:content:b03420fda7a76b8648a72902,g2514,4
mubawab.ma:content:4086c663018a61a0e26f8e88,g5987,0
mubawab.ma:content:61fbdce7b5295c0b753dee39,g5988,4
mubawab.ma:content:f4ce56475d4856a8f5c249b1,g5989,3
mubawab.ma:content:1ca032444701e0d6f484b2ca,g5990,2
mubawab.ma:content:d661a418062644fbc504e850,g5992,1
mubawab.ma:content:e12ad984736f46092e658d7c,g4122,2
mubawab.ma:content:c3e85867cd6e29324e8841df,g209,0
mubawab.ma:content:9140580dc59516ec54cbf34b,g5997,0
mubawab.ma:native:8334841,g4109,1
mubawab.ma:content:6a0c5810657ae1daf6252bd3,g5999,4
mubawab.ma:content:37a5e0e8a6b305051d0100e5,g6000,3
mubawab.ma:content:8f489daca8ae01f1c715b889,g6002,2
mubawab.ma:content:48bba5bbe332672c972066d6,g6003,1
mubawab.ma:native:8314938,g6004,0
mubawab.ma:content:9b387e65ff9e39a8dc7461ff,g6005,4
mubawab.ma:content:f82e270bbd71a454b5535861,g6006,4
mubawab.ma:native:8337291,g6007,3
mubawab.ma:native:8325858,g326,0
mubawab.ma:native:8330269,g6011,3
mubawab.ma:content:ccd5656dba21273787119e89,g60,0
mubawab.ma:native:8350906,g5078,0
mubawab.ma:content:364603c37be83402d805aa95,g6015,2
mubawab.ma:content:dbe793424e7ad55b56bc2922,g6016,1
mubawab.ma:content:ebc3a50fabacfee7bbdc34c4,g6023,2
mubawab.ma:native:8162074,g6029,0
mubawab.ma:native:8260922,g2294,0
mubawab.ma:content:b4811ffc8a0188ec1b5a558b,g6033,4
mubawab.ma:native:8383546,g2566,1
mubawab.ma:content:6cad17ca7f990fbf518d7d29,g6036,3
mubawab.ma:content:244fc1c3af9979ffc43ac421,g6037,1
mubawab.ma:content:5aba42f75a8eab65af418d9a,g6038,2
mubawab.ma:content:44bd75ab96576bc154842ece,g6039,1
mubawab.ma:native:8368320,g6040,4
mubawab.ma:content:366c41ad70ca7cf3fc0ba0a1,g6041,0
mubawab.ma:content:2b6df0fd66325231736d7fd8,g27,1
mubawab.ma:content:b45a83fc46bdce23bcb66c8d,g6045,4
mubawab.ma:content:c9ed8f1cda8125fb1f7aff8e,g6046,3
mubawab.ma:content:4a3691311e0790c8bc71dd2c,g6050,2
mubawab.ma:content:27db212f0003df6672e6ab7c,g6051,2
mubawab.ma:content:d70a0eef797854183e952929,g6052,1
mubawab.ma:content:f474fe12fd64fbb1624456d8,g6053,0
mubawab.ma:content:f86e3eae9bf9e6313dbd64d1,g5124,4
mubawab.ma:content:351c9c19c442e74e53459096,g6057,1
mubawab.ma:url:6f3396c039ace4a99b76a162,g1387,4
mubawab.ma:content:c90d318e99f58e4764aa2d03,g6059,4
mubawab.ma:content:68acc874a7777c0fc7e30427,g6060,3
mubawab.ma:url:7c61f7465b0d0e20903fce77,g2491,1
mubawab.ma:native:8301501,g3773,3
mubawab.ma:content:f81cc63cbee3870b33ad75f1,g6066,2
mubawab.ma:content:aa2899e4e043d708534e46d6,g6067,0
mubawab.ma:content:69253e2fe441ae8994060768,g5921,4
mubawab.ma:content:34fbf9da769552bbd1892269,g5422,2
mubawab.ma:native:8367887,g6073,1
mubawab.ma:content:133f4d197baa634cf7c1994d,g3616,2
mubawab.ma:native:8266992,g1676,2
mubawab.ma:content:134e8a777ddddca9e9536621,g6077,0
mubawab.ma:native:8235880,g6078,4
mubawab.ma:content:53f6059a3cee7e2d28b1f0c3,g6079,3
mubawab.ma:native:8261273,g6080,1
mubawab.ma:content:7ce1157fdd4f97072e6bd229,g6082,0
mubawab.ma:content:18bea147f5e98f2e9497d8a6,g6085,4
mubawab.ma:content:dcf7ec75218fe12be19bbd8b,g6086,3
mubawab.ma:content:7485c0c1a2f3b547b016856d,g6088,2
mubawab.ma:content:abff7e7079186432e239a37a,g975,3
mubawab.ma:content:a94eea6e3fc3c8eb9d4dd28e,g6091,0
mubawab.ma:native:8397027,g6092,4
mubawab.ma:content:139edfccfef4153456baa5b0,g6093,4
mubawab.ma:native:8391269,g6094,4
mubawab.ma:native:8382235,g6095,3
mubawab.ma:native:8273748,g2902,0
mubawab.ma:native:8324272,g1093,1
mubawab.ma:content:5a565c510914510202ed4923,g6101,1
mubawab.ma:content:0c20cc9529f259999673978c,g6103,3
mubawab.ma:content:4ca7ff924965560c87cf2f27,g6105,2
mubawab.ma:content:0ab2cb50eddf444b67ba47e7,g6106,1
mubawab.ma:content:8e44583ae0f740501f1cdca6,g6107,0
mubawab.ma:content:662c750e535912443643ef7b,g6108,4
mubawab.ma:content:5587399008f78947b8334aca,g6109,0
mubawab.ma:native:8168242,g4437,1
mubawab.ma:native:8297909,g6112,4
mubawab.ma:content:3978d75217d1f425aaa9e07e,g343,0
mubawab.ma:content:fab4b9695d2bc73554f69f60,g6115,3
mubawab.ma:content:47b57dfe085caf9e1a92d8fb,g6116,2
mubawab.ma:content:c728b9cd74ca5ac28cd7422b,g6118,1
mubawab.ma:native:8298456,g6119,0
mubawab.ma:content:6107c904b590dca1d7d55e08,g6120,4
mubawab.ma:content:a02fc9176bc82c446d5db584,g87,2
mubawab.ma:content:3f3cf9496923ef203a5905bb,g6123,3
mubawab.ma:native:8380850,g6125,3
mubawab.ma:content:fc33f4469d95751a325b788b,g6126,2
mubawab.ma:content:2a0f399766506e771ecd2079,g6127,1
mubawab.ma:content:e1f39f77f9b839c51b28ec96,g6129,0
mubawab.ma:content:9ede6f89becd9d92d33b0dd9,g6133,4
mubawab.ma:native:8397647,g225,3
mubawab.ma:native:8349532,g711,1
mubawab.ma:content:12720700914befaf12fbb5b3,g6138,3
mubawab.ma:content:63a6cd4ddef8214580b99f1a,g306,2
mubawab.ma:native:8394491,g6143,2
mubawab.ma:content:206e9bfe0fd5eb60b2283177,g6145,1
mubawab.ma:content:aa92361fafd0908a16b56d73,g3018,2
mubawab.ma:content:0aaef4eefdca03941fad103d,g6149,0
mubawab.ma:content:be04d94a8b0e783fa74c5a05,g2606,2
mubawab.ma:native:8280081,g6153,4
mubawab.ma:content:1de5efd48ef8158af9d51016,g6154,3
mubawab.ma:content:23b832c3a607a8af2a9c8501,g1017,2
mubawab.ma:content:5de5977424d7302b1f42e3b3,g6157,2
mubawab.ma:url:83296f1f7bd5fe05aa8fa2c6,g6159,1
mubawab.ma:content:4a9186bbaaaf31bca02d74bd,g6160,0
mubawab.ma:native:8402492,g6165,4
mubawab.ma:native:8315123,g6167,0
mubawab.ma:content:00673e7b3c0b6a43a575daea,g6168,3
mubawab.ma:content:c0e5fae3157347f829e3b714,g333,3
mubawab.ma:content:bd09ed94d85111e4f62c467d,g6170,1
mubawab.ma:url:8a6d3bf1812481ae7424fde9,g1086,2
mubawab.ma:content:fc9111b002aee98a0b29a3ca,g5121,0
mubawab.ma:content:70ddf33b6075af2b619bd25c,g6175,0
mubawab.ma:native:8398984,g6179,4
mubawab.ma:content:3d251cc09d2dd5698ff7f625,g6180,3
mubawab.ma:content:2991e598ab82eae3dca966a2,g6181,3
mubawab.ma:content:a2b0000b47dce48d89126a70,g6185,3
mubawab.ma:content:3c53bb4af8ea9db5aa1262d7,g6187,2
mubawab.ma:native:8236400,g2219,1
mubawab.ma:native:8373805,g786,2
mubawab.ma:content:33a0fc2225f06f2c08a0814c,g6191,1
mubawab.ma:content:3a27831cbf820f6fa9e0d700,g6198,0
mubawab.ma:content:bbc903af73f751e4e99c5eb5,g6201,3
mubawab.ma:content:be351994a2b12088ad606b3f,g6204,2
mubawab.ma:native:8264202,g6206,1
mubawab.ma:content:02b0123cd5011b1ef81f4ce0,g6207,0
mubawab.ma:content:7cfcd97dc551ce909800f922,g6208,4
mubawab.ma:native:7838722,g6210,2
mubawab.ma:content:903da4c632c72b36a13e758d,g6211,3
mubawab.ma:content:d15a666abe390ff5efcf8172,g6212,2
mubawab.ma:content:1f85849825fe1845bd12e8d2,g4913,1
mubawab.ma:content:a48fe17d2e2a258359c35ebb,g2922,2
mubawab.ma:content:c2d6f35c65f5ff7a2131f042,g6218,1
mubawab.ma:content:517f0d829a5393f3a66a8605,g6221,0
mubawab.ma:content:cbe87e1c201e16a730efcd95,g477,0
mubawab.ma:content:81bf50a52e53ff749df1ed75,g6223,4
mubawab.ma:native:8395953,g4568,3
mubawab.ma:content:3a685f645e4971f05452d12c,g6225,3
mubawab.ma:content:296739a30a5d6ece3aefed56,g6226,2
mubawab.ma:content:ee4eaa9d52ba9a7acc414f06,g3616,2
mubawab.ma:native:8380501,g6228,1
mubawab.ma:content:77cf7b1091d931bb4eef93de,g1884,4
mubawab.ma:content:be765a395b8581b1813de820,g1265,2
mubawab.ma:native:8365028,g6233,4
mubawab.ma:content:0956ebab8edcf27f7200353e,g6234,3
mubawab.ma:native:8348350,g6236,1
mubawab.ma:content:ffa4bd4e4f274161a205af76,g2690,2
mubawab.ma:content:c934b4d68f9fbfa95137eaa1,g4361,2
mubawab.ma:content:3b7a94280b34b44aa91d4bb1,g6239,2
mubawab.ma:content:1d14fae82e0cbc58f803076a,g6241,0
mubawab.ma:native:8273705,g4387,1
mubawab.ma:content:543967a384ffa817d043f11b,g6244,4
mubawab.ma:native:7822256,g6246,0
mubawab.ma:content:0e73c8fbf9932ec0b1a51a92,g6249,3
mubawab.ma:content:28219985813d37c5f60ac9b6,g6250,2
mubawab.ma:content:6b7428a63adb94df6b2d337d,g733,1
mubawab.ma:content:73f6bbe1d7f4f75e9384a288,g3419,0
mubawab.ma:content:e5a9a6a84902667f5a25776e,g1123,1
mubawab.ma:content:166ad32934cdc1b808c0f58e,g6257,1
mubawab.ma:content:4514afb6f33d8428bdf14337,g1422,0
mubawab.ma:content:47302e77f86d06cd760183ba,g6259,0
mubawab.ma:native:8395410,g6260,3
mubawab.ma:content:18c68b8adfff2e7f97b4a6b3,g6262,2
mubawab.ma:native:8132746,g4871,2
mubawab.ma:content:2701f628f2dffb017bbb7498,g6265,1
mubawab.ma:native:8128941,g6267,4
mubawab.ma:content:4f89d3a56eb388775b3ba188,g6040,4
mubawab.ma:native:8388738,g6269,0
mubawab.ma:content:0a969d1e238db5b16f05f5ba,g1077,0
mubawab.ma:content:34f79319377b1867ec11a610,g4772,4
mubawab.ma:content:e3db6f5bb84a31241103e11d,g695,4
mubawab.ma:content:d66619c795b1bec292cbfe13,g6276,3
mubawab.ma:content:412bd9b4a0fef969ee914dc3,g6278,2
mubawab.ma:native:8225910,g5658,1
mubawab.ma:content:e4b102414b97982415788250,g6285,1
mubawab.ma:content:90dd4b8c261318bcdd4a91c6,g6287,0
mubawab.ma:content:3f83a099b64b1e2e28f7f69c,g6288,2
mubawab.ma:content:a2a58c76e25ffbb695fb24c0,g3633,1
mubawab.ma:native:8346375,g4020,0
mubawab.ma:content:cbf50acce013a6f17637d7cb,g1284,4
mubawab.ma:content:7fd492d435edccbd7b750014,g6295,4
mubawab.ma:content:21a020bbb20220b7d2edf663,g6298,3
mubawab.ma:native:8391275,g6299,3
mubawab.ma:content:7b2960a0be14ffc0474e824f,g6301,2
mubawab.ma:content:c8f61796fb2a12dba4f7c758,g563,4
mubawab.ma:content:0105823c58156a7be295ed6a,g6306,2
mubawab.ma:content:f91e69133c9b80f5adfc032f,g6308,1
mubawab.ma:content:302ddfe9b4019efd5b8af366,g6310,0
mubawab.ma:content:2de1f82de295e2566aa82c1c,g6311,4
mubawab.ma:native:8320384,g2763,0
mubawab.ma:content:98243405fbb59db64fd80be7,g6314,3
mubawab.ma:native:8261721,g6316,2
mubawab.ma:content:76136738057812c039dc940a,g6318,1
mubawab.ma:native:8401867,g6320,4
mubawab.ma:content:42be613210082a8845433a05,g6321,3
mubawab.ma:content:c1840ce45f34bb8bf6a20f8b,g890,0
mubawab.ma:content:7f586b349e9dd778f4dea05d,g6325,2
mubawab.ma:content:cffc6584672879f2942349b3,g6327,1
mubawab.ma:native:8200326,g6329,0
mubawab.ma:content:d465feb5d3e3462a40117d4e,g6330,4
mubawab.ma:content:79b6289a89185be09a140e90,g6331,3
mubawab.ma:content:d55a18afbc23f087b6ab1eef,g6332,2
mubawab.ma:content:8d6be671160c2e98c7500a8a,g6336,1
mubawab.ma:content:00070999dc4991bdaa028b6e,g6337,0
mubawab.ma:content:4291bd152aeb05d7f116d4c7,g1706,1
mubawab.ma:content:4a4e8e6d3575f678bff234ef,g6339,4
mubawab.ma:content:988734601c871b6fb8ee6d7c,g1261,3
mubawab.ma:native:8389065,g6341,2
mubawab.ma:native:8389856,g1487,2
mubawab.ma:native:8390762,g6345,1
mubawab.ma:content:9b18eb0141c2b8c68e9ce09a,g6346,0
mubawab.ma:content:edb6b94cee20ce2f90fd8052,g6349,4
mubawab.ma:content:9f31a8ca4a8a287aa84b6fe1,g2986,1
mubawab.ma:content:e8445629001b5ffbd9e5db32,g392,0
mubawab.ma:content:298d02f7beb661c38bf5ff19,g6352,3
mubawab.ma:native:8238324,g6355,4
mubawab.ma:content:f48bd179b561e68c4db1e2ff,g6357,3
mubawab.ma:content:0ad8e03b1dd19937511fa759,g6358,2
mubawab.ma:content:f22c6d808b4f52d15edc4616,g6360,1
mubawab.ma:content:62342b8f24eedab9d1dd0994,g6361,0
mubawab.ma:content:0d68441ebea1e3f5b2fae2d5,g6362,4
mubawab.ma:content:568b683474de47bc5b06d4cd,g6364,2
mubawab.ma:content:a21d11d8436c70bf6ea6bbc2,g4297,0
mubawab.ma:content:cfb48ee411d0f2fca7053e04,g6369,3
mubawab.ma:native:8342739,g6372,1
mubawab.ma:native:7903929,g6373,0
mubawab.ma:content:8f67d1b3f7ec979ac17bda23,g6374,4
mubawab.ma:content:d399d9f19a09be0229eaa90a,g6376,3
mubawab.ma:content:96c5832d2107b03058c8de61,g6378,2
mubawab.ma:native:8394281,g6380,1
mubawab.ma:content:1a14fd8fa2d9931de697840a,g6381,1
mubawab.ma:content:27f098cc1b34a092d9c19ee9,g3615,3
mubawab.ma:content:37386dfac96a62b4c6312aa0,g162,0
mubawab.ma:content:d6aa21566f0530ee377fe6e5,g5811,2
mubawab.ma:native:8005114,g1778,4
mubawab.ma:content:ecbd394a6f3484046a40fbaf,g6386,0
mubawab.ma:content:a617f9c2114f400d4efb9a14,g6389,4
mubawab.ma:content:819c739a08fe457403395d4b,g6390,3
mubawab.ma:content:85af435376a2e9ea5011698a,g6392,2
mubawab.ma:content:a30b14c284de6a4a472a63a9,g6394,1
mubawab.ma:content:c53a39473d3c361042658eae,g6395,4
mubawab.ma:content:7da7ff70365e096e5aca3146,g2240,0
mubawab.ma:content:3d4476647f96cdd5817857e1,g6403,3
mubawab.ma:content:ce3e49e625060460976336c7,g6405,3
mubawab.ma:native:7791841,g6406,2
mubawab.ma:content:fe43085e7b1c7219e54fe8d5,g6407,1
mubawab.ma:native:8375359,g115,2
mubawab.ma:content:601e16b8640bacc0054a3bf3,g5085,3
mubawab.ma:content:a17e16880f8c716f7b78893d,g6411,4
mubawab.ma:content:f3e9310df250f09890c87354,g6412,3
mubawab.ma:content:c8ff52827bb61aa3d1d13c50,g6413,2
mubawab.ma:content:870664501cc5e0ba207cdd92,g6414,2
mubawab.ma:content:5dd20c62f0a82c8cc1f57812,g1179,2
mubawab.ma:content:8d1a7bde8e6a75a4df35d8bf,g6417,1
mubawab.ma:content:19ee948b5ce02b24cee9428d,g6418,0
mubawab.ma:native:8220704,g6423,4
mubawab.ma:content:9c1c9a59016cd9722c99d6fb,g6425,1
mubawab.ma:content:e7ecef57074461913cece711,g6427,3
mubawab.ma:native:8332579,g6428,2
mubawab.ma:native:8394701,g5,1
mubawab.ma:native:8337737,g1691,4
mubawab.ma:native:8396977,g6432,0
mubawab.ma:content:5ab1628c805769dde1fbac4b,g6433,1
mubawab.ma:content:78b88fbbbc4aa2a07daea523,g6434,0
mubawab.ma:content:c53565fc8ebe60f9fd2bb51f,g2288,2
mubawab.ma:content:d9278168d150a0a77c50a590,g6439,4
mubawab.ma:native:8390427,g6440,3
mubawab.ma:native:8266354,g4668,3
mubawab.ma:native:7734519,g336,2
mubawab.ma:content:5bf7d94011ea1e68b2694e1c,g6444,2
mubawab.ma:native:8400187,g6236,1
mubawab.ma:content:4559f6d231901e7561c71028,g6447,4
mubawab.ma:content:ffcd27fe5f6169dd40ffc7d7,g6449,1
mubawab.ma:content:498467ee02cc1d9f1fcf4f9a,g6450,0
mubawab.ma:content:df3918c8e43a501374109120,g6455,4
mubawab.ma:native:8377658,g4677,4
mubawab.ma:content:2b486eeeef75bfa95704a34f,g6459,3
mubawab.ma:native:8393415,g6461,2
mubawab.ma:native:8009175,g6462,1
mubawab.ma:native:8362959,g6463,0
mubawab.ma:content:ad4b916bc9d1511a3435fac2,g6464,4
mubawab.ma:content:d922e0ed167aad6b79c825a2,g6465,3
mubawab.ma:native:8235072,g6466,2
mubawab.ma:content:91bc7ade0b1c7fb178032234,g6467,3
mubawab.ma:content:2c6b1bf173735e134c6a2b2d,g6468,1
mubawab.ma:native:8331829,g6469,2
mubawab.ma:content:695e768a1efd9375a5ce7f6c,g6470,0
mubawab.ma:content:7d3a7ffe4157ce19ba375c5c,g37,3
mubawab.ma:url:adda243a790c5b1e905f5845,g6475,2
mubawab.ma:content:7562f0616ee1d55042276e30,g923,4
mubawab.ma:content:28faaeca390b572db9f591f4,g6477,1
mubawab.ma:content:9e919fd9279200a661e7104b,g6478,4
mubawab.ma:content:7da10217ee24761341ec18af,g6479,3
mubawab.ma:content:7071aa9628b196cccc312faa,g6482,2
mubawab.ma:native:8401827,g6483,1
mubawab.ma:content:bb557430def031794044807c,g5538,3
mubawab.ma:content:bcc5abe584441d101a83b217,g6485,0
mubawab.ma:content:cfba3ea0d7df7b5beb452586,g2712,0
mubawab.ma:content:319b2af4318d77bc6e0561c3,g6491,3
mubawab.ma:content:a999347b8701bf2f72ca7c86,g6492,2
mubawab.ma:content:062ea749106e8f7974ca48aa,g6493,1
mubawab.ma:content:c732197fa3d7dbb3d72cf20b,g447,2
mubawab.ma:content:c3b3078a236f8b7173737d0a,g1016,3
mubawab.ma:native:8350498,g6497,1
mubawab.ma:content:2371794ff7ff10de5ecb7166,g6498,0
mubawab.ma:native:8403040,g6499,4
mubawab.ma:content:e12262d3d103fb4207dafc2e,g6502,4
mubawab.ma:content:ebf7849cf2caa0a876c32b8a,g1775,3
mubawab.ma:native:8182273,g6507,3
mubawab.ma:content:86eaa2ab4064aaa8492dc548,g6508,2
mubawab.ma:native:8222907,g5115,2
mubawab.ma:native:8264842,g6511,1
mubawab.ma:content:6aa85d22ce8e35d1fae3e238,g6514,0
mubawab.ma:content:30baa65f3db92a2890719a48,g6515,4
mubawab.ma:content:19ae1aff63f20442b1911476,g4313,3
mubawab.ma:native:8330222,g1037,4
mubawab.ma:native:8305332,g2716,4
mubawab.ma:content:0d41845b1f5d0667c658bd59,g6524,3
mubawab.ma:content:7ba401fed909e2100fd65ae6,g1343,3
mubawab.ma:content:a5ef4e5762c5b0902d93fe86,g5360,0
mubawab.ma:native:8378877,g5232,2
mubawab.ma:content:ed6e507f50aa30d1b359e173,g6530,2
mubawab.ma:content:35addf9ec18710a896c34615,g2260,4
mubawab.ma:content:dd9e29f0976655e2e2872bbf,g6532,1
mubawab.ma:content:3b0e287f59089164cf50da24,g6533,0
mubawab.ma:content:2dd50f4d4b6a343f18fa27df,g6535,4
mubawab.ma:native:8280037,g6536,3
mubawab.ma:content:7e399f2f3f3f7a2252f24d6a,g6537,2
mubawab.ma:content:102566d5146d023b1e33e081,g1618,1
mubawab.ma:native:8405746,g2491,1
mubawab.ma:content:77c14a35df24eaebf2bf9faf,g6544,1
mubawab.ma:content:c2fcb9423afc64679e00bf12,g6545,0
mubawab.ma:content:b573dafbfb61221e7f74e400,g2298,4
mubawab.ma:native:8306790,g1125,2
mubawab.ma:content:dc56ef08d0a0c93694473d5d,g6550,3
mubawab.ma:native:8342816,g4967,4
mubawab.ma:content:98e76576ae5eab7e891cbb82,g6552,2
mubawab.ma:native:8364769,g6553,1
mubawab.ma:native:8346748,g490,0
mubawab.ma:content:2829d5eaf9068c0988847311,g6556,0
mubawab.ma:content:7ec032732e27b68116baab4b,g6558,4
mubawab.ma:content:febf404795e4e4daf994d1bd,g5016,4
mubawab.ma:content:5d60ceae5cf8f4b1b9a394b5,g6560,3
mubawab.ma:content:70214a73f38db163d47b349c,g6562,2
mubawab.ma:content:63bfa99d3ac3d37774a0fec7,g301,4
mubawab.ma:content:632a4841b3d3579a34423927,g6566,1
mubawab.ma:native:8260581,g6567,0
mubawab.ma:content:1a3215f1ebaf4646b7579cd4,g6568,4
mubawab.ma:content:814a67ca3520954b6786be7c,g6569,3
mubawab.ma:content:4562dceff42916f06ea9c559,g6570,1
mubawab.ma:content:12e984118f9b1ea10f87a33d,g6571,0
mubawab.ma:content:bd2054e04f530deaddfba3fc,g6572,0
mubawab.ma:native:8346403,g6574,2
mubawab.ma:native:8299423,g6575,1
mubawab.ma:content:cb368a4e486d4c8e91b9c4cf,g6578,4
mubawab.ma:native:8392188,g6580,0
mubawab.ma:content:9c1dcd229fc8e3b4809051d3,g6582,4
mubawab.ma:native:8376029,g2364,0
mubawab.ma:content:a5143e15f54e0e3798fbf0b9,g6584,3
mubawab.ma:content:14c5f05c2eef2a192ea163dd,g6586,2
mubawab.ma:content:0be28c8efd78871c337ac2f1,g6588,1
mubawab.ma:native:8370271,g261,3
mubawab.ma:native:8390611,g6594,0
mubawab.ma:content:465a6f6287bcd078eeb24788,g1599,1
mubawab.ma:content:a69dea9a5505eae6690b5904,g6598,3
mubawab.ma:content:49d733fda34facbf0627d2b4,g6599,4
mubawab.ma:content:39877e3ed4d5643507990413,g6601,3
mubawab.ma:content:7f6e0096162ca5dbeb020916,g6602,2
mubawab.ma:content:ee2176bb30e9b700299066ac,g6603,1
mubawab.ma:content:5fa5402da6c0e234c3183ffe,g6604,0
mubawab.ma:content:f816778139da6f975fe5f0dc,g6606,4
mubawab.ma:native:8358465,g170,4
mubawab.ma:content:6de2623134b9d5f2c7dc20c2,g6608,3
mubawab.ma:native:8194790,g6609,2
mubawab.ma:content:ac486a5c6473891737456096,g6611,2
mubawab.ma:content:c3cabce23b8d7720f678445a,g6614,1
mubawab.ma:content:4e0310bc17bbb3a32a9c0fcc,g6617,0
mubawab.ma:content:405f9b2a65865d6a343b0cb1,g6618,4
mubawab.ma:content:4fbeac3ab348806142c9963e,g3024,3
mubawab.ma:content:6b64c0499f947a6ea6027de3,g6622,3
mubawab.ma:content:dd4ce94d8d4c0302be6c9839,g6623,2
mubawab.ma:content:faa8aa857685422d86c21cd4,g6624,1
mubawab.ma:content:4b2a59bc1e0348b8df029a63,g6625,0
mubawab.ma:native:8383540,g6626,4
mubawab.ma:content:09a9a4647b63eb12d8f9cfc6,g6627,3
mubawab.ma:content:4cefa0cf1f0ce85f8fcbfa3e,g6628,2
mubawab.ma:content:85d6730f8c3f57000246247c,g6629,1
mubawab.ma:content:9edb5097749018f2b8acf3f9,g6631,0
mubawab.ma:content:f4e96d05d057a75c20643635,g6632,4
mubawab.ma:content:4aad93dc6cf3d5f664a83756,g3092,1
mubawab.ma:native:8258601,g6635,3
mubawab.ma:native:8389836,g6638,2
mubawab.ma:content:48b23e8055cbbe0c7906cc74,g6641,0
mubawab.ma:content:61bbb1496eeeb3c51a344fff,g6288,2
mubawab.ma:content:43a3c04c218b5eb5d6f3281f,g4651,2
mubawab.ma:content:87a38ea127bc38809d58edf8,g6645,4
mubawab.ma:native:7741299,g6649,3
mubawab.ma:content:2d5ced2dc0dcfb3768215c6a,g6651,1
mubawab.ma:content:7918443520e8c5b495421598,g6653,0
mubawab.ma:content:d654f0416b31099af7c50877,g1266,0
mubawab.ma:content:73ddaf8695e9f74b8e806430,g6658,4
mubawab.ma:content:ab034ca292bdddb2c2eeb5f2,g5073,1
mubawab.ma:url:ad08a9816f404baff1792045,g1962,3
mubawab.ma:content:9e0979b95ced26d12e58cc25,g6663,3
mubawab.ma:content:d2eae64a04c5d37c4d405938,g6664,2
mubawab.ma:content:623ed66b6e5a435a80b17d23,g6571,0
mubawab.ma:content:622ef4f8d5ce4a5c30bffeba,g4162,4
mubawab.ma:content:e089e914e526493a4070ddf7,g6669,1
mubawab.ma:content:294b8f8896b7e60d37c378bf,g6670,0
mubawab.ma:content:8b81539559b19eb05d0d4410,g6673,4
mubawab.ma:content:a761036b4af1919faf55097b,g6674,3
mubawab.ma:native:8264306,g6676,2
mubawab.ma:native:8136589,g6677,1
mubawab.ma:content:78269c318d2a79f364c4c926,g6682,0
mubawab.ma:native:8264223,g3719,4
mubawab.ma:content:5c33f49ef79c6342da5addb7,g6684,4
mubawab.ma:content:29975b30ce30bb9bc8ea174c,g334,4
mubawab.ma:native:8406362,g6687,3
mubawab.ma:content:58398afa5db5faf9dcf458a4,g761,1
mubawab.ma:content:243c34bd19e0ab71a64ef415,g6690,2
mubawab.ma:content:144044ad98a7d751d009df6d,g6692,1
mubawab.ma:content:e776e0797c43fd910f762ee5,g6694,0
mubawab.ma:content:f46ac8907a90e0bff199f567,g6697,4
mubawab.ma:content:435ebf09305f64eaea202a6c,g6699,3
mubawab.ma:native:8325640,g6702,1
mubawab.ma:content:13f7909962c172dcc4c10d0f,g6705,0
mubawab.ma:content:1752bcf6dda417d3bfe03aba,g6706,4
mubawab.ma:native:8371999,g6101,1
mubawab.ma:native:7865652,g6477,1
mubawab.ma:content:a6c3919c6d7e30b6277b6280,g6712,4
mubawab.ma:native:8306781,g1419,3
mubawab.ma:native:8242477,g6721,3
mubawab.ma:native:8333839,g3299,2
mubawab.ma:native:7842855,g6726,2
mubawab.ma:content:93c1aaeaf745f07e8433e270,g6728,1
mubawab.ma:content:ca6beee2572881100425d55c,g6729,2
mubawab.ma:content:62427a4a09985f86fb9557dd,g6732,1
mubawab.ma:content:f9166e5dc41e85757ed0d153,g6733,0
mubawab.ma:content:fccbfbb4633d083b6f65d566,g5714,3
mubawab.ma:content:b8f5ccd76e7ba5da9b4318ef,g1224,1
mubawab.ma:content:31b4b9561b57fe0a243bd1e8,g6738,4
mubawab.ma:content:ae90dc7e2bd63be9b068c8bd,g4790,2
mubawab.ma:content:3cab0d38873dfedf879632e8,g6740,3
mubawab.ma:native:7802833,g6741,2
mubawab.ma:content:e791e7d009203b2f8dda264a,g6744,1
mubawab.ma:content:07e8ebbce8d698fb3a13e39c,g6746,0
mubawab.ma:content:aa38ca4d9cbba427e308f92c,g6750,4
mubawab.ma:native:8358790,g6752,3
mubawab.ma:content:db373012ee59bd99d335b5e6,g6753,2
mubawab.ma:content:81f9e0bc3953d44f73106dca,g6754,1
mubawab.ma:content:2d76da0458dc1d2d5cd8a782,g6755,0
mubawab.ma:content:d76c3237b1cc96aa764d125a,g295,3
mubawab.ma:content:0170199ebc6561b65cf3bb06,g6758,4
mubawab.ma:content:64395640c46b85878353c88b,g104,0
mubawab.ma:native:7937586,g2514,4
mubawab.ma:content:96ebe04e4be8924b859351e4,g6762,2
mubawab.ma:content:52d1a815ec8b2ea4e09f637a,g6763,1
mubawab.ma:content:81d7c2c35c7ccc217bc2f781,g6765,0
mubawab.ma:native:8349320,g6766,0
mubawab.ma:content:e4eb74014af94fa0cb073d9f,g6767,4
mubawab.ma:content:40f45cd9710fcaf00fade5c8,g3743,3
mubawab.ma:content:c4dac2c9cb97bdb835df7203,g2945,3
mubawab.ma:content:3dd4faa86f020bfa52a83617,g6773,3
mubawab.ma:content:398fea6e451550889999cf25,g6775,2
mubawab.ma:url:62c505eedc4141d09dfeddeb,g5348,3
mubawab.ma:content:4f68ff5a573c6b148733f5c2,g6778,1
mubawab.ma:content:8c74f0c286169114ff16e79b,g6781,0
mubawab.ma:content:d7ca073ba136b4f1bd9bf200,g4668,3
mubawab.ma:content:2468183bdca0cc156d6ddffa,g6784,4
mubawab.ma:content:753f61ed28426b1d0bfafac1,g6785,3
mubawab.ma:content:1702c2bb62749bad0e1c8cc3,g6786,2
mubawab.ma:content:fcbb1ab5c11d3c38cd1ef35d,g6787,2
mubawab.ma:content:9e51393a36c8253a5f0372cb,g6788,1
mubawab.ma:content:f7c52bd6d9bd552e16f51549,g6789,0
mubawab.ma:native:8059791,g6790,4
mubawab.ma:content:556b0a3e99a04364eaeb04bf,g1746,2
mubawab.ma:content:65d6be72ccc6d4c634ad9402,g6792,3
mubawab.ma:url:9d23441803df95d8b53cee0a,g6793,2
mubawab.ma:native:8072808,g6796,2
mubawab.ma:content:b3ebac08eecc0bf754e84c4d,g6798,1
mubawab.ma:content:9d7da4362289981e35d22d5c,g6799,0
mubawab.ma:native:8045507,g6109,0
mubawab.ma:content:1ec9ec487dd9a11ec393c566,g6801,3
mubawab.ma:content:da128e5449b90aa913bdf68c,g6037,1
mubawab.ma:content:1864e886064ddc9f8827f31b,g675,3
mubawab.ma:native:8312159,g6806,2
mubawab.ma:content:7c4a153f63fbca4528a5abf5,g6807,1
mubawab.ma:content:90b9c149b3b72e6a918d1cce,g6808,1
mubawab.ma:content:baa10bc39fd7804bffdebdd6,g4241,2
mubawab.ma:content:6ffd346a383dfd55f309eed1,g6811,0
mubawab.ma:content:a64a0db14b0fe0ef084ea953,g6813,4
mubawab.ma:content:fafb378b22e01df5173b20b2,g6814,3
mubawab.ma:content:4822b5317a13ac0d931fcdd9,g1503,1
mubawab.ma:content:afd043adad566ced8110855c,g6817,2
mubawab.ma:content:f0277feb4a6d3d97b9f0aba2,g1431,2
mubawab.ma:content:65fb1f25ac35d690096ebf19,g3980,2
mubawab.ma:content:ef794ac92b2a312a8eb41409,g2266,3
mubawab.ma:content:a1f0232cd96d4511b2dda635,g6821,1
mubawab.ma:content:990a59b56c90bf38a9ed0e09,g220,2
mubawab.ma:content:f23f1a74cc6b70d94bf65bc1,g1586,3
mubawab.ma:content:94f6880a2b9b1b3fa1b6ede4,g6826,0
mubawab.ma:content:0a4da407b256a61d3a2e7e99,g6827,4
mubawab.ma:content:aa012c6e41ba4d687af9dd08,g6828,3
mubawab.ma:content:7e41335fa039d44e9b3de835,g6829,2
mubawab.ma:native:8368519,g749,1
mubawab.ma:native:8407917,g6831,1
mubawab.ma:native:8275773,g2442,2
mubawab.ma:content:a8112369ee15396a9faa867b,g4039,3
mubawab.ma:native:8244622,g6834,0
mubawab.ma:content:28a20aacf493217d24d11bf4,g6835,0
mubawab.ma:content:7d0a92774d44a361d13104fb,g6836,4
mubawab.ma:content:19a4d11cd8acbe3f6a8e697b,g6837,3
mubawab.ma:native:8396814,g392,0
mubawab.ma:content:0e2f3b7cb6ae2ed16639ac94,g6839,2
mubawab.ma:content:b2089c3f283cb7493d9989e2,g6840,1
mubawab.ma:content:ff14b19d6bc5e78abaffb36c,g6841,1
mubawab.ma:content:6ef6d19aa7c9fa2102adae70,g6842,0
mubawab.ma:content:c7045a96528ab3d3773bca64,g6845,4
mubawab.ma:content:0b1e2509da3b2be481182400,g6846,3
mubawab.ma:content:e18cba2ddf4b491ea0a04cfa,g792,3
mubawab.ma:content:329644f9ddabee84caa512f6,g1228,1
mubawab.ma:content:08cb490c6723fe474be2bf46,g465,1
mubawab.ma:content:8baff1d9ea2fd8fa49b0bb79,g6852,2
mubawab.ma:content:a3d4223dd667f1f2a7f3f999,g6854,1
mubawab.ma:native:8397614,g6856,0
mubawab.ma:native:8335736,g6858,4
mubawab.ma:content:1b4761b36210d3360c07d784,g2722,3
mubawab.ma:content:3bde8299b475e7d78c51d793,g6862,2
mubawab.ma:content:b759df2d8bab134b76421f68,g6863,1
mubawab.ma:content:28dfcf05659cfdcf2a2144a3,g6866,0
mubawab.ma:native:8371396,g4109,1
mubawab.ma:url:ccd00dd317ddfe4d17d6cc1b,g6869,4
mubawab.ma:content:a95116e0b39285d76bf997a9,g6870,2
mubawab.ma:content:04ed2a4316bc9a76aa7069b9,g6871,4
mubawab.ma:content:fd9841374df97bd285736142,g6872,1
mubawab.ma:content:477d05cb9618c7cc444bb535,g6875,0
mubawab.ma:content:7c675daf915cb9aa7f2e8a29,g6877,4
mubawab.ma:content:cea7dd7a50425d5ca8885a60,g6878,3
mubawab.ma:content:420c9d36fa5bcff417cee067,g6879,2
mubawab.ma:content:06dd5ea940d49d2fb3605f40,g290,0
mubawab.ma:content:2db4bae7ea987883ffaa609e,g6881,0
mubawab.ma:content:5ace249ccb22984684792134,g1387,4
mubawab.ma:content:00a32cf658c6cbe759f95289,g4947,4
mubawab.ma:content:7a1f30f8790fd0fa8b15f8fb,g6885,4
mubawab.ma:native:8382118,g6886,3
mubawab.ma:url:8568e00e995a3b9556f20192,g4737,0
mubawab.ma:content:fe4fb42eddb9bc9d867908b9,g6888,2
mubawab.ma:content:32f51591c4d8318d8a32b5b5,g1086,2
mubawab.ma:content:50bbdcbd51bc2ce4cdd3113e,g6891,1
mubawab.ma:content:eac4f70fa001079ec23e9868,g1457,2
mubawab.ma:content:0633688c9e8349e9b298330e,g6895,0
mubawab.ma:content:a900ce7f7d5ffe4be3057fb9,g6896,4
mubawab.ma:content:a7a1a5b69ad224564577b2eb,g2305,1
mubawab.ma:content:9addbefe0326339df7a85ad6,g6899,3
mubawab.ma:content:d40f31dda62204468fd495d3,g6900,2
mubawab.ma:content:90a75f3f3cf401af78cc0fbe,g6901,1
mubawab.ma:content:e120f15dee253ee81f76d01f,g6903,0
mubawab.ma:content:831c296f611140559208b10e,g3671,0
mubawab.ma:content:8ab61b798c2f40dd6c3416eb,g6905,4
mubawab.ma:content:34eeeccb1c9bde39c0a5edcb,g6906,3
mubawab.ma:content:5f9cd23849dc6718de88c305,g6907,2
mubawab.ma:content:e0121de4eb1ac9fe7093db8e,g6910,1
mubawab.ma:content:28a7b93afec37c5f1c195c28,g6911,0
mubawab.ma:content:725ab49487eaf0cf38dedf6f,g220,2
mubawab.ma:native:8185155,g917,1
mubawab.ma:native:8277441,g2213,4
mubawab.ma:content:39a346c49b74feb93a33bedc,g6917,4
mubawab.ma:content:da470d3aa004ea5545f088a2,g6918,3
mubawab.ma:url:96b0725a96b9d78e4d3ee8fb,g6919,3
mubawab.ma:content:a8dae6ec36db453fc11e79a2,g6185,3
mubawab.ma:content:d3ecae76ba385ccffdcee50a,g2519,4
mubawab.ma:content:509fce18273986c1e85cc19b,g6922,1
mubawab.ma:content:698579b852c43e3a4c97943e,g5521,4
mubawab.ma:content:ff1075866070054b35de83c8,g6925,2
mubawab.ma:content:2fe8556772f15e9f3b0e0549,g6926,0
mubawab.ma:content:a7521b07d00e83d96d3f44fe,g6929,4
mubawab.ma:native:8337483,g1448,4
mubawab.ma:content:3ad2999b00384b9fdb74c77f,g6931,3
mubawab.ma:content:4116d78fdcce6db0cc674162,g3541,1
mubawab.ma:content:6e9e3a53686d9694d13ba0f1,g6934,1
mubawab.ma:url:c59602153b61a9b97812498e,g6935,2
mubawab.ma:content:2488d7d2db78636d290f9287,g6936,1
mubawab.ma:content:7e5ae6466d84c523545cc269,g6937,0
mubawab.ma:content:2da1615b7c00554b96cf92e1,g1910,2
mubawab.ma:content:6a99ace3367ffeceac3cfe41,g6939,4
mubawab.ma:content:53b2497e78761d30826ce488,g5388,3
mubawab.ma:content:e7893ee330b882bee53bed33,g6944,3
mubawab.ma:content:023c91fec151c2bfa70c44ad,g6945,2
mubawab.ma:content:2c6533c4288c5bdcc7b24134,g6947,0
mubawab.ma:content:50e2c7136e1f2336bc3c2579,g6948,1
mubawab.ma:content:4c569abff06d9d457eb8bae5,g6951,0
mubawab.ma:content:d7e3c43ef5cad16936a4abc0,g6955,4
mubawab.ma:content:d4491e5ca216e27d9b6cd73f,g1550,0
mubawab.ma:content:52e3a069f162650ae93860c8,g6958,3
mubawab.ma:content:9304e90c85eaf9b7a9ca1d66,g6959,2
mubawab.ma:content:8421aad006a7bc360bbeac43,g6961,0
mubawab.ma:content:b33ec483fc1e1d9fea6f9f91,g6964,4
mubawab.ma:content:f97add029bc05b1616eb75af,g6965,3
mubawab.ma:content:c8114219c74b267ed38d5f35,g6966,2
mubawab.ma:content:32561e13685ef617892dca83,g6969,1
mubawab.ma:content:e5846821f260dfbb3595d436,g6970,4
mubawab.ma:content:daf9b19ea460d0012d8d533b,g3583,1
mubawab.ma:content:7f26dfdffc8f7ba2b3103d34,g2918,2
mubawab.ma:content:8ae8c18b90eaedeff0ccda20,g6973,3
mubawab.ma:content:a3f002dfbf760de9ffee8781,g6974,2
mubawab.ma:content:bd48ca55fe48f8072cbf3647,g6975,1
mubawab.ma:content:1e5bf0f93c03d211140b1cfd,g6977,0
mubawab.ma:content:656d861849b359072363bb27,g1706,1
mubawab.ma:content:07dde031b768761801e780e2,g6980,4
mubawab.ma:content:4efc86c53f50490b4591ee5e,g6983,3
mubawab.ma:native:8250642,g6984,2
mubawab.ma:content:462476d1ee23d9e89511739b,g6985,1
mubawab.ma:content:f258c4f098a31f2bbc3b1949,g6986,0
mubawab.ma:native:8398290,g6987,4
mubawab.ma:native:8389124,g6988,3
mubawab.ma:content:10484d2874dbd99b3b0cf2ff,g6989,2
mubawab.ma:content:7aed74c5577b6d7c08adc99e,g6991,1
mubawab.ma:content:111ddc90e7fd483588fa4285,g2907,3
mubawab.ma:native:8371688,g6995,3
mubawab.ma:content:3df2b4772c31ce24711b21ce,g6996,0
mubawab.ma:content:0c4cb144f945f92ea55feabd,g6997,4
mubawab.ma:content:ea83a05dcefebb49595eb377,g1215,3
mubawab.ma:content:d5d461fd416999aeee5de601,g6999,3
mubawab.ma:content:15437c8277ccf34974694938,g2559,2
mubawab.ma:content:0e0d9e9541d53f6b3fe09ba7,g3863,0
mubawab.ma:content:aae0cdfd8da9b82ce59f2dcf,g7003,1
mubawab.ma:native:8310340,g7004,1
mubawab.ma:content:8d8c13f9c4e302cdf13992d0,g7005,0
mubawab.ma:content:293534622f33e6d671621f27,g2986,1
mubawab.ma:content:d497d376c189913921f3b0bc,g7009,4
mubawab.ma:native:8393220,g7010,2
mubawab.ma:native:8368477,g4527,4
mubawab.ma:content:83f511b89092b1deb11fd8a9,g7012,4
mubawab.ma:native:8240850,g7014,1
mubawab.ma:content:d8300e8d5dc61220ef3b4503,g7015,0
mubawab.ma:content:5bacdc0235c6486f2bb8d365,g3743,3
mubawab.ma:content:ebfdad02e7cef25e26b6475c,g7017,4
mubawab.ma:content:0b92f2cf93e25c9202e5f94e,g7018,3
mubawab.ma:native:8346553,g7019,4
mubawab.ma:content:c9a7651bda89352aba4c7fc2,g7020,2
mubawab.ma:content:ff5e5f1d6ef18103fc796cb8,g7021,0
mubawab.ma:content:db58db636d4931de41337d93,g7023,1
mubawab.ma:content:53c21db77bc0fc66c69c6951,g7024,0
mubawab.ma:native:8335058,g7025,4
mubawab.ma:content:15371d70b9731dc870dd2422,g7026,4
mubawab.ma:content:a4856c383a7f9e537d7b0ca0,g7027,3
mubawab.ma:native:8324315,g7028,3
mubawab.ma:native:8316339,g7032,2
mubawab.ma:content:f0ef13d116f9903ab526bfab,g7033,1
mubawab.ma:content:cd9e5bff019f67a8e6986f32,g7035,0
mubawab.ma:content:5fee70acde30a049573325ea,g7037,4
mubawab.ma:content:662be9e3f0c571b2d1adf398,g7038,3
mubawab.ma:content:e90b8a21c4d27283d9267a42,g7039,2
mubawab.ma:content:0f6934d8b52a1598d078a145,g7041,1
mubawab.ma:content:7e72f73aa94e19f45c8049ac,g7042,0
mubawab.ma:native:8342380,g6475,2
mubawab.ma:content:98ac6ec444f75ccb7d16a213,g7044,4
mubawab.ma:native:8359559,g7046,3
mubawab.ma:content:0d0f3593636c2af0f6c62aab,g3945,4
mubawab.ma:url:9135957dc00e755fa401128c,g7048,1
mubawab.ma:content:842e6e0198700f427c2b7f3b,g7050,2
mubawab.ma:content:37b485b4b2cde0d0bc55bde7,g7053,1
mubawab.ma:content:90ed7fa671be92927a84847d,g2846,2
mubawab.ma:content:329ab4a8cd572132d23f584e,g7056,0
mubawab.ma:content:7ff4bbd4d85826cda6c050fe,g7057,4
mubawab.ma:content:3c7f48b7ce9e3c79db01c785,g7060,3
mubawab.ma:native:8321706,g3502,3
mubawab.ma:content:c491a14fcc16b0925a528e6b,g5051,2
mubawab.ma:content:3a7fa7a390b6d70293557d25,g7064,3
mubawab.ma:content:9425678e21a5efd96caa76ae,g7065,0
mubawab.ma:native:8390060,g7066,2
mubawab.ma:content:392dc632bdd1d5d3d0ccb1a1,g6167,0
mubawab.ma:content:baacbe3c07dd4459605eb628,g7069,1
mubawab.ma:content:f76db3d8ddc217c2881f276e,g7070,0
mubawab.ma:content:3eaa730738d66caba32557ac,g7071,4
mubawab.ma:content:5ec2cad685ff855535f10c6d,g975,3
mubawab.ma:content:402ea5d2a7c501aef7f9725d,g7075,3
mubawab.ma:native:8195749,g7076,2
mubawab.ma:content:7684948be1849fb9777f9a0e,g4474,1
mubawab.ma:content:91c4d544887fe4330c6dd6ac,g7079,1
mubawab.ma:native:7991013,g2514,4
mubawab.ma:content:0a7d0e8d3431865acf1ff505,g839,4
mubawab.ma:content:4a0852e4a3ab4a732643e416,g477,0
mubawab.ma:content:e6093961f3f8e233bdfb0896,g7088,0
mubawab.ma:native:8371716,g7089,4
mubawab.ma:content:960b41e89e556f6421dea9bf,g7090,2
mubawab.ma:content:8f54a432625fd8e30dc7d8d2,g7091,1
mubawab.ma:content:1dc5f9f12e7289248a8c9b86,g7093,0
mubawab.ma:content:3d879ef780c8dfbb596013da,g7094,4
mubawab.ma:content:da8c8fe028d2284f8ca5e803,g2148,2
mubawab.ma:content:3c39be145ff794fbff4743b6,g5875,2
mubawab.ma:content:22f926c1a709eb720bc73f5c,g7098,3
mubawab.ma:content:8bb1a937cd439056cea4d8a6,g790,1
mubawab.ma:content:af915d7b2c868d4ab56d3819,g7101,2
mubawab.ma:content:aa0a8cc46d302972d1393bad,g6786,2
mubawab.ma:native:8383536,g7105,2
mubawab.ma:content:43db30cb157ac20fb29413aa,g7106,1
mubawab.ma:content:8f53c240e887b06a822823f1,g7107,0
mubawab.ma:content:4b050b46355b289f164f8544,g7108,4
mubawab.ma:content:d976bc12e3bc4a1617ac8198,g3316,1
mubawab.ma:content:5fa31f302c2cb69d8060806a,g1011,3
mubawab.ma:content:9a43d606f710765b4a267880,g7113,3
mubawab.ma:content:2bfa8aa2962ff88eac9a3854,g5157,2
mubawab.ma:content:c0b551c9d9bbec6041ae1ca5,g7115,2
mubawab.ma:content:43b7ef4bab54dbb2d7631dc1,g4176,2
mubawab.ma:content:384d12e567fa8bcd8a9654b2,g7123,1
mubawab.ma:content:616fca119517b2c6aefa7a75,g7124,0
mubawab.ma:native:8293713,g7125,4
mubawab.ma:content:5753c31fc82631e993045b69,g7127,3
mubawab.ma:content:7b530045ad9312aa0a2ac91e,g5764,0
mubawab.ma:content:b59313661a84d6224b241076,g7129,2
mubawab.ma:content:4ff0a0664ba5ae34b529fc31,g7130,0
mubawab.ma:native:7817604,g7131,4
mubawab.ma:native:8326830,g7134,3
mubawab.ma:content:f420cd04a92fb788d68f9616,g3354,4
mubawab.ma:content:f3b9606377300e35dd3d98b3,g7137,2
mubawab.ma:content:ada11059b9733822712206e8,g7141,0
mubawab.ma:content:bbaae03a3d7a329c98c0d4e3,g7142,4
mubawab.ma:content:67a1b80f2262686dba823215,g7143,3
mubawab.ma:content:edcaef86154e0dc96ad914d7,g5554,1
mubawab.ma:native:8324934,g7145,2
mubawab.ma:native:8398988,g7146,1
mubawab.ma:native:8157155,g7147,1
mubawab.ma:native:8326775,g6051,2
mubawab.ma:content:657d531b50aa53e0cb37c5ac,g7151,0
mubawab.ma:native:8397382,g3033,3
mubawab.ma:content:e1bed61e4bf5e192635b2c31,g7153,3
mubawab.ma:content:94ae59d02292bcb4fbaeb13e,g7154,4
mubawab.ma:content:3ad3f8692750d30766917657,g7155,3
mubawab.ma:content:22f17bee1a65523fd2d38157,g7157,2
mubawab.ma:native:8294834,g7159,1
mubawab.ma:native:8404969,g5974,1
mubawab.ma:native:8319119,g4470,1
mubawab.ma:content:4d8e68fc0675ee0fab2a54e8,g1881,0
mubawab.ma:content:64595362c8f6bbdf311dfe5e,g5248,3
mubawab.ma:content:730b91296b62e27bfc45d378,g4962,0
mubawab.ma:content:d20af595fd3c90daf57b3bca,g7169,0
mubawab.ma:content:39ea8d2bc4679b314c398255,g5479,2
mubawab.ma:content:f13200f1818b5fbf548d7b89,g7172,4
mubawab.ma:content:33d0a7201bf4db9119a4036a,g7176,3
mubawab.ma:content:e8a8fcf40b3ad0cf17e745c0,g1026,3
mubawab.ma:content:0665298b8d9cb65a06c912fd,g7180,2
mubawab.ma:content:00b58b832ac14ea290561a10,g3252,4
mubawab.ma:native:8308198,g7183,1
mubawab.ma:content:b804131c02c1766e1bf9ed11,g7184,1
mubawab.ma:content:84cbad39cd0eafad75b86eaf,g607,0
mubawab.ma:content:661efb2c1382ab7c5e90ba0d,g7186,0
mubawab.ma:content:2aa354c8fd0447097c666e66,g7187,4
mubawab.ma:content:2737834583351a6752c58279,g2189,3
mubawab.ma:content:5afdafd9195f9258487c8bf4,g7192,2
mubawab.ma:content:bba3b56e6398ed485a458085,g7193,1
mubawab.ma:content:771ecc4f07e3f4e3e167661d,g174,4
mubawab.ma:content:1615d9b832fbb78db1295616,g7196,0
mubawab.ma:content:bb55e1037ff6a0af7a7b2753,g7197,4
mubawab.ma:content:a272c51b494c0c7b3019ba66,g5085,3
mubawab.ma:url:e2465a87491c1bdcad10d92e,g2260,4
mubawab.ma:content:881182d33b038dd3ae991de6,g273,4
mubawab.ma:native:8399520,g7205,2
mubawab.ma:content:690c426b55414ac60f90bbb1,g7206,1
mubawab.ma:content:673e9c63127c85b686d53a33,g7207,0
mubawab.ma:content:13c3f02a4cfcf557f87412b4,g1945,3
mubawab.ma:content:e96cdb2be770dec809bbcc3a,g7212,3
mubawab.ma:content:4a98d93970836b9b9b789cff,g7213,2
mubawab.ma:native:8293661,g7214,0
mubawab.ma:native:8405084,g1419,3
mubawab.ma:content:06216bb1cac7b5741e268701,g7219,1
mubawab.ma:content:3eb34c35f701e7f910f10752,g7222,0
mubawab.ma:content:92173c3bbf9320cc96f1005d,g3468,1
mubawab.ma:content:a9dbec3d82e1668378a24c48,g7231,4
mubawab.ma:native:8386244,g4647,3
mubawab.ma:content:6e0d9041a45efdf5f8759ea0,g7234,3
mubawab.ma:content:75c047f5d1c5effdd63a023b,g3804,2
mubawab.ma:native:7609166,g7239,0
mubawab.ma:native:8349709,g3598,3
mubawab.ma:content:eb7383ea992b271a3b6ada5a,g87,2
mubawab.ma:content:f935723242d18eee46239863,g7244,2
mubawab.ma:content:b1b562348c10ec78d07e5720,g7246,3
mubawab.ma:content:ace7bc6df928e34d7fad8822,g7247,1
mubawab.ma:content:e61b85f96341409794f9dd40,g7248,0
mubawab.ma:content:2260b0f3e8624d85c5c170b9,g7249,4
mubawab.ma:content:0a97cf5e392b7b9cc3f8272e,g7250,4
mubawab.ma:content:443dd5aca68292a3f2da3eae,g7251,3
mubawab.ma:content:037d47e3710ac123ba9c0a2f,g7252,2
mubawab.ma:content:0b20ef017a0068f6873442fc,g7253,1
mubawab.ma:content:51ec8721e0c99ff8779e90a5,g7254,0
mubawab.ma:content:ca56c154334dc61bc835c6cb,g7259,4
mubawab.ma:content:a33b8d03b90320babf5fad2c,g3467,2
mubawab.ma:content:7370a10947be7da441316f79,g7263,3
mubawab.ma:content:5fd1c42f15612def40ce070c,g7264,2
mubawab.ma:content:5a9351f7eb06c093cade6338,g7265,1
mubawab.ma:content:241438a3cdff257e57809410,g7267,1
mubawab.ma:content:c25f59d1e377e469920c42ca,g7270,4
mubawab.ma:content:b50e97ccc8151ca480525741,g7274,3
mubawab.ma:content:a068187c707b76d6a9c9948d,g4662,3
mubawab.ma:content:05f3f90060f77cc56df8c1e0,g7278,2
mubawab.ma:native:8338751,g318,1
mubawab.ma:url:64c4df7af03130d1f7eb6da3,g3848,2
mubawab.ma:content:47429974f801560be9f24cde,g7283,4
mubawab.ma:content:084ed3d61e9b723ae4db6e68,g7284,1
mubawab.ma:content:8b6cacab1aa5d43fd372d254,g7286,0
mubawab.ma:native:8303027,g7287,4
mubawab.ma:native:8389142,g7288,3
mubawab.ma:content:939ba9db50d1dbdae68abf34,g3316,1
mubawab.ma:native:8399341,g7290,2
mubawab.ma:content:f70bede6791840a10e28569f,g7291,1
mubawab.ma:native:8368063,g1054,2
mubawab.ma:content:b7af85013c6e574c15ee8c7c,g7294,0
mubawab.ma:content:fb0fc02161356706eaf2cf66,g7296,4
mubawab.ma:content:b31e304b2d98ae2a734edbe7,g7297,3
mubawab.ma:content:96ebdd4816e73f5009a3af73,g7299,2
mubawab.ma:content:29a882cfbf758ae88c9b69c4,g2687,2
mubawab.ma:content:5184a66d5fdd5d2b54d7e820,g7301,1
mubawab.ma:content:9b5a10b176a3d93d76c9561f,g7302,0
mubawab.ma:native:8329868,g2986,1
mubawab.ma:native:7740717,g1174,3
mubawab.ma:content:81c3e0d8e99ed72de8d8cf93,g761,1
mubawab.ma:content:a1dc1f4c137f589a622fb9a6,g7310,4
mubawab.ma:native:8262394,g89,0
mubawab.ma:content:3612c5a9ff64e1e0001a4341,g7318,3
mubawab.ma:content:27baa31fccc896d2a120496e,g1031,0
mubawab.ma:content:835f44dac1234b43f013b4fd,g3067,3
mubawab.ma:native:8379273,g7322,2
mubawab.ma:content:df0ba8db7876f7394d5c8fc5,g1387,4
mubawab.ma:content:13ca406cfe3189f2a1805b31,g7329,1
mubawab.ma:content:8ef6d7ecff54522e18c4d1ea,g5655,0
mubawab.ma:native:8382669,g5518,0
mubawab.ma:content:b2a96f5b30e3f9675ad98fc0,g7332,0
mubawab.ma:content:7645205eb7dba7442f9ab4e7,g7336,0
mubawab.ma:content:f3967c9d83522bf41fe5801d,g7338,4
mubawab.ma:native:8369114,g1395,0
mubawab.ma:native:8369004,g4997,2
mubawab.ma:content:518a71bbfbe5a80a3c2fae52,g7342,3
mubawab.ma:content:100dd9e104fd3503160b96cb,g7343,4
mubawab.ma:content:18ecc3231deb8bc393a7a145,g7344,2
mubawab.ma:native:8261931,g7345,1
mubawab.ma:content:48d2ce731d3a35babab07f7d,g2649,0
mubawab.ma:content:50b188f7ad1bd837990ebe2d,g7350,4
mubawab.ma:content:1bd0dfc8e487c0f5b4772d2c,g333,3
mubawab.ma:content:ef087624bbeed8be6103bc18,g7355,3
mubawab.ma:content:20fdb6fbf223ad2c58f9ed75,g7356,3
mubawab.ma:native:8160962,g7358,2
mubawab.ma:content:9db9453399f9413b4b1c2a84,g7360,2
mubawab.ma:content:4dbc6e230b9e77de4c5babd1,g2017,2
mubawab.ma:content:b316bb5e0bb3e97f468175c3,g5939,3
mubawab.ma:content:b8f7e833768cbe8e700a6981,g7364,1
mubawab.ma:content:3c73277b7806a39518b164c5,g7365,0
mubawab.ma:content:d8044819cb5b53c0d0ece3c4,g7367,4
mubawab.ma:native:8262170,g7369,3
mubawab.ma:content:67688da1f5e96c0420690d51,g7373,1
mubawab.ma:content:c50f2bbf756ae8f235253476,g3171,4
mubawab.ma:native:8359694,g7375,0
mubawab.ma:native:8261966,g7376,4
mubawab.ma:content:dd99139eb539f50ebec5d1a3,g7378,3
mubawab.ma:content:b41e6d86f126b1e3d7ae3df0,g2963,2
mubawab.ma:content:27f21da14657fbee8113b49c,g7381,1
mubawab.ma:content:a2e383971f0f73d1881a3326,g7382,0
mubawab.ma:content:502136434c9cac1714025d57,g7383,4
mubawab.ma:content:c37e3f2b69355f79b7829b46,g7384,3
mubawab.ma:native:8121263,g940,1
mubawab.ma:content:7090d8b77943e91b3ded0f6c,g7386,1
mubawab.ma:content:508e7277f6a5e6b7ae58fb74,g1095,1
mubawab.ma:content:b776ff81f4625c64edb076c7,g7389,2
mubawab.ma:native:8331718,g3299,2
mubawab.ma:native:8363200,g3692,0
mubawab.ma:content:2dc1a7bd32c55caed2ccbc50,g7395,2
mubawab.ma:url:938524d74bac32c00fffadd8,g7397,1
mubawab.ma:native:8317038,g2802,0
mubawab.ma:content:d3057fb5f91a4d0baa86f6f4,g7400,3
mubawab.ma:content:dc258ea5c464635e4db92523,g1813,1
mubawab.ma:content:8393bb77d41035300717abf7,g7405,2
mubawab.ma:content:ce21c83194460e52dee9164d,g7408,1
mubawab.ma:native:8279755,g762,4
mubawab.ma:native:8346749,g5186,3
mubawab.ma:content:b9170fe162d4caae3b6b82e2,g7412,4
mubawab.ma:content:9d7cedf3258f6313db4fdd00,g3916,2
mubawab.ma:content:186f774950e27aa84724fa1c,g3031,4
mubawab.ma:content:9788d9be983de7c5b92f9818,g7417,3
mubawab.ma:content:213d22576cddd01f5be53a19,g7418,2
mubawab.ma:content:99b50750173a32263426fb90,g7419,1
mubawab.ma:content:ff56713c8da55eafa28faa1a,g6306,2
mubawab.ma:content:d9d3a8db0201e66a7d20a359,g7422,0
mubawab.ma:native:8349504,g3570,4
mubawab.ma:native:8374691,g7424,4
mubawab.ma:content:deb54812aed3fd0e07229324,g6919,3
mubawab.ma:native:8133994,g633,0
mubawab.ma:native:8329882,g7431,1
mubawab.ma:content:cd3f4ed4023a80adafd71f65,g7432,3
mubawab.ma:content:eea1afbb0a6598d6a5cac208,g3978,4
mubawab.ma:content:6d545054608fee3d4655903c,g5567,4
mubawab.ma:content:56b8b31d2d30dbc1c4414fb5,g7436,0
mubawab.ma:native:8348631,g4471,0
mubawab.ma:native:8386478,g2975,4
mubawab.ma:content:733f113fcf2d0bd85f4156cd,g409,2
mubawab.ma:native:8342391,g1802,3
mubawab.ma:content:85143ab864addfde63fda97c,g718,2
mubawab.ma:content:e807afa42e8e3c2f1db3275b,g7454,2
mubawab.ma:content:34bc495803ab4fda20e2b7ff,g1448,4
mubawab.ma:content:d74f157ce8ac3a13337af91c,g7457,1
mubawab.ma:content:5b31a0d7805473f6b1dfdf66,g7458,0
mubawab.ma:content:3dbfbfe73a9d5516646a3c24,g745,4
mubawab.ma:content:d76188622c7f03497935c8c2,g7462,3
mubawab.ma:content:506a3dd608a671286d60f848,g7463,2
mubawab.ma:url:1652ef04847a9c2f1c02c3be,g7464,1
mubawab.ma:content:d5131dcbcc37007972f7e487,g7465,0
mubawab.ma:content:7eb64a3836e36341e275e3b3,g1540,4
mubawab.ma:url:ca350b4b97f06bd7d879db76,g7468,3
mubawab.ma:content:b069dd08b151caecc3f63ccd,g7469,4
mubawab.ma:content:43b962c0fa2663c9aad0343a,g1555,4
mubawab.ma:url:c475d5b8c42e14ac633d87eb,g5887,1
mubawab.ma:content:b6f1a08fc62b6984ee937363,g5310,2
mubawab.ma:content:b9c515d6fdf70eb258ac2954,g7474,3
mubawab.ma:content:05ec9661a8598d2c571aab15,g7477,2
mubawab.ma:content:dd5c01c8814fdee202f8b329,g6057,1
mubawab.ma:content:f4d0cf3b891ac2cf60465d47,g6352,3
mubawab.ma:native:7885661,g7486,1
mubawab.ma:content:a84de6d98ba814743f5431b1,g7488,0
mubawab.ma:native:8261130,g506,4
mubawab.ma:content:279072b04cd6a0efd13fb9ac,g5597,0
mubawab.ma:native:8345429,g2485,0
mubawab.ma:content:ec27b3a26f699cb39e61afe2,g7494,4
mubawab.ma:content:3593090c7908ba6110423c53,g2686,3
mubawab.ma:content:ca1940cc0bb7c4d38b7c0a3c,g1412,4
mubawab.ma:native:8356563,g7497,3
mubawab.ma:content:c3b6088ba8ca284a87ebdf1d,g292,0
mubawab.ma:content:20ecc8006d8d5f2376895c1b,g238,1
mubawab.ma:native:8285245,g4370,4
mubawab.ma:content:990135a1ed22de2417ddb467,g7504,2
mubawab.ma:content:b5ca18edd9c760d4675492e0,g2009,1
mubawab.ma:native:8304436,g7506,1
mubawab.ma:content:b9af1006e3cd4d9e1ae6866a,g7507,0
mubawab.ma:content:561f74519f709c89c3151fee,g7509,4
mubawab.ma:content:3dc9b7135599ded46bba812f,g839,4
mubawab.ma:url:8f4ec01efe8e6d5f4599cfda,g7511,3
mubawab.ma:content:33d530b68c7ea18c0cdc3d65,g2914,3
mubawab.ma:content:7dea94486e531f6c328351c1,g7514,2
mubawab.ma:content:a41b6ab74e988862b8a0b826,g1706,1
mubawab.ma:content:701c49bd6d4fec5cc2dea474,g6582,4
mubawab.ma:content:8d6448b4f1bfa00519244622,g7521,0
mubawab.ma:content:541044ed725d0bd2e2ff4fc5,g2945,3
mubawab.ma:native:8374049,g7360,2
mubawab.ma:content:e16fd244d854f02403c5ab94,g7530,3
mubawab.ma:native:8381388,g7531,2
mubawab.ma:native:8288863,g7532,4
mubawab.ma:native:8359675,g1501,1
mubawab.ma:content:88f0f9f3997ddccfda2d43ac,g7535,1
mubawab.ma:content:367cba2244adeec4e998aad7,g7536,0
mubawab.ma:native:8317347,g4619,4
mubawab.ma:native:8348975,g1916,4
mubawab.ma:content:08b5124b23b0e6f1ba4d9797,g2935,1
mubawab.ma:content:ed4917a49a6b3a53b563553d,g7541,3
mubawab.ma:content:74f707d21d6974f124645dea,g7542,2
mubawab.ma:native:8143660,g4425,2
mubawab.ma:content:f5fae075540cac4ab9bf9a17,g2884,1
mubawab.ma:content:aa3e9251630c06c920b95283,g7545,1
mubawab.ma:content:d1976470f43ec3361b15af3e,g2922,2
mubawab.ma:content:4a06bc5b3230d3ea4d3628ff,g7547,0
mubawab.ma:native:8315038,g7549,4
mubawab.ma:content:67380b47a944940535af32da,g7551,3
mubawab.ma:native:8251612,g7552,2
mubawab.ma:content:1efe94c8e8c60459a47fa573,g7553,1
mubawab.ma:content:92f69b152c214a9505f55c23,g7554,3
mubawab.ma:content:de520398c7bc9832419b6925,g4668,3
mubawab.ma:content:711a27102195547a03b430c0,g7560,0
mubawab.ma:native:8306286,g7563,2
mubawab.ma:native:8238728,g1438,4
mubawab.ma:content:d0ba3ef3b73bfc926de4a25e,g4110,3
mubawab.ma:content:2dabf2369ed9716ec887870c,g7568,4
mubawab.ma:content:a59abd37cee59aa6f6113b29,g7569,3
mubawab.ma:content:f75ee8b9b4187a6d96f5237d,g7570,1
mubawab.ma:native:8386976,g7572,1
mubawab.ma:content:b41b203624e12d7d65a69db8,g7573,0
mubawab.ma:content:ee6b976ec59586a913d06126,g5630,3
mubawab.ma:content:331987d8cf21463eab630223,g2616,3
mubawab.ma:url:7a46d0c25b0aebc2bfbab3aa,g7576,0
mubawab.ma:content:c605ee2065d759450656962b,g7580,4
mubawab.ma:content:7bd576393c3f399442da6766,g7581,4
mubawab.ma:content:c0293223cc98b8bc8158d674,g7265,1
mubawab.ma:content:dc6dca6435e6da7a6a75aec4,g7584,3
mubawab.ma:content:dcda28267aa0e9023f9ed4b4,g374,0
mubawab.ma:native:8395406,g7588,2
mubawab.ma:content:e9a8658e71a7255086478c35,g7589,1
mubawab.ma:content:973765a5a5c4be20f88e7171,g7591,0
mubawab.ma:content:fc507c97a8b3600a50575003,g6023,2
mubawab.ma:content:5f8a062845912f582c6128eb,g7593,4
mubawab.ma:content:b390d38156655869cbad6715,g7594,3
mubawab.ma:content:eb1e7649b3ac86b8e6aad264,g7595,2
mubawab.ma:content:2ba3eb1f33d5c183d9594301,g7597,1
mubawab.ma:content:339db882453f19e6e50d1b36,g7599,3
mubawab.ma:content:ef44627302b497fd38aa4d36,g7603,0
mubawab.ma:native:8356407,g1496,1
mubawab.ma:content:e202c3f81344139ddec39dd8,g7606,4
mubawab.ma:content:5b6a4e7b2315216dd2b3bb3b,g7609,3
mubawab.ma:native:8150819,g2091,0
mubawab.ma:content:ecdf128d5ed9996330b36aae,g2670,0
mubawab.ma:content:aa846d5cf750f649c7ae1877,g7612,2
mubawab.ma:content:f4e00d1258ea383f703703aa,g6067,0
mubawab.ma:content:3a2b0c6b98aacb356919b72b,g5560,0
mubawab.ma:content:8fd60ad5ed8a69bd9f99a038,g7617,1
mubawab.ma:native:8393086,g7619,0
mubawab.ma:native:8390489,g7621,4
mubawab.ma:content:538486b8154ebd9885019a5a,g7622,3
mubawab.ma:content:06fbc568ce6b79b6dc6dcdd4,g7624,2
mubawab.ma:content:50852d9d8d68a4c340f671ff,g3084,1
mubawab.ma:content:4b4eb643471fdc06377e9610,g7627,1
mubawab.ma:content:235dd45da0b59fd7ba34d1fe,g7629,2
mubawab.ma:content:64cbd6f86ef63dcf88a86c7a,g7631,0
mubawab.ma:content:20e96560cba2dd3c9f516b84,g314,4
mubawab.ma:content:69c71aae5d2488ebf1778a84,g7635,4
mubawab.ma:content:9c0714468f9e1466a69dc844,g7640,3
mubawab.ma:content:206f67a0a7a2bff2ffa18e9b,g7642,2
mubawab.ma:content:438d814245afcf86163f43a5,g4998,1
mubawab.ma:native:8159794,g1284,4
mubawab.ma:content:5263bedeb992ea8065c1095d,g7647,1
mubawab.ma:content:8ad75a160beb367fa6966fc5,g7649,0
mubawab.ma:content:f132f6efaded0e4df6aee6ca,g7652,4
mubawab.ma:content:45cf2b9317e28bee4816538f,g7653,3
mubawab.ma:native:8355987,g7004,1
mubawab.ma:content:951e8c1678574b5c4f53df69,g7657,2
mubawab.ma:native:7806596,g481,4
mubawab.ma:content:bd58c8724a69c7cab8d8c841,g7659,1
mubawab.ma:native:8273503,g6381,1
mubawab.ma:content:43bfa930c16e7410991242f2,g7662,0
mubawab.ma:content:e8927d3ce8d49df0c47d70a2,g7663,4
mubawab.ma:content:91d6f7220afbd0b882db5c24,g7664,3
mubawab.ma:content:73dcd4d718a52b9bdfc04df6,g3256,3
mubawab.ma:native:8335277,g7666,2
mubawab.ma:content:cbb0664bce555de6ef105270,g7668,1
mubawab.ma:content:4c904a58be7c504ec75d90ae,g7669,0
mubawab.ma:content:fbc05356beb70fb4191c6066,g7670,3
mubawab.ma:native:8377434,g7671,1
mubawab.ma:content:5e2e499bf2a25730c4972402,g7672,2
mubawab.ma:content:d30e7ad605096ba092ce8159,g7673,1
mubawab.ma:content:4d2e61b8b73b347b05404b94,g7675,0
mubawab.ma:native:8339117,g7676,4
mubawab.ma:content:a5c99209f167e082f9ae3475,g2581,4
mubawab.ma:content:930c3c1a1ac7703c1ba87fbe,g7678,3
mubawab.ma:content:7f1a5671b7452833c050c91f,g7431,1
mubawab.ma:content:99df443f8932889d8e6641ed,g7680,1
mubawab.ma:content:49972e6822d70540d35e632a,g7682,0
mubawab.ma:content:f539ce93a0fe0c5a58980f61,g181,3
mubawab.ma:content:a87de8fd9f0fe28380a371d8,g7686,4
mubawab.ma:native:8218312,g1292,2
mubawab.ma:content:979e36e48f205bfc0d73deeb,g3048,0
mubawab.ma:content:f549a3c16a8ee7441c8cfac8,g4413,4
mubawab.ma:content:aa5443e703630f4fac700d4a,g7690,4
mubawab.ma:content:ddaab0258762fb7492ebb45f,g7694,3
mubawab.ma:content:9d8570da1f0c1ea576e5bb6d,g7695,2
mubawab.ma:native:8040551,g2126,3
mubawab.ma:content:fc0956010c27016b5bcd86db,g7697,1
mubawab.ma:content:d063bfbe89a3b74c1ef77f38,g7699,0
mubawab.ma:content:ab960c5eebc6d7822d8c1e9e,g1508,1
mubawab.ma:content:0c3dc5db2250a03bae298493,g7701,3
mubawab.ma:content:48eb46fbf2c40b1913ffc5d1,g7702,2
mubawab.ma:content:d683b22858bf540bdafd07c2,g7703,1
mubawab.ma:content:fe7e1c6962b92671665ee002,g7704,0
mubawab.ma:content:07b3c81c4c49a33e1869fac5,g7705,4
mubawab.ma:content:a2f0b1fe863c43836b26dc14,g7707,3
mubawab.ma:content:c58efd59cf3e16d9e9322136,g1191,2
mubawab.ma:native:8262110,g772,0
mubawab.ma:content:1993989615bb4b97c306ea0a,g7713,2
mubawab.ma:native:8239570,g7714,4
mubawab.ma:content:05627b50b851f1daeb265614,g6477,1
mubawab.ma:content:e2b2ae0abf6c2da972541f8d,g7718,3
mubawab.ma:content:3006354a53ddbdaba8e431a0,g7719,1
mubawab.ma:content:6041f5d50d102cce459616a8,g1125,2
mubawab.ma:content:404740fc0e16a89e419fdb31,g1068,0
mubawab.ma:content:a7764159238953d57c208549,g7723,0
mubawab.ma:content:4ed9813b7276cabe099493dc,g7724,4
mubawab.ma:content:5f15dcd32767a41a7e431a3a,g7725,3
mubawab.ma:native:8376112,g7726,2
mubawab.ma:content:07514aedb495db831e4ebb59,g4302,4
mubawab.ma:native:8225176,g5288,0
mubawab.ma:content:5fd980e0fa75032cc69e6beb,g7731,1
mubawab.ma:content:bac90a442ab20a8e6fedb76f,g583,3
mubawab.ma:content:5194641df4f6b43253359c03,g7734,3
mubawab.ma:content:134fe215e1dbe86e25421a54,g7735,0
mubawab.ma:native:8352528,g2401,1
mubawab.ma:native:8032260,g5569,3
mubawab.ma:content:f23a3096c7bd44a71e30a854,g7739,4
mubawab.ma:native:8398851,g7741,2
mubawab.ma:content:f9d40b6aa967693aec35d477,g7743,1
mubawab.ma:content:2f584f75d5e9afe459442e06,g7744,2
mubawab.ma:native:8374729,g7745,1
mubawab.ma:content:4419f9b2d184933a425ac38e,g7746,0
mubawab.ma:content:776f3a3f89a69c700dd22a6c,g7747,4
mubawab.ma:content:2103d5fc6937eaaf592220f0,g7748,3
mubawab.ma:content:eebf7c079b764cc122f6474b,g989,1
mubawab.ma:content:86cd49b6ae0b079ab979b709,g7752,2
mubawab.ma:content:33ff7f0e6c224b07f61a1581,g7754,1
mubawab.ma:content:77b58f803bada0ef9aa86d5d,g7757,0
mubawab.ma:native:8123737,g7758,4
mubawab.ma:content:4c5d1bdf219b3bf16524711f,g7743,1
mubawab.ma:content:e8dcfb5af0e4f710ee2ba9fc,g2441,3
mubawab.ma:content:df4d4632bd9328f4cc84f839,g7761,2
mubawab.ma:content:370de153d91c08c9db2e35a0,g7762,1
mubawab.ma:native:8383164,g7763,0
mubawab.ma:content:54e2af39d3ac0ca893d57565,g1093,1
mubawab.ma:content:a8549e87b09236f1134d9e6c,g7765,4
mubawab.ma:content:f8cb091b948093fed9398754,g4450,0
mubawab.ma:native:8325963,g3676,2
mubawab.ma:content:6242c1c5a7650fd045276990,g7770,3
mubawab.ma:content:950c15354c5f70e769fc5cd9,g5278,1
mubawab.ma:content:ad5542720b970137bdce0142,g7772,2
mubawab.ma:content:0f47d04a0c7f496ee964c2f5,g7773,2
mubawab.ma:content:3f8e6185417b962dea7571a8,g7774,1
mubawab.ma:content:cd14d7c13731be28d51a640c,g4821,1
mubawab.ma:content:f1f9ebb01f2d728580da2037,g7779,0
mubawab.ma:content:56ecd5846e08e1ae0faab51d,g7780,4
mubawab.ma:content:693f9ad36bd3be6bc2d97034,g2945,3
mubawab.ma:native:8341205,g7783,0
mubawab.ma:native:8377290,g4523,4
mubawab.ma:content:afceec06e15589235a77229c,g7789,3
mubawab.ma:content:e31f92b9aa2fe08983326923,g7791,2
mubawab.ma:content:b5c09e95600732bf3fa251fa,g1859,2
mubawab.ma:native:8339994,g6598,3
mubawab.ma:native:8224896,g2817,0
mubawab.ma:content:212bbc082f2ef5a1bcb3ea97,g4997,2
mubawab.ma:content:33eb8ed16e92a388179a14e8,g7796,1
mubawab.ma:content:7972adfc1fa1dc407c719660,g7798,4
mubawab.ma:content:82c69bea58c2025b55dc00e5,g7799,3
mubawab.ma:content:5b006ae8dac5995b64a37340,g7802,2
mubawab.ma:url:5333aac04ce77ac77ea125ef,g3907,2
mubawab.ma:native:8323499,g7804,3
mubawab.ma:content:06552abf77d9eb2238acd92f,g7805,2
mubawab.ma:content:ef9e68ff928a70e821cdbcde,g7807,1
mubawab.ma:content:20407e99f0c7f5c1c970424c,g7808,0
mubawab.ma:content:50319714804d6a8eadd78dd3,g7809,4
mubawab.ma:content:5e3423e09f67d63ed9705737,g7811,0
mubawab.ma:content:468be64f7f636e6221276191,g4619,4
mubawab.ma:content:68a6ce0406c53ffdf49c03fc,g7813,3
mubawab.ma:native:8213454,g2089,3
mubawab.ma:content:e55d94d0d3500f3956d5c6d6,g4846,2
mubawab.ma:native:8220823,g7818,2
mubawab.ma:content:51ab7100873a8a87f3617040,g7819,1
mubawab.ma:content:71d2a18d8340162eb74579b6,g7821,4
mubawab.ma:content:640dcc925357ee6118e3dab0,g7822,3
mubawab.ma:content:bfa93374c19572bf60836c23,g7824,2
mubawab.ma:content:f2a6a490bbde3641f2f4fdec,g6246,0
mubawab.ma:content:421e70743b2ab6db5a8ebcb3,g7827,1
mubawab.ma:native:8354806,g7829,0
mubawab.ma:content:77e7d358ba0a7a1e2a51771a,g7830,3
mubawab.ma:native:8341390,g6729,2
mubawab.ma:content:06f8f60da215660213e3793b,g7832,4
mubawab.ma:content:bfecfef036b1ddfc81bf27a5,g7833,2
mubawab.ma:native:8379673,g2466,2
mubawab.ma:content:169c3ca9d4a4c41809665ffe,g7835,1
mubawab.ma:content:d1da02d185f340fde0fc286d,g7841,4
mubawab.ma:content:384e73f72c92d3c1090d4d23,g7843,3
mubawab.ma:content:7363c0a616b1b79725d269a9,g4489,3
mubawab.ma:content:f987b38eebdedfb1155ab5d1,g1685,4
mubawab.ma:content:efb6597eb334c4ad1d8e5c6e,g732,2
mubawab.ma:content:c185d2c4c09855d72e66b30b,g1030,1
mubawab.ma:content:e8c6d5fce047de439f5a9dbc,g7850,3
mubawab.ma:native:8261481,g474,3
mubawab.ma:native:8375645,g1991,2
mubawab.ma:content:ece3202d57b6ed66342683cd,g76,0
mubawab.ma:content:325e401ed51e880b768cd8b0,g7856,2
mubawab.ma:content:8fd8b6d2a5a11db5a30f20ca,g7857,1
mubawab.ma:content:fd5afb5631faeabbaac0afec,g7858,0
mubawab.ma:native:7937486,g5806,4
mubawab.ma:content:7292527df9dffabc25228cd7,g2935,1
mubawab.ma:native:8261842,g7864,4
mubawab.ma:native:7827644,g5373,0
mubawab.ma:content:9ccf569e888ffecf3dbe80fb,g7872,3
mubawab.ma:content:22b467a4307bb412cf59b2f5,g7873,2
mubawab.ma:native:8313150,g7875,1
mubawab.ma:content:5807bd11a84e20a4a9f7087e,g7876,0
mubawab.ma:content:e7b2c84c266fdb285e579df4,g7877,0
mubawab.ma:content:6d3000ce408503519430f036,g7878,4
mubawab.ma:content:6dd7e214345f3d1196281071,g7879,3
mubawab.ma:content:68de56de68a69289501678d4,g7881,2
mubawab.ma:content:f6d128217fe7035718443931,g7885,1
mubawab.ma:content:ca2a905a80d4dc552db6d5d9,g388,0
mubawab.ma:content:f5ee60f5d32fe2676ce494b7,g2681,3
mubawab.ma:content:b8bb3274fafd873de417ee48,g7891,4
mubawab.ma:content:4c2e907dcd6ee690f655d4e4,g7892,3
mubawab.ma:content:8c95aea10f87309fa1a9ec74,g7554,3
mubawab.ma:content:fa2647be52206fc5238b3d74,g7896,2
mubawab.ma:content:7553da99cc272fefee1126ae,g7897,1
mubawab.ma:content:29f1b428b26432dcbac2c4cb,g7898,0
mubawab.ma:content:883bada98a6a6a710c91c0c6,g7899,4
mubawab.ma:native:8315183,g2817,0
mubawab.ma:native:8352657,g7903,3
mubawab.ma:content:79d02b127a1a30d87cab038e,g4786,2
mubawab.ma:content:0e077f18ba7bc2e5053c715b,g7905,2
mubawab.ma:native:8396608,g7906,1
mubawab.ma:content:4c1421f57a143aaea924d46e,g7389,2
mubawab.ma:content:aa0529d62eeddd99d50adb8b,g7908,0
mubawab.ma:native:8364505,g7910,3
mubawab.ma:content:7db0b238e094002c5d6141bc,g7911,2
mubawab.ma:content:393827bbe3bab126d0c20568,g1924,0
mubawab.ma:content:020ee7e52803b0da2dd30150,g7915,1
mubawab.ma:content:7c16c8297d5f6a6b3b6dc2a1,g7916,0
mubawab.ma:content:eb94a91312068b7f1008dcbd,g7918,4
mubawab.ma:content:f7fec5aeaf90dba7e95ec170,g7925,3
mubawab.ma:content:9bd7904b82745712e5ef9cdd,g7019,4
mubawab.ma:content:d497d4861b03ccede214cbe8,g7930,1
mubawab.ma:native:8332808,g7931,0
mubawab.ma:content:f87a71299fa7372df3be228d,g7932,4
mubawab.ma:native:8286881,g7065,0
mubawab.ma:content:98cdf35ad1baf41105f7568e,g3020,1
mubawab.ma:content:488d5048e6445d7870add7bc,g4627,3
mubawab.ma:content:354947acde61718fcddf738d,g2482,1
mubawab.ma:content:af862eea84e14a92e3ba4843,g7938,3
mubawab.ma:content:2c1dba8b973eea21f20f7903,g7940,2
mubawab.ma:content:34881e47eb9eb8a30e555189,g7941,1
mubawab.ma:native:8203345,g7942,0
mubawab.ma:content:96e78c626d3522f0578c9227,g1355,2
mubawab.ma:content:4b19bb8344d8c4a3d0bfb249,g7945,4
mubawab.ma:url:efff9ed84057b259afbe5c7d,g7947,3
mubawab.ma:content:f969455242e4472b0018bef2,g7949,2
mubawab.ma:content:0f204495583de9be5d495e02,g7950,1
mubawab.ma:content:51f0b77650206caee56562f5,g296,0
mubawab.ma:content:573b738ffe07368c19402f17,g7952,0
mubawab.ma:content:c855da69d1c6a3283457a1c4,g7953,4
mubawab.ma:content:0517af80a6e81ab763e0f893,g7954,3
mubawab.ma:content:fe6ca78e75d19d6c785cf54f,g7955,2
mubawab.ma:native:8388844,g4328,0
mubawab.ma:content:bd5b5f0ad773b344f1d91ea5,g3059,3
mubawab.ma:content:2aa2fecea45ab0e7c9d0e047,g4790,2
mubawab.ma:native:8272278,g2353,1
mubawab.ma:content:3fe1ffb5344ed7d7aca8e6df,g833,1
mubawab.ma:content:b996cbf1a23aac516f6ccb66,g4150,0
mubawab.ma:content:28d3d66e6991e9648ebdd17f,g7963,1
mubawab.ma:native:8360294,g6432,0
mubawab.ma:content:72e35f59f0a1920bed95dcbe,g7966,0
mubawab.ma:content:d8464526eb9fbf99bcbe695b,g3544,0
mubawab.ma:content:638e8d68480f6606d36664d2,g7968,4
mubawab.ma:native:8264801,g1863,1
mubawab.ma:native:8354489,g7971,3
mubawab.ma:content:cbccd55c72629c0d026f1a42,g6497,1
mubawab.ma:content:301689c9e27a55dc304c34a2,g886,1
mubawab.ma:content:9dd3b29a591c9808f0e6f3f9,g7974,2
mubawab.ma:native:8369412,g3783,2
mubawab.ma:native:8278692,g7977,1
mubawab.ma:content:64e08aa03a0ddebd4bb38363,g7978,0
mubawab.ma:content:c536edad777ae98d4828b7d6,g7979,2
mubawab.ma:content:2cd0c7704300b2cff105f68c,g7980,3
mubawab.ma:native:8342811,g7982,1
mubawab.ma:content:692d6153c4fd73ec6d8a4751,g4099,1
mubawab.ma:content:6a96513a5a03a2555b97a914,g7986,2
mubawab.ma:content:025c450b2cf1280e6d6801a5,g7987,1
mubawab.ma:content:b4b8c55f40142adde50615bc,g7989,0
mubawab.ma:native:8392657,g7992,4
mubawab.ma:content:b574334f98307d14afbc24cc,g7993,3
mubawab.ma:native:8406684,g7994,2
mubawab.ma:native:8388091,g7995,1
mubawab.ma:content:2d5d45569c94fc1878b973e6,g3229,4
mubawab.ma:native:8368478,g7997,0
mubawab.ma:content:4d16d0f2411ab868d992e643,g7999,4
mubawab.ma:native:8312916,g2291,2
mubawab.ma:content:ccdf09222866d1ecc2ae29db,g4317,1
mubawab.ma:content:76394566a79fcbbeaf16cc48,g8004,3
mubawab.ma:content:d27674c4836505115d1bad90,g3575,3
mubawab.ma:content:d4a958502f67b4aaa2acdd6f,g8006,2
mubawab.ma:native:8162170,g1876,2
mubawab.ma:content:08223c4ce9dd5c9d37538352,g8013,4
mubawab.ma:content:6440e0f4be93e4e464ec78b4,g8014,1
mubawab.ma:content:83360540abe57274e7ad302b,g8015,0
mubawab.ma:content:49140b14220226e01964cec2,g8016,4
mubawab.ma:content:e02167622564e2b55e0ec6ed,g8017,3
mubawab.ma:content:9b63f74e2a035bda8f6b0b12,g3324,0
mubawab.ma:content:486c05c368f910e93871f90e,g8020,2
mubawab.ma:content:40b8756ad5d00aa77f9c4fa3,g8021,1
mubawab.ma:native:8384702,g8022,0
mubawab.ma:native:8287704,g8023,4
mubawab.ma:content:8c86482ea6ba67b60855687c,g8026,3
mubawab.ma:native:8339789,g8029,2
mubawab.ma:content:ba092bab380a8027973c2eb8,g8030,1
mubawab.ma:content:09458827edd0d8e41edb24f6,g4025,2
mubawab.ma:content:119fc3c6ff29ae37b5ce5e4b,g8035,0
mubawab.ma:content:81417cf71e3e847c1dfb016a,g8037,4
mubawab.ma:content:1e749931eb819b162b17f6db,g2670,0
mubawab.ma:content:897a707f5eebb548aceda817,g8045,3
mubawab.ma:native:8235424,g8047,3
mubawab.ma:content:68c38f03ef8cb736272856b8,g8049,2
mubawab.ma:content:fb34154fae1af112658dd247,g2574,0
mubawab.ma:content:5fc30f837fa10fad02c3f7cf,g8051,0
mubawab.ma:content:6cc47bf0e149e12b25570018,g140,3
mubawab.ma:content:f18487de95846982473c0179,g3763,3
mubawab.ma:content:26c1a505db00cca00052fac4,g7563,2
mubawab.ma:content:bbdbaeacaad1daebcb5cc1ec,g8056,4
mubawab.ma:content:d3335f147b27c59b7a967523,g8057,3
mubawab.ma:content:32479dfd7d22e7a2a59af99f,g8058,2
mubawab.ma:content:5c3193a385a72183ae853f63,g8060,1
mubawab.ma:native:8368491,g5236,4
mubawab.ma:native:8243164,g7629,2
mubawab.ma:native:8384737,g3121,0
mubawab.ma:content:5edc9f4f0bb5356004b99e34,g3544,0
mubawab.ma:content:48cf71281ae92f7f8cc38a19,g8065,2
mubawab.ma:content:283936f3b80e45cd24d2609e,g3972,3
mubawab.ma:content:b40a4f32a536e94bc5cab4dd,g8070,0
mubawab.ma:content:69cb6cb64a015c3da5cece0b,g5505,3
mubawab.ma:content:e8a3feb215bb74f1da350007,g3690,4
mubawab.ma:content:dfdf2c1ee174a9ea3b9fc9ed,g8076,4
mubawab.ma:content:0f81c2da48d49ac9e42aa343,g8077,3
mubawab.ma:content:f6b51030693861e167f2768f,g8078,3
mubawab.ma:content:d557be2fafd73490e742dff8,g2291,2
mubawab.ma:native:8259540,g8080,2
mubawab.ma:content:38bd4418fd3046870e311d65,g8083,1
mubawab.ma:content:422fe3575afee441d9d480c3,g8084,0
mubawab.ma:content:8b315eb6e81dfc67e81f49b1,g8085,4
mubawab.ma:content:08e4e4f0786967f4c6572102,g8086,3
mubawab.ma:content:83814ecb63af1169144fd1d4,g704,2
mubawab.ma:content:83a30a5e9c7fddc42d86c768,g3824,1
mubawab.ma:content:b3b8a440b93c0ddca00952f6,g8092,2
mubawab.ma:content:a3fff7b58d7268bc24abafd4,g8093,1
mubawab.ma:content:a34710274b74ae76675534cf,g8094,0
mubawab.ma:content:5aee928f6af6fadf04beece2,g8095,4
mubawab.ma:content:fa51b3069a7463ff01d694da,g4039,3
mubawab.ma:native:8380380,g8013,4
mubawab.ma:content:833284a6c1f69d977f947059,g8100,3
mubawab.ma:content:0b74bb418ddcbf17bdb5e2f3,g8101,1
mubawab.ma:native:8295966,g8102,2
mubawab.ma:content:6837db1fcd870b18d4aa7ade,g8103,1
mubawab.ma:content:4edecb7a438b743d296d4283,g4165,4
mubawab.ma:content:bcb1bbd925964d5b228416c9,g8107,0
mubawab.ma:content:aeaf1491512c03fef57ad2af,g7064,3
mubawab.ma:content:ba9906d486f6465d3fe1f1f7,g8111,3
mubawab.ma:content:fc0b05b1c77739c43451f0e6,g8112,0
mubawab.ma:content:f6285ff93f7807e9e87ef312,g8113,4
mubawab.ma:content:3647f6b6fbef5d59e273fafa,g8114,2
mubawab.ma:native:8126609,g1372,1
mubawab.ma:native:7792431,g7021,0
mubawab.ma:native:8335020,g8122,0
mubawab.ma:content:849b8a4e44ca945af12a70cf,g5668,0
mubawab.ma:content:6f2bfb2278640425e76cc74c,g98,0
mubawab.ma:content:01aad26b71ab98df6c35119c,g3268,1
mubawab.ma:url:ab1e77536de294255bb5cc9b,g318,1
mubawab.ma:content:283838177626535c970fb5fb,g2824,4
mubawab.ma:content:9463aaf9cb7e52daf5d4d0e7,g8130,3
mubawab.ma:content:c153375e58873d37f414f356,g8131,3
mubawab.ma:content:df15f37e31cf6578f8485e73,g441,0
mubawab.ma:content:ce468c6049f7eaea47c7bfde,g1909,2
mubawab.ma:content:904afa299e403a006f8384ec,g8135,2
mubawab.ma:content:0e178f43902f91b20de3b8ba,g1387,4
mubawab.ma:content:e134664003b7dadbb636a83c,g8137,1
mubawab.ma:native:8404875,g7431,1
mubawab.ma:content:027b6cab9a04721cecc307bc,g7436,0
mubawab.ma:content:c90203c5d2575502fa8c0673,g8144,0
mubawab.ma:native:8374674,g8147,4
mubawab.ma:content:0d2864b929fd5e335c7b427e,g220,2
mubawab.ma:content:c07273ae7a85d92cae98d0ca,g8150,3
mubawab.ma:content:601c72304976c8f7d3bc71e5,g8151,2
mubawab.ma:content:96943680e93febed770fb03d,g273,4
mubawab.ma:content:d46833ef9b75342f39bb6b31,g8155,1
mubawab.ma:native:8228369,g8160,0
mubawab.ma:native:8393736,g8162,4
mubawab.ma:content:465b2e928e245b5051ced511,g8164,3
mubawab.ma:content:0260a87d7fa04b137bb224b2,g8166,2
mubawab.ma:content:9ef855821ad6d371e5364faa,g8167,1
mubawab.ma:content:655f7ff12fa2feed3a4edc57,g8168,0
mubawab.ma:content:25daf1f2bf76926e2570d2ae,g8169,4
mubawab.ma:native:8220029,g7718,3
mubawab.ma:content:3e5d58bb56cf2c9d41b83a35,g1691,4
mubawab.ma:content:bc52ebdea2bbf7b2ea588238,g8174,2
mubawab.ma:content:24fee2deee99d9894f184642,g8179,1
mubawab.ma:content:b97596a727ae476a8b236247,g8180,0
mubawab.ma:content:d53f62bd1ff2c2f665a282a3,g690,4
mubawab.ma:native:7831761,g8184,4
mubawab.ma:content:ecaf25d4672ed0cb0b2f77f1,g8185,3
mubawab.ma:content:f2717cd3bd10c606ec46a3a8,g3646,3
mubawab.ma:content:fda6e0183459555175a0dc2d,g8187,2
mubawab.ma:content:64ec7126b8d63b221e4d629b,g3907,2
mubawab.ma:content:2cd9b1ad92672867c5eb0250,g8189,1
mubawab.ma:content:4b210b1becccad6bd07bf927,g8191,0
mubawab.ma:content:560e9d98c80d35dfaa7cbeb0,g8197,4
mubawab.ma:content:6e820b5608032ea1aa7f66f4,g8199,3
mubawab.ma:content:25d047d7aab6953e9b87f15b,g2165,0
mubawab.ma:native:8375358,g8201,2
mubawab.ma:content:729470e53e25840704521b25,g5056,1
mubawab.ma:content:1c92d479587379af3adf9753,g8204,1
mubawab.ma:content:beb978ee64e683d205183464,g1372,1
mubawab.ma:content:45c4d025030a4fe7ff350979,g8207,0
mubawab.ma:content:a71ca371ec3edcd01e73856d,g711,1
mubawab.ma:native:8324402,g1948,4
mubawab.ma:content:b203bb001da0b9106aaedb63,g8210,4
mubawab.ma:native:8361380,g8211,0
mubawab.ma:content:3b0c54b3cd3abf264440e2c5,g8213,3
mubawab.ma:content:71b599a2dd93f66fa0e1fbda,g4790,2
mubawab.ma:content:a04c113bc81efce7e76632a5,g8215,2
mubawab.ma:content:713f6159c43e1f1ec528c069,g8216,1
mubawab.ma:content:e58dd5bd42c7e611bc344e89,g8219,0
mubawab.ma:content:c13cdf9cd7285d14bf9cb23a,g8220,4
mubawab.ma:url:b97245871999ef30d44cf285,g8221,4
mubawab.ma:native:8310609,g8223,3
mubawab.ma:native:8308313,g8224,3
mubawab.ma:content:b225930f8e92f962481ade44,g8225,2
mubawab.ma:native:8331977,g3978,4
mubawab.ma:content:ffa1d095176c60f06bc0fd71,g8229,1
mubawab.ma:content:592ae27f1aef520489af5bf9,g370,1
mubawab.ma:content:84556c56eb2ada7c769a1a04,g8231,4
mubawab.ma:content:90d5aef15b1d6681f9e45958,g6125,3
mubawab.ma:content:34e1c7717223d1a72f03e395,g1419,3
mubawab.ma:content:b1a03311b2d14b62773b5c10,g8236,2
mubawab.ma:content:2baf7cb237b34ed16b476d3c,g8237,3
mubawab.ma:content:ac0f827118a4fae5134479a0,g8240,2
mubawab.ma:native:8243981,g3173,3
mubawab.ma:content:fc634b9cd09e858eee8884b1,g4796,2
mubawab.ma:content:feef74c0b1b6f5071dc5d9ff,g8244,1
mubawab.ma:content:ac166971c4795a43fdfa170f,g8246,0
mubawab.ma:content:5f85ec1605fffb8c93085ae9,g8247,4
mubawab.ma:content:ccf0e58e5df1fe965f3d1ee6,g8248,1
mubawab.ma:content:512bea22e7447d8b78dc049a,g8249,3
mubawab.ma:content:192c0ce187c266f1815b111b,g8252,1
mubawab.ma:native:8386390,g1073,4
mubawab.ma:content:413778ca48111fbbdbc82b76,g8256,0
mubawab.ma:content:3d1736ceca2c9e9300e7fb89,g8258,4
mubawab.ma:native:8260954,g8259,3
mubawab.ma:content:88258906044bb6f90803b58f,g8260,1
mubawab.ma:content:cf7ab9e9abe36aa8dd8cd729,g3344,1
mubawab.ma:content:63ef96903fb5edfe50eb4a29,g8263,0
mubawab.ma:content:5f4121a1cbf0392c49649c4f,g7532,4
mubawab.ma:native:8405897,g8267,0
mubawab.ma:content:5cd34d520e58a3a80777ab69,g8271,4
mubawab.ma:native:8387214,g8273,3
mubawab.ma:content:80498c4a9e9966749c7c306f,g8274,2
mubawab.ma:content:27bcbe4deb03d23927a6aebe,g8275,1
mubawab.ma:content:d266b5781722562abd38327f,g8280,4
mubawab.ma:content:d4a980a012bb7ba1b2f7cca4,g8281,3
mubawab.ma:content:44c786353b11aa72d318d76b,g8283,2
mubawab.ma:content:40488f37d21261b415f3718a,g8284,1
mubawab.ma:content:64c9cca0618d75757a8a39c7,g8285,0
mubawab.ma:native:8406680,g8286,4
mubawab.ma:content:dd568a4234c041be3802db32,g8287,3
mubawab.ma:content:544cfa91245f11117b33695b,g8289,2
mubawab.ma:content:70beac46dfb1c7031fd1d5f4,g6467,3
mubawab.ma:url:53b4cfd6afdd58ef2e734928,g1338,3
mubawab.ma:content:7d991e922521528faf0043a9,g8294,2
mubawab.ma:content:e2bccf9e64e1c4d0d691eae1,g8295,1
mubawab.ma:native:8347328,g761,1
mubawab.ma:content:895fa234a9165231ee3a0f42,g1343,3
mubawab.ma:content:c0fb573c0dbe6c9771c85dbb,g761,1
mubawab.ma:content:db52234fdb36da0660ffdbbb,g296,0
mubawab.ma:content:805a821b2fedc9977e61a93d,g8302,0
mubawab.ma:content:1b28551613103ea2a5c6b921,g8304,4
mubawab.ma:content:847e3f871cd38719435cc245,g8306,1
mubawab.ma:content:1a70273dd20857baf0737724,g4222,2
mubawab.ma:content:f5ccbcbbd47b4c98c5ff877c,g8310,3
mubawab.ma:url:95294bedad87b14494b1a046,g8312,2
mubawab.ma:content:e224a492854ae3bf499d7337,g8314,1
mubawab.ma:content:419ce600229ae97e890905f9,g8315,0
mubawab.ma:native:8386454,g8316,4
mubawab.ma:content:c4ccfaf6edf7304d289d21a9,g8317,3
mubawab.ma:native:8382117,g8319,0
mubawab.ma:content:3d350d8364dc45bc5115bfa9,g8322,2
mubawab.ma:content:1efc6d4d0f24c7e2b7e7088f,g8323,1
mubawab.ma:content:0814344dd412032d08197c30,g8324,0
mubawab.ma:content:05cba87986dcf95c719442c2,g555,1
mubawab.ma:native:8397470,g2836,4
mubawab.ma:content:a0c3dc2ee28a40a582a99e8f,g8327,4
mubawab.ma:content:f136c5599959ca49c53a7b20,g3835,3
mubawab.ma:native:8264799,g8330,3
mubawab.ma:content:a71d35678730e72d8c2b697d,g8333,4
mubawab.ma:content:5ebfa073a2313ff2c7556850,g8334,2
mubawab.ma:content:10bcdad859adb89c41c8044b,g1713,2
mubawab.ma:content:83546aca093a8615e8fce290,g8340,0
mubawab.ma:content:cc6c85ea40981eb69d2e114d,g8341,3
mubawab.ma:content:556a139069d7f372f7461b19,g1618,1
mubawab.ma:content:1b3e5b3577536c9155eab8e9,g2848,3
mubawab.ma:content:669d4ee22b703360eb78711d,g8345,4
mubawab.ma:native:7995908,g6786,2
mubawab.ma:content:f7a4d3cdcfe93802acc7e449,g8347,0
mubawab.ma:content:bc9048b2dd7ad38f130e6eb0,g3464,4
mubawab.ma:content:d3921e8a16dfed1b305efab2,g8350,3
mubawab.ma:url:2eb2ea8e9271be5bb33a71c8,g8352,2
mubawab.ma:native:8232097,g8354,1
mubawab.ma:native:8386357,g4741,2
mubawab.ma:content:d163f2632af1cbff05942903,g8359,0
mubawab.ma:content:b6bcdf9a1f5d3de3e224eb98,g8361,4
mubawab.ma:content:ced2afa09d42d1da3851876d,g3692,0
mubawab.ma:content:151fc653721dd7c16a0fe128,g8364,3
mubawab.ma:content:b8b4a397635654427469b561,g8366,2
mubawab.ma:native:8398770,g8370,1
mubawab.ma:content:cde547dc14ba4ad2386d0e75,g8371,0
mubawab.ma:content:f60bc04a2b22ee21a672147b,g8372,4
mubawab.ma:content:fecb5b0bedb3f72445493325,g8373,3
mubawab.ma:content:e1bbbc4666861a7b13157f81,g8374,2
mubawab.ma:content:6610b6ef92d164205e7aac00,g7283,4
mubawab.ma:content:cee7f90c58e20a227df3b578,g8377,1
mubawab.ma:content:a2b54f7d4ae7a10f5f723f1c,g8379,2
mubawab.ma:native:8385478,g8385,4
mubawab.ma:content:bc944e67db074f409a665683,g8386,3
mubawab.ma:content:98b3100b428af64630dc7217,g555,1
mubawab.ma:native:8248728,g3937,4
mubawab.ma:content:ea1676b745163b02a276ca17,g8392,2
mubawab.ma:content:2e7edb1a4192dbe1e79f03c5,g8393,1
mubawab.ma:content:d70d0c5c78e3025561eafee4,g8394,0
mubawab.ma:content:3556925434fec2f7fdc04b3e,g4464,2
mubawab.ma:native:8403606,g8396,4
mubawab.ma:content:70d25b2330535863d7a959bd,g1093,1
mubawab.ma:content:2c50ea8b6464b6951295892c,g4219,3
mubawab.ma:content:5552d303dc723920d5403b04,g5068,3
mubawab.ma:content:988be5ac98b8c8991bb29ee9,g8400,3
mubawab.ma:content:bdc6a6bc01dabc8a512756d5,g8333,4
mubawab.ma:native:8295187,g3964,1
mubawab.ma:content:e788d63a7d47130e6bc80007,g8404,2
mubawab.ma:native:8378902,g8405,1
mubawab.ma:content:a28fd871efb2ce92fe964e16,g8408,0
mubawab.ma:content:1972a3f7b4eaf87ae20e90a7,g8409,4
mubawab.ma:native:8305847,g334,4
mubawab.ma:content:a7be23be121ef995d6c07b4c,g8411,3
mubawab.ma:content:d68e57666f34e48cf19494ee,g8412,2
mubawab.ma:content:f75088ce233ca183fa677272,g2711,1
mubawab.ma:content:859babaaa0bc34b095d64345,g314,4
mubawab.ma:content:be829626530f598d1fa8958d,g8417,1
mubawab.ma:content:92b935d889f55fdec2e37288,g5232,2
mubawab.ma:content:8b18a6d0b2a24b596669a788,g1809,2
mubawab.ma:content:a198b268cb95837b75e8d4a0,g8420,0
mubawab.ma:content:63aec6d8d31476cb0441b033,g8421,4
mubawab.ma:content:6adf50bf70fa9308dd2e1941,g8422,3
mubawab.ma:native:8264168,g3233,3
mubawab.ma:native:8400166,g8425,2
mubawab.ma:content:8b8a03b03894c110900f3e7e,g4553,0
mubawab.ma:url:6c765263a19159d09c6bf3af,g8429,1
mubawab.ma:native:8177727,g5235,4
mubawab.ma:content:a2b31078a7d125caf7909f5b,g1178,0
mubawab.ma:content:9f0e7288c54fb081c1d94579,g8432,4
mubawab.ma:url:0d5d99c336746d8fb9e3f93b,g8433,3
mubawab.ma:content:d886efe94bcd7cf621ebc330,g8435,2
mubawab.ma:content:61700a54bc0d43887506d845,g8438,1
mubawab.ma:content:07165c3b75ffcdd1d53171c9,g8439,0
mubawab.ma:content:52a68c61ce5b51d466976066,g8440,4
mubawab.ma:content:fc54b8b265c79b90c3199037,g8442,3
mubawab.ma:native:8303554,g8443,2
mubawab.ma:url:8a45767f52d11b6beb0a8b51,g1387,4
mubawab.ma:content:257f0b68c80f2ebf84c40c31,g8446,1
mubawab.ma:content:ce2dbc2953a1f3a21d3da7c1,g8447,0
mubawab.ma:content:e7f011fcc13d5f6e73a6afcd,g2707,3
mubawab.ma:content:201423effac8dbb20b5d1137,g8453,3
mubawab.ma:url:3b2693f70f5ec79e15852127,g5970,4
mubawab.ma:content:62c81c0917ad072a8c665b92,g8458,2
mubawab.ma:content:492dcd9030d16f0a1b679057,g4790,2
mubawab.ma:content:9de4ec6e981da227a8794fc8,g8464,1
mubawab.ma:content:a8fcde78e4feeb724d858344,g4998,1
mubawab.ma:native:8345058,g8466,0
mubawab.ma:content:9f8b730bc308fe74874753f6,g8467,4
mubawab.ma:content:7afead537e357425c800b3bd,g4545,3
mubawab.ma:content:f0bd125d7f73e88421ec60c2,g8475,2
mubawab.ma:content:5d0a2977e01a99d360106e9a,g8477,1
mubawab.ma:content:1b4cdab54a11a0f35f2529a0,g8480,0
mubawab.ma:content:fcddc4427aab87270380db6d,g8485,4
mubawab.ma:content:e46781a8779f7531fac5b571,g8486,3
mubawab.ma:content:e12685ee247d936b6a0efcd6,g8487,2
mubawab.ma:content:58eac77f2d41e809a1b240ad,g6180,3
mubawab.ma:content:d237986a69c07e779f818f6d,g8490,0
mubawab.ma:content:bbbf960f9707e9a678c94761,g8491,0
mubawab.ma:content:5f778c15f6d459476ae6def1,g8493,4
mubawab.ma:native:8262660,g8494,3
mubawab.ma:content:4301a66c7947506adcf9b9d2,g8495,2
mubawab.ma:native:7741458,g8497,1
mubawab.ma:content:e3a386538be4ff749d8cbef0,g8498,0
mubawab.ma:content:4fa3a4b047e3af84ea746909,g8501,4
mubawab.ma:content:a8dd12f916d099a4fd1ebc3b,g8503,3
mubawab.ma:content:1afb7f2e96a1cd57c7c402c5,g7599,3
mubawab.ma:content:cae609110f7652b84bfa883e,g8505,3
mubawab.ma:native:8143908,g8506,2
mubawab.ma:content:7a99a85b1fa55c611808ffac,g8507,1
mubawab.ma:content:93b436f30a1784e54f9783fd,g8508,0
mubawab.ma:content:cb4aec3bbdee59263bf6528f,g7019,4
mubawab.ma:content:b8dc040bf25d3e8914547fa1,g3380,3
mubawab.ma:content:b83f92382244919c30fc4a46,g8513,4
mubawab.ma:content:9225aef3fffd5a0a4f128ee5,g8514,2
mubawab.ma:content:c396743f0970525bb6091bd2,g5159,1
mubawab.ma:content:c85f6d6b1f7da00f62c65087,g8517,3
mubawab.ma:content:1a3d97e9d10bd84457f23187,g6413,2
mubawab.ma:content:301bc50fcbbde7827efaf057,g3141,4
mubawab.ma:content:2408204edf5be34ccdc6bc3d,g8521,2
mubawab.ma:content:abfad13fabb51c4eb4d4a3ac,g8523,1
mubawab.ma:content:943a8b0e9f239f09bfa8694a,g8528,0
mubawab.ma:content:c4d961fc198bed0a262c1a42,g8531,1
mubawab.ma:content:5ea88dc4040fba756ad2458c,g8532,4
mubawab.ma:content:8d7b1088fb96a32f1c9d63c9,g8536,3
mubawab.ma:native:8314652,g1387,4
mubawab.ma:content:fcaffeefaabae8308d78affe,g8538,2
mubawab.ma:content:9173bae253928ff901c30508,g5356,3
mubawab.ma:content:e664f7a00ad27393312c86eb,g3141,4
mubawab.ma:content:dabf88f47b9ddf99084bb230,g2649,0
mubawab.ma:content:618aa7856addb5e4ca51cd23,g912,2
mubawab.ma:content:081cb82e8d8f64620dd38aaf,g8544,0
mubawab.ma:native:8396948,g8545,4
mubawab.ma:content:a38c5f30819680895a78760a,g8546,3
mubawab.ma:native:8306927,g8550,1
mubawab.ma:content:07b5ffda87fe535e49362cb8,g8551,0
mubawab.ma:native:8308806,g5491,0
mubawab.ma:content:900de5d910a8463a9e5e166d,g8554,4
mubawab.ma:native:8264309,g8555,3
mubawab.ma:content:03fb865cb1bd64e36a92085e,g8557,2
mubawab.ma:url:6a0cfaf59ee07b7c5edb35a0,g2945,3
mubawab.ma:content:9c4e95f24658f606bb996858,g2148,2
mubawab.ma:content:f142baa6b6d2cd2167cb1edc,g5504,4
mubawab.ma:content:0b342634692cd4acd0876afd,g8566,1
mubawab.ma:content:2eea7c58dd939a744055feb8,g1479,3
mubawab.ma:content:70fde2410e27642c7ffb5925,g8570,0
mubawab.ma:content:3b5f40f83b3a09fc82cfece4,g8113,4
mubawab.ma:content:7887692de9036262e3784d6f,g8573,4
mubawab.ma:native:8248287,g6793,2
mubawab.ma:content:2c8b73f96642d83c0b056810,g8575,3
mubawab.ma:content:de762d224e1699bde26e2868,g8576,2
mubawab.ma:content:9bdd80a2952b0ccabb357b31,g6571,0
mubawab.ma:content:f904fb5849cf99de24f2c84f,g481,4
mubawab.ma:content:e32396415361733d5f9a9fa9,g8582,0
mubawab.ma:content:1b3b0ce43a3f5620feb11b7a,g643,0
mubawab.ma:content:f9a74756f1b4aa9abfbb200f,g8585,4
mubawab.ma:content:e4bdb210e622850645fd3209,g8588,3
mubawab.ma:content:44a802e910c5e5be1d3ff3e9,g8591,2
mubawab.ma:content:ba28e8be4ad88e406c6bb244,g8592,1
mubawab.ma:content:2fc28106daa3e16d4c1755a5,g8593,0
mubawab.ma:content:a09df4397833093541cc356a,g2305,1
mubawab.ma:content:568ba202b8314093445bbffc,g874,1
mubawab.ma:content:a81640ec0921fc6ce39ed6b5,g8599,4
mubawab.ma:content:93f8e1cf8874fb39a0823648,g8600,3
mubawab.ma:content:9ccd3ed8dd8c5df0a4f41e5d,g8602,2
mubawab.ma:content:600d689a2aefb46c79c0e965,g4923,2
mubawab.ma:content:c291dde09f7587e6c9ac881a,g8607,1
mubawab.ma:native:8356896,g8608,0
mubawab.ma:content:49713ec3c45e36e2e6cc67eb,g473,3
mubawab.ma:content:91841ca5236498a55fa858c1,g8613,4
mubawab.ma:content:51c1f5581f63a11835588e81,g7249,4
mubawab.ma:content:64346e38dc98288754100aa5,g8617,3
mubawab.ma:content:98dccbad77f619f1c3a1b064,g8619,2
mubawab.ma:content:eab00eac4c3931324760de5e,g4788,3
mubawab.ma:content:d6335ed82c63c3164997c5a0,g3824,1
mubawab.ma:native:8295172,g8623,3
mubawab.ma:native:8375276,g5808,3
mubawab.ma:content:811c2a916609b769ca6a192b,g8626,0
mubawab.ma:content:1f47ef6b643677e2b4f7f122,g5199,2
mubawab.ma:native:8293735,g355,4
mubawab.ma:content:93c3f1f66d70375a69b342c0,g8630,4
mubawab.ma:content:5af2e52d97f83fbebd564c9e,g8631,3
mubawab.ma:content:2e3a3144786378a926aae7c6,g8632,2
mubawab.ma:content:bb8bb4df84d20ce9e1a4d723,g8633,1
mubawab.ma:native:8064230,g4551,1
mubawab.ma:content:9498319d16b205726de8f32f,g4796,2
mubawab.ma:content:9b9d6a7632e6156eadee30ee,g8640,4
mubawab.ma:native:8263096,g2680,4
mubawab.ma:content:ce5653cd72a006ed6f6b2f8b,g2376,4
mubawab.ma:native:8299662,g8646,2
mubawab.ma:native:8227555,g355,4
mubawab.ma:content:cff7e4e744352594a4a39d23,g1555,4
mubawab.ma:native:8309016,g8263,0
mubawab.ma:native:8370860,g8651,2
mubawab.ma:content:049ef6601ec2ee3177e29bd4,g3887,4
mubawab.ma:content:45445ba3b2301f6271971d15,g8211,0
mubawab.ma:content:59b0bdff85e25bc03aa394b3,g1910,2
mubawab.ma:content:43cbb679e8200017f35a95fc,g8659,1
mubawab.ma:url:6c6f5a7d8dcefc050a0f2972,g7468,3
mubawab.ma:url:768219949740af2bb285150e,g3541,1
mubawab.ma:content:9b76fdad387cc3896b60d447,g4185,4
mubawab.ma:content:5c1c8124b23a8d6efb1dcc45,g8664,4
mubawab.ma:content:db3b16ef426b7b5def9f4c57,g6706,4
mubawab.ma:content:40069497774b2571ff39f939,g8674,2
mubawab.ma:content:ad64dcbd54947ca320407339,g8676,1
mubawab.ma:native:8231270,g6580,0
mubawab.ma:url:2d03b529b3b8794967f3e03e,g145,3
mubawab.ma:content:01e59a8b8327aa9603fe8068,g343,0
mubawab.ma:content:4ce93d377af138cdfc6eb499,g1804,3
mubawab.ma:content:fc2ed7585fbd78b32ed71a8d,g2749,1
mubawab.ma:content:370174583f5a2addd504f2d6,g8686,4
mubawab.ma:content:af0d2fc228c0f721525e7687,g32,1
mubawab.ma:content:e6ffa5f9fbaf2d19cc7f527b,g1863,1
mubawab.ma:content:7ac5751e59280b830f41c191,g8691,3
mubawab.ma:content:f427b36cb3ec1e9e1025f1d0,g8531,1
mubawab.ma:url:86172f67ba7438ae5a409d1c,g1962,3
mubawab.ma:content:0acede63c08ed6acb6e63a40,g8695,2
mubawab.ma:content:7d7f39b0febde99bb8f66dea,g3773,3
mubawab.ma:content:d3021c3c56a30e3516a5c772,g8697,1
mubawab.ma:native:8374670,g8698,0
mubawab.ma:content:1f9caeac753ec283fda53d44,g61,2
mubawab.ma:native:8322255,g8702,4
mubawab.ma:native:8379807,g1366,1
mubawab.ma:content:20eaedd28ad8163782357bdc,g8704,3
mubawab.ma:native:8129484,g1486,2
mubawab.ma:content:d071d4892127d3bd8ea5096c,g8708,2
mubawab.ma:content:4ddbc95a321a6c8f329d5894,g8709,1
mubawab.ma:content:58f35d71880ce3dd625efe9f,g6475,2
mubawab.ma:content:07c08b53f24d988a52118a86,g8248,1
mubawab.ma:content:230b10f87ad046e5684a309e,g8720,0
mubawab.ma:content:9a66e08b25f2e4cf86afed9c,g8721,4
mubawab.ma:native:8309678,g8722,3
mubawab.ma:content:a811222948cfd9232e9ee08d,g8723,2
mubawab.ma:content:9e887def5b632c21b41d6997,g8725,1
mubawab.ma:url:2521604d573b73c19d5cf841,g8727,0
mubawab.ma:content:9a9b7bd32fd793b3006db98f,g8729,4
mubawab.ma:content:501ce95579e56aafcc3cb923,g8730,3
mubawab.ma:content:228425609c6e2b6648baf7af,g8731,2
mubawab.ma:content:52aff07b3f26c841a205fa88,g3180,2
mubawab.ma:content:018b9dea79f925c99cdbc068,g8736,1
mubawab.ma:content:9d5bd3c53c58fd0b64576b6e,g8737,0
mubawab.ma:content:73fc4aec0f1e027f6404883b,g8738,4
mubawab.ma:content:84681bf319bf1c93481caffc,g8739,3
mubawab.ma:native:8363300,g8740,2
mubawab.ma:content:5b881c184e7872883b6618dd,g8744,1
mubawab.ma:native:8115268,g1925,1
mubawab.ma:content:446adcc55b2594e37bbcbd8d,g1448,4
mubawab.ma:content:47dccdde2e601fc14a114efe,g6475,2
mubawab.ma:content:8de136b2221060a6ddac9de1,g8749,0
mubawab.ma:content:c6a25cf95ce810b05cd84c97,g8750,4
mubawab.ma:content:20e1301bb086999f58ad2def,g8754,3
mubawab.ma:native:8238806,g1379,3
mubawab.ma:content:5d111428e1b31c1582eabfaf,g8756,2
mubawab.ma:content:06ae39b1d43009d4aab5cf14,g8758,1
mubawab.ma:content:74bc3b24658b54661ac46713,g8759,0
mubawab.ma:content:b6d63557dc048af779fdd077,g8761,3
mubawab.ma:native:8379414,g8763,2
mubawab.ma:native:8354467,g8764,0
mubawab.ma:content:ef1eab793df14ae6172e797d,g8765,1
mubawab.ma:content:8dc19e4958678ebac4d4fe8c,g8767,4
mubawab.ma:content:0622ecffb9b7dbda015212b6,g8768,3
mubawab.ma:content:d04e6e1281b0f1f0e5a143db,g8769,0
mubawab.ma:native:8299081,g326,0
mubawab.ma:native:8325318,g4627,3
mubawab.ma:content:f09395b30c6ac10257835539,g5655,0
mubawab.ma:content:602d5de30b61fc54f57c099f,g8774,3
mubawab.ma:content:1282b5d6d550833f55ce91a6,g772,0
mubawab.ma:content:718d1a62966230582b73c618,g8776,2
mubawab.ma:content:27539524902bcb9e71cee633,g8777,2
mubawab.ma:content:62ec3ceb779e95f2555f19ac,g4238,2
mubawab.ma:native:8261673,g4372,3
mubawab.ma:content:84a176dcef4b2d0ed02a4023,g8781,1
mubawab.ma:native:8285928,g8768,3
mubawab.ma:native:8261745,g8491,0
mubawab.ma:native:8165056,g2071,1
mubawab.ma:content:af2ce5c71cbc02a1ba56b455,g473,3
mubawab.ma:native:8383400,g8787,1
mubawab.ma:content:80744caa48f10947ed0c5a2a,g2150,0
mubawab.ma:content:960d4139995c6aa6ec2c39c0,g8789,0
mubawab.ma:content:a61c1b701377c817c05144b4,g3161,2
mubawab.ma:content:0dbc9b08f8d4da5d83778927,g4796,2
mubawab.ma:content:b50cb7386dd9e69877478fee,g1516,3
mubawab.ma:native:8354394,g7146,1
mubawab.ma:native:8232462,g8802,3
mubawab.ma:content:44864bb3ed3acb621ce2eebe,g2649,0
mubawab.ma:content:820d7079502169ddab67c315,g8804,2
mubawab.ma:content:fa8d0f3468cc6c0361ecf382,g8806,1
mubawab.ma:content:85495f4bf47e31ffdb68f37e,g8807,0
mubawab.ma:native:7527296,g4838,0
mubawab.ma:native:8407549,g3485,4
mubawab.ma:content:5bbab14bb789b674677b9e7e,g3712,0
mubawab.ma:native:8261998,g355,4
mubawab.ma:content:708af962a5302f9c81f0b4f6,g8818,0
mubawab.ma:native:8355603,g4294,1
mubawab.ma:content:c3f90c0110424bb82a47050d,g8821,2
mubawab.ma:content:4b8540bebefc4ee32272bd23,g8822,1
mubawab.ma:native:7855576,g8823,0
mubawab.ma:content:7633e2db8a96b8444330bb2e,g1115,3
mubawab.ma:content:43b9304e20f5c88f056fa21f,g8825,4
mubawab.ma:native:8395317,g8828,3
mubawab.ma:content:c5f45d5f80681f9b871512cd,g2606,2
mubawab.ma:content:b98a786606ef2526c8aa9e61,g5254,1
mubawab.ma:content:a28fb04cc7699fe983c60b58,g8835,2
mubawab.ma:native:7950457,g943,2
mubawab.ma:native:8259241,g8838,1
mubawab.ma:content:026fced56ac17535846a0143,g8839,0
mubawab.ma:content:dbc9468d627a9cadee30a92f,g2513,0
mubawab.ma:native:8361326,g8841,3
mubawab.ma:content:8d5465a0ea907e2e1c9982fe,g792,3
mubawab.ma:content:340ef5d2f4b9e1c2057781fd,g8843,3
mubawab.ma:content:4622fb15bc46e604189050cf,g975,3
mubawab.ma:content:7e8b92d4fbc07c38cfca84c2,g2224,0
mubawab.ma:content:0a531f55cb14b121b1c1e19d,g8852,2
mubawab.ma:content:9c7caae336eecfc6fe4ab43d,g555,1
mubawab.ma:native:7619622,g8818,0
mubawab.ma:content:e761a635d10dca92a572efdd,g8859,1
mubawab.ma:content:fd6643e811dbbf1518a33273,g3059,3
mubawab.ma:content:e0b86226f444aeafafd44d29,g8862,0
mubawab.ma:content:87af265b7c2108ffa86c6798,g8863,4
mubawab.ma:content:d090ab1dba19cd63ba10123e,g1301,0
mubawab.ma:content:1c7095baf8c3b02161162530,g8872,2
mubawab.ma:content:8c522d7a45e01570ecb42959,g8874,1
mubawab.ma:content:43fe95d5332309ba8a098c08,g7153,3
mubawab.ma:native:8262526,g974,3
mubawab.ma:native:8268452,g7386,1
mubawab.ma:content:87ad36aac6f9ee9008ea9612,g8881,0
mubawab.ma:url:eac104877be95198eb0d718d,g8882,4
mubawab.ma:content:0700b051fad60560eec3237d,g537,1
mubawab.ma:content:50654131bc48842755457cfb,g8886,3
mubawab.ma:content:2e3f1f09cbeba85118a8e23d,g8887,1
mubawab.ma:content:05922e8cdfd251697d1995a9,g975,3
mubawab.ma:content:51b30a7baeb793980040b937,g4923,2
mubawab.ma:content:a842e14d8b7cc74ccbe86cc0,g6288,2
mubawab.ma:content:8ee84cfeb0fffede419acf16,g4478,4
mubawab.ma:url:1744af06d06e8f524a660d99,g8896,2
mubawab.ma:content:cdc1114d2c041bfa395ccbf5,g8899,1
mubawab.ma:content:054d96e5ac2ddfa424b705e9,g8900,0
mubawab.ma:content:65fe7c51ba2e0451b8456195,g8902,4
mubawab.ma:content:394884416ec497c6c52457c1,g261,3
mubawab.ma:native:8336446,g8904,4
mubawab.ma:content:1457db80a0f3f72060d0eda2,g8905,3
mubawab.ma:content:12abc5c5478db30b9ef8a368,g8907,2
mubawab.ma:native:8264170,g8908,1
mubawab.ma:url:61bd1333467805040dfbc0e1,g8913,4
mubawab.ma:content:cd03ade2c4ad250cb4279447,g3967,4
mubawab.ma:content:f8bb813da7b641f2435e6c08,g8916,3
mubawab.ma:native:8274910,g8347,0
mubawab.ma:content:b37752447775d58d347323b9,g8918,2
mubawab.ma:native:8399780,g792,3
mubawab.ma:content:90dcb1d13b126f2376815d5f,g8920,1
mubawab.ma:native:8358538,g3457,1
mubawab.ma:content:4f8a354b255c12ff0bcaed4e,g8923,0
mubawab.ma:content:ef9bbf72a3338a1a40580199,g8924,4
mubawab.ma:content:879fe08cf1a1d0943fd80465,g8925,3
mubawab.ma:url:defe2a52356d72200693c0b9,g8926,2
mubawab.ma:content:bb0ebfa0c818de6821cdb304,g7249,4
mubawab.ma:content:c759c13b836919ac5b150a3f,g8929,1
mubawab.ma:content:6ffd6faeefc2cc0856b03fbe,g8930,0
mubawab.ma:content:fd5e8a71c88ee1a83da98897,g8931,4
mubawab.ma:content:eb500b0051ba61dce8d9d675,g5355,4
mubawab.ma:content:bb1f2aeaff6eda72669c4e16,g8935,3
mubawab.ma:native:8383194,g8936,2
mubawab.ma:content:2aea2e64e44f09d966d63eee,g8505,3
mubawab.ma:content:3256ef453fb44dee666c0fd0,g8938,1
mubawab.ma:content:256579329bb89586a2852ef4,g4658,1
mubawab.ma:content:8159103ae7d863369b72c889,g8941,4
mubawab.ma:native:8243363,g3708,2
mubawab.ma:content:6664e538122c13a3d424b039,g8944,3
mubawab.ma:content:1ec3951b2b99f154465abf2e,g8948,2
mubawab.ma:content:7a9e40000ccb330efcc6fa10,g8949,1
mubawab.ma:native:8396338,g8950,0
mubawab.ma:content:90dc6b4265efd603d1ebfbf3,g8951,4
mubawab.ma:content:774a989f3c81c3a02b9d933f,g8952,4
mubawab.ma:content:9182d0de442e79a80d4ff997,g4451,4
mubawab.ma:native:8267195,g726,3
mubawab.ma:content:67dd13efe3963673be3238de,g8955,3
mubawab.ma:native:8299023,g8956,2
mubawab.ma:content:ecd1447992ff36b4cc32d568,g5846,2
mubawab.ma:native:8059515,g317,0
mubawab.ma:content:2beaf0436ac526b356f7240b,g8960,1
mubawab.ma:content:afee072709af9dd970005fad,g506,4
mubawab.ma:native:8380600,g8963,0
mubawab.ma:native:8313349,g8965,4
mubawab.ma:content:99fc5232999953c0d29933ed,g8966,3
mubawab.ma:content:328cf142ad93d723ece85e54,g8347,0
mubawab.ma:content:34d7ff79247255b8f9055602,g8969,2
mubawab.ma:native:8264407,g8970,1
mubawab.ma:content:1e2868a7ebc9a20089fc51d8,g4089,0
mubawab.ma:native:8362589,g8973,0
mubawab.ma:content:a58911580d7e82916add8a2e,g6609,2
mubawab.ma:native:8075509,g8979,4
mubawab.ma:content:adf61d2279a2dd12d286d50a,g8131,3
mubawab.ma:content:d05389236ef04087a738b101,g8983,2
mubawab.ma:native:8381866,g8984,1
mubawab.ma:content:b19fc9112a0431b1e60fcea3,g8985,0
mubawab.ma:content:0fc5edd33925f7e2fa370280,g8986,4
mubawab.ma:content:eebdca8dd8fb802a7ef23e1a,g8987,3
mubawab.ma:content:08b6cb65898dfdfa3411abb6,g8988,2
mubawab.ma:content:eb31d36174f972476f736a63,g8989,1
mubawab.ma:native:8395290,g8990,4
mubawab.ma:content:ea7e4caf990ed63adfcfae37,g8991,3
mubawab.ma:native:8398370,g1372,1
mubawab.ma:native:8208516,g8995,2
mubawab.ma:content:dfae91e2f866c7ab49bbe293,g8996,1
mubawab.ma:content:24e5d1aa9ccd0291ae762233,g8997,0
mubawab.ma:native:8385150,g8998,4
mubawab.ma:content:174da3d00b8a0df4fa0fd3cf,g9000,3
mubawab.ma:content:a6239a89cd32a09cc2a6041c,g9001,2
mubawab.ma:native:8125348,g9003,1
mubawab.ma:content:59a30e0bcc535d6d1d4f1339,g1891,0
mubawab.ma:native:8380601,g9008,3
mubawab.ma:content:63643765afd21f0cbe5a0d0a,g9009,0
mubawab.ma:content:18404cf18eba29a313d6af60,g9010,4
mubawab.ma:content:9aeac10ce7267fe8b28c410a,g4438,4
mubawab.ma:content:f23514d53a58c6062a7312b7,g9013,3
mubawab.ma:content:46c22894d930f4fa545e960d,g9015,2
mubawab.ma:native:8326976,g67,4
mubawab.ma:native:8368542,g5236,4
mubawab.ma:content:cabe0966c5b4321841714880,g9023,0
mubawab.ma:content:2f9cc49fc3b9db72f7f105b9,g9024,4
mubawab.ma:content:2b74042be8854b7284950dbf,g9025,3
mubawab.ma:content:10b51087f10cf9a047be1ee1,g9026,2
mubawab.ma:content:8ef1ecd6f98fa93c1dd0a5f2,g9027,1
mubawab.ma:content:a60c34207db25e5209afbf9e,g3466,3
mubawab.ma:content:d1a26f08df9f8fddfbf46877,g5956,2
mubawab.ma:content:91710c148c7713cc4614de3a,g9032,0
mubawab.ma:content:33049e43c66630f32606a4ba,g9035,4
mubawab.ma:content:134ad4d3f812d1cefc0be015,g3612,4
mubawab.ma:native:8263938,g8101,1
mubawab.ma:content:62deb4d7053ee54972bc2f5e,g9038,3
mubawab.ma:content:931f4f1ad7322b31050df441,g9039,2
mubawab.ma:native:8262468,g9040,0
mubawab.ma:content:9e1b0820736cdbb4908aa35c,g9041,2
mubawab.ma:content:a211581cde0a61d595fcd8a1,g9042,4
mubawab.ma:content:9c989024de4cbec760d2d8b4,g9043,3
mubawab.ma:content:ee3492c5ea12ad317fa7aac5,g9044,2
mubawab.ma:content:9358caacfe1479d0df37ce47,g3666,4
mubawab.ma:content:bff1953cac33578bf41f2522,g9048,1
mubawab.ma:content:67dcafa48988dba84c257eff,g9049,0
mubawab.ma:native:8301596,g225,3
mubawab.ma:native:8354639,g9053,4
mubawab.ma:content:2175467b9129d823841e3cb6,g9054,3
mubawab.ma:content:cbe85273e1edb83fbcee7c6f,g9056,2
mubawab.ma:content:ae88448d81518cdfa583dc16,g220,2
mubawab.ma:content:62ca9ad23de27b8a5ed8aabd,g9059,1
mubawab.ma:content:26cf778ea89f3bec76348616,g542,4
mubawab.ma:content:72d8771be816acfde60167ea,g9061,0
mubawab.ma:content:79f67e5c065f1d9c29a9f510,g9062,1
mubawab.ma:content:b0f26c51ef2f7f0d0c1cae21,g9064,4
mubawab.ma:native:8384905,g9067,3
mubawab.ma:content:6ba51844d071ded3493710df,g9068,2
mubawab.ma:content:aac2a7326018a71484654642,g222,0
mubawab.ma:content:a30233b5a7791b50f4859680,g9070,1
mubawab.ma:native:8353534,g6934,1
mubawab.ma:content:cc1e2a32e1a38fe3ec8d0a03,g3615,3
mubawab.ma:native:8396010,g9073,0
mubawab.ma:native:8251453,g9074,4
mubawab.ma:content:611b25add5049e71b58419d9,g9075,3
mubawab.ma:content:0bb17ff483b679311d187549,g9078,2
mubawab.ma:content:4c299af63ac44d64ded31629,g7025,4
mubawab.ma:content:bc177f1b90c0a830fce1c4da,g9080,1
mubawab.ma:content:c2c5e3a0d5ac88655221eb7e,g9081,0
mubawab.ma:native:8262291,g5762,1
mubawab.ma:native:8260663,g3204,0
mubawab.ma:content:628ca0735713b285bc8686a3,g3096,0
mubawab.ma:content:d20d35590e8295818b02c53b,g8112,0
mubawab.ma:native:8308807,g2924,1
mubawab.ma:content:90dbbf797f6debeac9f7bb6c,g9089,4
mubawab.ma:content:3455a29a9c1c5852fbb96428,g7064,3
mubawab.ma:content:706c3af2c47799496ef0bda3,g402,1
mubawab.ma:native:8350358,g9094,0
mubawab.ma:content:7a3b2c6a9b6e7f5928c496f7,g3047,4
mubawab.ma:content:d27dea23a317e643ee6d69e0,g9096,2
mubawab.ma:content:67c1e61e476d4687c5bbd819,g9097,1
mubawab.ma:content:9f161f878ea33f2408945997,g5655,0
mubawab.ma:native:8260402,g2203,1
mubawab.ma:content:253b951442aca7bbb8319d04,g230,3
mubawab.ma:content:dbfcec3506638b91ca661e4a,g9101,4
mubawab.ma:content:e85cceed429cfcc5c0ea0f82,g9103,4
mubawab.ma:content:2cb130fbdf0fc6dce52bfc25,g1910,2
mubawab.ma:content:b418a9edf3109f7c31f0ca3d,g9105,3
mubawab.ma:content:92a50c4a528b570e009c9daf,g9106,2
mubawab.ma:content:76d71c9d139db10472ca884b,g3657,2
mubawab.ma:native:8391749,g9110,0
mubawab.ma:content:deaf34efd4760ef0bc7af200,g9111,4
mubawab.ma:content:707a6c1d190a44958a37ee6e,g9114,3
mubawab.ma:content:1a0ec83f961cffc5083177ff,g9115,2
mubawab.ma:content:4d9409c4d1f2903bf7e17756,g8341,3
mubawab.ma:native:8360703,g7671,1
mubawab.ma:content:e74b2d100be4afd22d827579,g9119,1
mubawab.ma:native:8361840,g958,4
mubawab.ma:content:096b1255869678871cce5be9,g9123,0
mubawab.ma:content:be434508bf605e8adc7aebca,g9124,4
mubawab.ma:content:00d310a17059248f77f471ad,g4556,4
mubawab.ma:content:79e16d76a86774517b8ee0ab,g9127,3
mubawab.ma:content:d981912b94606c0a765fb5f2,g1454,2
mubawab.ma:content:197be90d4293d257d6e84c1b,g4708,2
mubawab.ma:content:b903a9415c10609a32335213,g9131,3
mubawab.ma:native:8342372,g388,0
mubawab.ma:content:02d66baa277080b926310659,g220,2
mubawab.ma:native:8047341,g6403,3
mubawab.ma:content:805ae58a324e1f8863976337,g370,1
mubawab.ma:content:8f4cff2b7b945ebc3d805074,g9138,1
mubawab.ma:content:fa0f5c698e7263c9941446c4,g9062,1
mubawab.ma:content:0ac41a5d94d8c090d74d749a,g968,3
mubawab.ma:content:e169f2106fc4bb1f27e90c6f,g9141,2
mubawab.ma:content:19226e0ce2d6aa0db3637b90,g9143,0
mubawab.ma:native:8205085,g5851,0
mubawab.ma:url:92d0e148a37efb57affbb65c,g618,4
mubawab.ma:content:8d83f6d811c356662495e867,g1086,2
mubawab.ma:content:81fbc13c8b960e415abbba9f,g923,4
mubawab.ma:content:96e677c3f024ccc1b16b1223,g1599,1
mubawab.ma:content:b8cac134255d94183f467e5a,g9151,4
mubawab.ma:content:c1c8322b14422bc030cfc49c,g5203,0
mubawab.ma:content:69bab270ed2d32226ba690f6,g1658,4
mubawab.ma:native:8262068,g4010,3
mubawab.ma:content:e7141f6a89865c502a7f4588,g2313,2
mubawab.ma:content:d7214c049c4eabfedbe02271,g9156,3
mubawab.ma:content:51d2b400b0971cf19b09dae1,g750,0
mubawab.ma:content:6cb4e2aa39e237fd3d93250b,g9158,2
mubawab.ma:content:7b10bc9e5ff83a10ec42043a,g9159,1
mubawab.ma:content:5ed6830a1b6e492fb52ad670,g1387,4
mubawab.ma:native:8406864,g1880,1
mubawab.ma:content:74d96bd1e859136793051f22,g9164,0
mubawab.ma:native:8393408,g9165,4
mubawab.ma:content:5f4252cd2a1b748ce5284c25,g9166,3
mubawab.ma:content:986b778d205c1dc4ef3f40f6,g2205,0
mubawab.ma:content:6cb3ba7cf4d06fc818bba104,g220,2
mubawab.ma:content:68e25fb65a5e5f94183d1dad,g9172,2
mubawab.ma:content:1cfc8c0e23fe5bdb696d447f,g9174,1
mubawab.ma:native:8382806,g9177,0
mubawab.ma:content:2bedd643b758bec94465592a,g1658,4
mubawab.ma:url:ba4457308fbbaf3e6a09d509,g7734,3
mubawab.ma:content:549fa1f410c041ff4cbb0aad,g9180,4
mubawab.ma:native:8319730,g2266,3
mubawab.ma:content:8f868a0e5356a6f76febaa9d,g9182,3
mubawab.ma:content:c5d0a5ef00d0b99123e09423,g9185,2
mubawab.ma:content:15eed79a9e9d66cdb4f1c56c,g9186,1
mubawab.ma:content:8a2afcbe9a019eb479a72db2,g3428,3
mubawab.ma:content:1aef76902b7b0823f54b3207,g5637,1
mubawab.ma:native:8136709,g9190,4
mubawab.ma:url:3f6da662c51e460adc95ecb7,g9191,3
mubawab.ma:content:5ec9ac7a77f090fa497cc7cb,g9192,2
mubawab.ma:content:fcbf340da9633be62656fb9b,g3965,0
mubawab.ma:content:d0d374f342abb4bd6ec79840,g2825,2
mubawab.ma:content:7688b57faf63d8c0b5cb7d2c,g9199,1
mubawab.ma:content:fdd3dd74cdf3c01b3e77f935,g9200,4
mubawab.ma:content:0fb85c68574d5f8fd814dc5f,g326,0
mubawab.ma:content:5eb305fd6ceee3a997d3a40d,g9207,3
mubawab.ma:native:8382826,g9208,2
mubawab.ma:content:e2ec2e1105a0d79349c6154d,g5375,4
mubawab.ma:content:fc079a85bbe8a4635a330a47,g1859,2
mubawab.ma:native:8107872,g4762,0
mubawab.ma:native:8305719,g3524,1
mubawab.ma:content:f641ac0e96ae570fa2c2c500,g9218,0
mubawab.ma:content:74dbd1d2f4f8ca32cc53b4e6,g9219,4
mubawab.ma:content:0629d44f56469550f608b977,g9220,3
mubawab.ma:native:8377108,g9228,2
mubawab.ma:content:5291b68cc7db92bb67bb993b,g8514,2
mubawab.ma:content:5baac67e0ae19b6a4955a7b4,g6840,1
mubawab.ma:content:14cf93d670daa27abc093259,g6093,4
mubawab.ma:content:03c62baa6289e063e47d9d44,g9232,1
mubawab.ma:content:7ea524d93b93055ea8242060,g1422,0
mubawab.ma:content:14fdc556ca9557b220587be4,g9235,0
mubawab.ma:content:ee672c940505ff78f71888f1,g9236,4
mubawab.ma:content:d6a686f55143c819beb4295f,g9237,3
mubawab.ma:content:46cbcc487302486d1ad230fa,g9239,2
mubawab.ma:content:9205277ec498a01c19365e2d,g9241,1
mubawab.ma:native:8401721,g9242,0
mubawab.ma:content:3cc74967fcf2f8fa725a9aa0,g9244,4
mubawab.ma:content:2d65b805138dfa8829d216e5,g2825,2
mubawab.ma:native:8378792,g9246,3
mubawab.ma:native:8365804,g8952,4
mubawab.ma:content:6acb2aafcf4d7b0948d845de,g9249,2
mubawab.ma:content:455a6dd79e33c632b6ccc511,g1093,1
mubawab.ma:content:5e6d88a091a888a943b8a556,g3956,2
mubawab.ma:native:8342084,g1087,2
mubawab.ma:content:6d3c37d5178e559b0506715f,g9257,1
mubawab.ma:content:e5d31a6693e4070188ca3ec7,g9259,0
mubawab.ma:content:4753eb216041e3519153ab38,g9261,3
mubawab.ma:content:262e150ede82e894e3f094d7,g9262,2
mubawab.ma:content:5555b3e1bcd01d11d1e65d4d,g9264,1
mubawab.ma:content:13b5b85d4de669110253b680,g9265,0
mubawab.ma:native:8304895,g6498,0
mubawab.ma:content:f193092fd028eba861d509d9,g9267,4
mubawab.ma:content:7f0cd6ed6a297e81f0dc96d5,g9269,3
mubawab.ma:content:af537c7b484e3931013dfb13,g9273,2
mubawab.ma:content:ec9f70e66e65edf869e0b529,g9274,1
mubawab.ma:content:0be612c28038439feb2e149b,g9275,0
mubawab.ma:content:1325d101f84de4735db5b503,g9277,4
mubawab.ma:content:e10560ea66182fa8c2a8edc2,g9278,3
mubawab.ma:content:d0dd02d9ae7448e44e0a83d3,g5709,1
mubawab.ma:content:24ced7461e353f1dd290b927,g9280,2
mubawab.ma:native:8400712,g1134,0
mubawab.ma:native:8308558,g9283,1
mubawab.ma:content:4124cae68be1ba986d355763,g9284,0
mubawab.ma:url:20a64f2574fdff6d3dfad288,g9285,4
mubawab.ma:content:05f03f4c16780a7ac1ff60aa,g9287,3
mubawab.ma:content:e06c6a86a864de10583c6740,g9289,2
mubawab.ma:content:a5f53b18cdd7cfbddcda7516,g3742,4
mubawab.ma:content:c63a2e99193c7fd92bcb7f10,g9294,1
mubawab.ma:content:85e4e02263125ebd47633679,g1125,2
mubawab.ma:content:45a253f7be0941ba79867c00,g5451,1
mubawab.ma:content:89bb38cf097df7923e393a54,g9297,0
mubawab.ma:content:16baffcace18faae81328c39,g9298,4
mubawab.ma:native:8109288,g9302,1
mubawab.ma:content:766b2fefb0ac672434abb3ea,g9303,0
mubawab.ma:native:8329640,g1018,4
mubawab.ma:content:5f526cb7942bd04e6f5d7777,g9305,4
mubawab.ma:content:3d97ae90a3fc2fcf0fe018e6,g9306,3
mubawab.ma:content:eec5b4393ca0e1a5ef23c496,g9308,2
mubawab.ma:content:356edd419c241fd6ccd4f324,g9310,0
mubawab.ma:content:b2c25d054c925d9f1b5b7a25,g9312,4
mubawab.ma:content:ec28347b28a77fe51fb8abe8,g9313,3
mubawab.ma:native:8403851,g9314,2
mubawab.ma:content:e24fad73d7bc9156b573fdfe,g4763,4
mubawab.ma:content:bf0f1eaf264c771ec7cdf442,g9317,1
mubawab.ma:content:cc706e8c0ae0c9404ac3c6db,g7048,1
mubawab.ma:content:859bedcb093babff98ab1983,g9320,0
mubawab.ma:native:8361931,g222,0
mubawab.ma:native:8387821,g3544,0
mubawab.ma:native:8302577,g1079,2
mubawab.ma:content:3f8c68223ad1800982aa40bb,g9325,0
mubawab.ma:content:64b4472314c78c03294dc10b,g2825,2
mubawab.ma:content:d3036e723bd691d0b57ba234,g9327,4
mubawab.ma:native:8302754,g9328,3
mubawab.ma:content:8047248468f8be7e740fae80,g9329,2
mubawab.ma:native:8390542,g5461,3
mubawab.ma:native:8389504,g9332,1
mubawab.ma:content:cf14683a1ef4af476231ad13,g9333,0
mubawab.ma:native:8396844,g4109,1
mubawab.ma:content:25c2fd613342b97a9f33e427,g3502,3
mubawab.ma:native:8365253,g3047,4
mubawab.ma:content:c1a15e8c1626e894529e6038,g4272,3
mubawab.ma:native:8308702,g3711,1
mubawab.ma:content:fa5c20a772673130b7086ea5,g9343,3
mubawab.ma:content:ff2e6d70425c359e93b893a6,g9344,2
mubawab.ma:native:8300167,g2616,3
mubawab.ma:native:8260376,g3356,3
mubawab.ma:native:8324906,g9350,1
mubawab.ma:content:f42a17091b9b2f8bcc9bd400,g9351,0
mubawab.ma:content:1eb9f408b199e878ec2ad087,g9353,4
mubawab.ma:content:fa2c8f986a78869214462020,g9354,3
mubawab.ma:content:25ea67225535f96f2b9af887,g9355,2
mubawab.ma:content:436299488ac418d4b8294041,g9357,1
mubawab.ma:content:57691daa7885f3ba1bb2675b,g9358,0
mubawab.ma:content:ab00afdafb1ff808b81c480e,g9359,4
mubawab.ma:content:8794192d160d78740e8179a7,g9360,2
mubawab.ma:content:144ea88512a2efac5adeb783,g3408,1
mubawab.ma:content:91724be7f8b986253f4fd3ff,g2822,0
mubawab.ma:content:077538faafa62911e73b8150,g84,4
mubawab.ma:content:1634274d2b7dee657e0631e8,g9366,1
mubawab.ma:native:8370333,g9368,0
mubawab.ma:content:8e79ac66cbed20835787d74d,g9369,4
mubawab.ma:content:45f43acd48a1ea8d25032955,g9371,2
mubawab.ma:content:5135d41e079369a3c671fb2b,g9375,1
mubawab.ma:content:7e8a67c889e9419cfbec71f0,g9376,0
mubawab.ma:content:39244bc8885bf503f96788ac,g3612,4
mubawab.ma:native:8387579,g9379,4
mubawab.ma:content:fd019ecbadd55c97eb6074ff,g4269,4
mubawab.ma:content:2eea18e54402f12b6f61805a,g9382,3
mubawab.ma:content:6ee3bc74c903ba85f94d0d3c,g9387,4
mubawab.ma:content:544ed930cf122e27fdb1270d,g4182,1
mubawab.ma:content:8259ed7608801126bf4b0a9d,g9393,1
mubawab.ma:native:8260722,g9397,3
mubawab.ma:content:c9bb9cd95c1cecae38879a3f,g9398,0
mubawab.ma:content:01c79cf4e28fcbaad5a72457,g9399,4
mubawab.ma:content:eecf4624d22b2d641c44b2b4,g9400,2
mubawab.ma:native:8396668,g9402,1
mubawab.ma:content:017757b882628de4b0e37484,g2266,3
mubawab.ma:content:49bdac304aaa3dab956e88f9,g9387,4
mubawab.ma:content:aa63ac42198c6d68b19b7a6d,g575,0
mubawab.ma:content:269ea8e9e1ebe35c064fa489,g923,4
mubawab.ma:content:430d69d69af83901e8b1d61b,g9410,4
mubawab.ma:content:923a6717c05657b4f0e500c6,g9412,3
mubawab.ma:content:cf8079389b7d10b57da0d645,g7214,0
mubawab.ma:content:b275916090de3414b416a8b4,g9415,2
mubawab.ma:content:ff34b5bb37af84d8dc4f2e31,g9416,1
mubawab.ma:content:2bdec0a7fb4e79ea9f1e2276,g9417,0
mubawab.ma:content:51fcaee209ec94b0e4065b70,g9418,4
mubawab.ma:content:35efedf866d3af0335e876a3,g3136,2
mubawab.ma:native:8257947,g5254,1
mubawab.ma:native:8362698,g9422,3
mubawab.ma:content:f4c558a6ab139cfbc7c5a019,g7146,1
mubawab.ma:content:d4b5da7741aa8a06d16417bd,g7734,3
mubawab.ma:content:6347bc7d9d9052a0d4366ab4,g2503,2
mubawab.ma:content:81664a3fcafea7857f959d48,g9426,2
mubawab.ma:content:d162a8cfc9a820a4258a2d68,g6840,1
mubawab.ma:content:b6a495a70feeafa8c306b518,g9430,2
mubawab.ma:native:8363575,g9432,1
mubawab.ma:native:8262444,g9435,0
mubawab.ma:content:76d8514cf86580cc63dcd2fe,g1804,3
mubawab.ma:native:8385865,g1083,4
mubawab.ma:content:b4e37a0d012e1a037625556f,g9438,4
mubawab.ma:content:cd3237829e4086c31fa1e785,g1301,0
mubawab.ma:content:a7ee9d7c83a876d16bc400c0,g2848,3
mubawab.ma:content:1ac2144017f4189e9bf915f6,g9443,2
mubawab.ma:content:53a3fbf637c889813e9cb029,g9444,1
mubawab.ma:content:a64d139fa4aaca5966afd937,g9445,0
mubawab.ma:content:2e5e545ca658fff370b30241,g9446,4
mubawab.ma:content:079549d84540ef8fc0a1f885,g9448,3
mubawab.ma:content:1634d99b322ef626c90f498a,g9449,2
mubawab.ma:native:8243747,g9450,1
mubawab.ma:content:28406c2a949e633c68f9b655,g7802,2
mubawab.ma:content:fbb4df91d659d526b402335e,g9454,0
mubawab.ma:content:b3721d073da1805ecae5c5fd,g9456,4
mubawab.ma:native:8395178,g2313,2
mubawab.ma:content:f6426472ef215984b220e26e,g3092,1
mubawab.ma:content:421c63a0d4b91c737e28dda8,g6092,4
mubawab.ma:content:04b7fe34718f29ab2d8b53ac,g9462,3
mubawab.ma:content:fc253291616485e90931b177,g5066,4
mubawab.ma:content:55c5859fdf29c84623f74ebb,g1636,1
mubawab.ma:content:8105f2ae41e78bdc89541ac1,g9472,2
mubawab.ma:content:7727c836999b112ff0d3d956,g9474,1
mubawab.ma:content:83eeccae43580da5ab6b28dc,g6447,4
mubawab.ma:content:74923b49d9dbb34b70101912,g3479,0
mubawab.ma:content:ee4050d6fd704d9009f97978,g9477,0
mubawab.ma:native:8201574,g9479,4
mubawab.ma:content:88d6b8a93bc77a89cf6836f1,g9480,3
mubawab.ma:content:746106d1e40c6a4ad13f9902,g1134,0
mubawab.ma:content:1520b3bccd475d8f598bd938,g9482,2
mubawab.ma:content:02c683d82f2a8ae97a221e92,g9484,1
mubawab.ma:content:5e9a148291404b6598f812df,g2514,4
mubawab.ma:content:2a6e52d1fea2f1daea7c4f97,g9397,3
mubawab.ma:content:4ee83bd58e1a2720c51ef122,g960,1
mubawab.ma:content:211bc21c495124c83c99ce52,g4068,1
mubawab.ma:content:1036df70bebd469ba9c258cf,g6732,1
mubawab.ma:native:8349477,g9494,0
mubawab.ma:content:f23a3d2da993b342c8b9b789,g4678,2
mubawab.ma:native:8401183,g9496,4
mubawab.ma:content:98cd343173b45f88fe9e5ca0,g29,2
mubawab.ma:native:8332552,g8646,2
mubawab.ma:content:0075877092e532323cb2cac7,g9500,2
mubawab.ma:content:0232d47173eb793c83cc7068,g9501,1
mubawab.ma:native:8344532,g388,0
mubawab.ma:url:e605ea59114a12d4282fd3a4,g9506,0
mubawab.ma:content:d0fb90d908bb9121bee440c1,g9507,4
mubawab.ma:content:d5cb72381e709d38e5aceead,g2945,3
mubawab.ma:content:6081a170a937087444d2155f,g9509,3
mubawab.ma:content:f946ff8bc0f7e8d071b5bc19,g8764,0
mubawab.ma:content:2ccd40591edc07d7ff9129d2,g9511,2
mubawab.ma:content:432cb62174d95ff618a9aa57,g261,3
mubawab.ma:content:d39279bc7f1bfcabfb521aee,g6180,3
mubawab.ma:content:c93dafd7b7c65cd17005198b,g7214,0
mubawab.ma:native:7687869,g2622,4
mubawab.ma:content:0c88fa8e4e6bbdc6815064f2,g9519,1
mubawab.ma:content:1b97fd4bf4b41b1c077805a3,g9521,0
mubawab.ma:content:035fcd88904561beb6168d07,g9523,4
mubawab.ma:content:c1172a8be683313dc61cbfb5,g9524,3
mubawab.ma:native:8260698,g9525,2
mubawab.ma:content:a3faea5f30c0b881d0c5ec5a,g6067,0
mubawab.ma:content:6f2d10966d086bc863a8b21c,g8065,2
mubawab.ma:native:8264086,g88,2
mubawab.ma:content:cf1c183bd6f21144c41f1d81,g9529,1
mubawab.ma:content:6f20ecc432f853d5b4565a99,g9531,0
mubawab.ma:content:b3278389a51e477c1ba3eb40,g4103,4
mubawab.ma:native:8383555,g9534,4
mubawab.ma:content:b7190769d0a60bf917c2fc2e,g9536,3
mubawab.ma:native:8113146,g9537,2
mubawab.ma:content:e57fe41399b867231a9f97ed,g9541,1
mubawab.ma:content:fda121ad2326a03a56ac567a,g1182,1
mubawab.ma:content:d03fe46db6c4c981f1c2a337,g917,1
mubawab.ma:content:3d24c8299200f816bd7bdac7,g9544,0
mubawab.ma:native:8365660,g9545,4
mubawab.ma:native:8260231,g4525,0
mubawab.ma:native:8393902,g1950,3
mubawab.ma:native:7004962,g5638,2
mubawab.ma:native:8379974,g9555,3
mubawab.ma:content:cda728cdfe226f8fe1d8f545,g9556,2
mubawab.ma:content:717ae4eea941bff2f555d92c,g9559,1
mubawab.ma:content:4b36e4f1459aadfe7ae3c2bc,g7576,0
mubawab.ma:content:ea5b246ebf9ded202bcdec07,g9561,0
mubawab.ma:content:63a902786ce9d4d6a97ee802,g9562,4
mubawab.ma:content:4342d3dd74e20a5c25d6953c,g9563,3
mubawab.ma:content:c53e97173859dbc44e39af47,g977,4
mubawab.ma:native:8349959,g968,3
mubawab.ma:content:2006ab242905c99553c1ebae,g9567,2
mubawab.ma:content:a94ea6f2f43eeae62697fd7e,g9568,1
mubawab.ma:native:8392399,g9569,0
mubawab.ma:content:3317630074d323c5b9b3f0c9,g9571,3
mubawab.ma:native:8378188,g1371,4
mubawab.ma:native:8262416,g589,0
mubawab.ma:content:c976c2df8d1087b78d8acd72,g9574,2
mubawab.ma:native:8277985,g4954,3
mubawab.ma:content:bda0f072eb36a81fd43be8b2,g8902,4
mubawab.ma:native:8370890,g9577,1
mubawab.ma:native:8149008,g8236,2
mubawab.ma:content:9a1a2e5c495d4a3dee3139df,g9580,3
mubawab.ma:content:8668b32fd267da8a712face3,g9581,0
mubawab.ma:content:aea95c19a882841168a0daf9,g9582,4
mubawab.ma:content:33d050f04f66eb19bb98709f,g9583,3
mubawab.ma:content:3d7902c962afad1d1d04f81a,g9584,2
mubawab.ma:content:3c5ecde742e03b6010b47492,g9585,1
mubawab.ma:content:6bd619f46e0b87e4a009408c,g4550,2
mubawab.ma:content:788f6f3c5f0a9a1261f16789,g6210,2
mubawab.ma:content:3cdbf4072f80d46740c82878,g3742,4
mubawab.ma:content:7f31c41bcfbb4d2625c24223,g9592,4
mubawab.ma:native:8356897,g9593,3
mubawab.ma:content:cabc952281b2ce244e3e0a94,g9594,2
mubawab.ma:content:07257a0acf1a6c19391b4665,g4369,0
mubawab.ma:native:8296384,g9601,1
mubawab.ma:content:936b60ca23e6de1980a787d8,g9604,0
mubawab.ma:content:214ea2eab69466e28939e53b,g5057,0
mubawab.ma:content:2d7fa05d39954a18f73fae97,g9607,4
mubawab.ma:content:6fc28e4798d5709e909d1d2c,g2291,2
mubawab.ma:content:d7b88b250cc893559dfe2d95,g9613,3
mubawab.ma:content:a9655f4b1abe51ae3fdd6be9,g9615,2
mubawab.ma:content:b993d0769061b981d130adeb,g9617,1
mubawab.ma:native:8270219,g9619,4
mubawab.ma:content:15ceffd5302370be490b4a70,g9621,4
mubawab.ma:content:be4016362d8646f6ebfc0f49,g4913,1
mubawab.ma:content:6a0703ee7b28e30b6ac9f42c,g9623,3
mubawab.ma:native:8404781,g9624,3
mubawab.ma:content:9b9719fa63f9b5346894b23a,g2261,4
mubawab.ma:content:edfafd65055980ed7f463c62,g9629,2
mubawab.ma:content:90b95ea750f068acc8c339db,g9632,0
mubawab.ma:content:7576f8cab129922a3fdc5246,g2407,2
mubawab.ma:content:35462587e82d87f393945763,g9635,2
mubawab.ma:content:42ad4cee8dcb132dcfa51df8,g9642,4
mubawab.ma:content:79275aba9b73c0c9e475448f,g9094,0
mubawab.ma:native:8391792,g9644,3
mubawab.ma:content:30303d201439076bb8c750b8,g9645,2
mubawab.ma:content:035ddb282a54f00aa2e430e2,g9646,1
mubawab.ma:content:8398bea06db8acd97d75a48e,g7686,4
mubawab.ma:content:eca117802e0dfb2b03e47b5a,g9649,0
mubawab.ma:content:74e65605b1f97ba2c95ae806,g9653,4
mubawab.ma:content:d9c34a42e431d89db0bba8a8,g9655,3
mubawab.ma:content:ffdd7993fe6b67b13fabbbe5,g9657,2
mubawab.ma:content:c66261433b91338d8c30ba50,g9658,1
mubawab.ma:native:8358988,g1191,2
mubawab.ma:native:8398857,g9660,4
mubawab.ma:content:ed84ca6ad1759bb1c0e1b2bf,g9661,3
mubawab.ma:content:b7e5f2b8491f0ff5e0c9ec53,g9662,2
mubawab.ma:native:8305727,g9663,1
mubawab.ma:content:3100b693fda98a319763663e,g731,3
mubawab.ma:content:242933732506c99b4748174e,g9669,0
mubawab.ma:content:4382d29084269353220bdfcd,g6267,4
mubawab.ma:content:f028c43fa2c7a9411911c6ed,g9674,3
mubawab.ma:content:aebd09f2d0ff20b97235002f,g1224,1
mubawab.ma:content:9128cd38f4f5a87c9642f3ad,g9676,2
mubawab.ma:native:8360403,g8781,1
mubawab.ma:content:5b16c82ea545a3ec4769eb08,g9679,1
mubawab.ma:native:8347564,g1016,3
mubawab.ma:content:47c2f37d39ad43585dfcc6bf,g2314,3
mubawab.ma:content:ef2b9cfd6ad95cb706962ed4,g9685,0
mubawab.ma:content:492a4928ae9119b486e1168e,g9686,4
mubawab.ma:content:151b455326669664ef8bae33,g9687,3
mubawab.ma:content:a84576f09c16c4b8d83dfab6,g9690,1
mubawab.ma:content:97343a9c9e410d8b504f11cb,g9691,0
mubawab.ma:content:f1f0dfcbdf811b8d3a410ce4,g9693,4
mubawab.ma:content:c1a96e6df73c19c9726d383f,g9694,3
mubawab.ma:native:8261005,g9580,3
mubawab.ma:content:8afc6ee0b0cd6f6135e570ba,g9701,0
mubawab.ma:content:41c46e9262b7bff84fe68a45,g1416,0
mubawab.ma:content:79ff09c66a0e668ad368a91b,g968,3
mubawab.ma:content:862d7e424ed9a08294ada56c,g9705,4
mubawab.ma:content:67db5a184a7a050781e8874f,g9706,3
mubawab.ma:content:919278bf20b075b08d099161,g9709,2
mubawab.ma:native:8269821,g9712,0
mubawab.ma:native:8390176,g9713,4
mubawab.ma:content:805a7fc76fcd9864608b52c5,g6425,1
mubawab.ma:content:c473827253b3e6da264c13f3,g7799,3
mubawab.ma:content:088c1f2ac09d300ab755987e,g1064,4
mubawab.ma:content:5b01cfd9ca6ea9528cf68dda,g9720,3
mubawab.ma:content:d29d1cae641746f06de886e7,g9721,2
mubawab.ma:content:bc938e59ce6d81d8e49a05f5,g9722,1
mubawab.ma:content:55644c68bcd0cedbc08ec963,g9723,0
mubawab.ma:content:392eb2894418dd3a958fcbd0,g222,0
mubawab.ma:native:8340204,g7027,3
mubawab.ma:content:ef6ad67972386e74f793fbfa,g9729,4
mubawab.ma:content:9b8e95d723b1f1dc1e9108ad,g9730,2
mubawab.ma:content:d3922f88b729c2ffc4235883,g9731,1
mubawab.ma:content:0ac71a1065675abac1fbb20a,g9732,0
mubawab.ma:content:b76754022ff9e91bc8fdb436,g9734,0
mubawab.ma:content:ace14902535b334078ef4dae,g9735,4
mubawab.ma:content:d54132b46c564f66cd008369,g9736,3
mubawab.ma:native:8342041,g1583,3
mubawab.ma:content:33bb2eea52c5c45c9cc241c0,g9738,2
mubawab.ma:content:f905274a0fe2f721ed98629a,g724,4
mubawab.ma:native:8385224,g9741,1
mubawab.ma:content:58d3f2e8baf47880117a0fa0,g9743,0
mubawab.ma:content:73bc022fb37aba9d4065bb28,g8887,1
mubawab.ma:content:b25d7e222439e81a4a009747,g9749,4
mubawab.ma:content:b25782c7eaca8e7883dc9a79,g1496,1
mubawab.ma:native:7986251,g8776,2
mubawab.ma:content:a32bfb226a979178b2e0f1dd,g9755,3
mubawab.ma:content:467ba2cd5293dc10d33437be,g9756,2
mubawab.ma:content:cf2262103d2b88fe11a2d3c3,g4457,3
mubawab.ma:native:7687868,g2536,4
mubawab.ma:content:6b44e68e22a454b4374044a7,g9762,1
mubawab.ma:content:47aa477784bd76bebd171d95,g1740,4
mubawab.ma:native:8302304,g7012,4
mubawab.ma:native:8357618,g9765,0
mubawab.ma:content:f41bcb684240f20d9a625ccd,g9766,4
mubawab.ma:content:afba74065ee9b2efca1b465c,g4634,2
mubawab.ma:content:3c9fe60618310b5e5f191b96,g1372,1
mubawab.ma:content:78e4ec140efefeb9d7836fbb,g9770,3
mubawab.ma:url:325d6af4cf8a5043bdfeead7,g8221,4
mubawab.ma:content:ed23f6694d6cc693443fff2f,g9772,2
mubawab.ma:content:588af2cf12a6f9f76dad4b90,g7982,1
mubawab.ma:content:796c4c7c76a6326104eba8aa,g9777,1
mubawab.ma:content:f222e4ad6387f2511f153e42,g9778,0
mubawab.ma:content:3f4ee7679073e91d13669d3d,g9779,4
mubawab.ma:content:4ebc68f02b7798495c0e7422,g3154,3
mubawab.ma:native:8398070,g4109,1
mubawab.ma:native:8262015,g9623,3
mubawab.ma:content:2d3663a9ab4452f999fb645c,g9785,3
mubawab.ma:content:2031b12c8ebf747138838182,g3752,3
mubawab.ma:native:8126494,g6143,2
mubawab.ma:content:78e0e7f28859f2a4a7d1e2b5,g7183,1
mubawab.ma:content:87c1e0a6db57d88fdc38229b,g9793,0
mubawab.ma:native:8396895,g2705,4
mubawab.ma:native:8233811,g4025,2
mubawab.ma:content:c1bd321c2e32e950b5a4fea6,g2307,4
mubawab.ma:native:8299742,g9799,2
mubawab.ma:content:af303975d513da0818ac7698,g6499,4
mubawab.ma:content:06368f0369ae482106c04ce3,g9802,0
mubawab.ma:content:1384f4559b2e5e0ff0b9aeb7,g4010,3
mubawab.ma:native:8401344,g9804,4
mubawab.ma:content:e8863ae50465c0d4a9ef495b,g1218,2
mubawab.ma:content:4e53b80881dd7f5bc2ec895a,g3545,2
mubawab.ma:content:b59e0e53704ed1e04b931fd4,g9807,3
mubawab.ma:content:2fd63a868cccc100f3265c16,g9809,2
mubawab.ma:content:f1880e39bf6558ed8affc163,g9810,1
mubawab.ma:content:b5d71300b192ef35e8c38e61,g9811,0
mubawab.ma:content:59f2fc93e6e9e94084d2aef1,g220,2
mubawab.ma:content:61dcf57138ad4e6e6676c2a0,g4165,4
mubawab.ma:content:a6d84442887801a6cd665153,g4796,2
mubawab.ma:content:acb025094802dec569566c8b,g9815,4
mubawab.ma:content:caed8eb0b5b144bb9e235e18,g9817,3
mubawab.ma:native:8381356,g1854,0
mubawab.ma:native:8196549,g9819,2
mubawab.ma:content:4bab24e93b2b0ae3fea5ef13,g9820,0
mubawab.ma:content:5af547cd0d200871bc69f1e6,g7714,4
mubawab.ma:content:0d363a97950deeb2349181c0,g9823,4
mubawab.ma:content:f9185fb18c272fe2174da416,g95,0
mubawab.ma:content:38180b6a9a745a44c671634b,g9825,3
mubawab.ma:content:73f5bb26b58499a3a419ddc6,g9827,2
mubawab.ma:content:cb0669f00be40c0b8ba93d9c,g9829,1
mubawab.ma:content:55a93bd9b2117122809bdd64,g9830,0
mubawab.ma:content:e732a1cc35adccb543e166f9,g9831,4
mubawab.ma:url:a763120e3331c78ca4cd7247,g117,0
mubawab.ma:content:cec594a3b0b6e084c9ab6122,g5846,2
mubawab.ma:content:a62ec2e82a4229a6551eb56f,g9840,3
mubawab.ma:content:c61e49a8a5066c42a28bc46b,g9841,2
mubawab.ma:content:912129caa4d99e00e8ca8147,g7772,2
mubawab.ma:content:6c8cd0aa32b1734cd3558b7e,g7686,4
mubawab.ma:content:4355d09d6924ce9888e1a1dd,g9844,1
mubawab.ma:content:ff50e7617bd834bd04ff8c30,g222,0
mubawab.ma:content:44ae983cb62d36ce959611a7,g9846,0
mubawab.ma:content:47e8ba8ce09806a3e660ce5e,g6395,4
mubawab.ma:content:7076565527b7d90ce0ff64d4,g290,0
mubawab.ma:content:4884f860a9e4ebb79aed4335,g1134,0
mubawab.ma:native:8353043,g7832,4
mubawab.ma:content:e4036ab8b32de23fdd5d6b80,g6469,2
mubawab.ma:content:ddd23ff4a3eb72a69e26a719,g6005,4
mubawab.ma:content:e6b00ce8c6026e23c798e02e,g9855,4
mubawab.ma:content:0ae397da583e77916e1d0676,g9856,3
mubawab.ma:content:48e2eb282fbf2b068a0332ba,g9857,2
mubawab.ma:content:17caadcf1b6e8e87338c4637,g9858,1
mubawab.ma:content:378e2418bd050cfd8278ed41,g9859,0
mubawab.ma:content:73a5e3c8f567d6099288b680,g725,2
mubawab.ma:content:bd804e2913b4deee434a41f1,g9861,4
mubawab.ma:content:14119f7f73b51409846b2ad7,g9862,3
mubawab.ma:content:c88e4b5b485c5bdc20cc1338,g3676,2
mubawab.ma:content:04e68299c4947a614218b5ef,g9865,2
mubawab.ma:native:8399233,g9866,1
mubawab.ma:content:34e63e72dc51e38a8a0ca1a1,g872,3
mubawab.ma:content:021469dd11c8cfd6929d5a4c,g9868,0
mubawab.ma:content:5cca76e52fc77253c501475e,g9871,3
mubawab.ma:content:271fe47c26eb2eb3dd4997c5,g974,3
mubawab.ma:native:8369417,g5348,3
mubawab.ma:content:b1969f91946d3fc542c64ad3,g1134,0
mubawab.ma:content:6dafb15f240cf7cd04d138d8,g708,4
mubawab.ma:content:20a94013b9f611c30b01da2d,g9878,2
mubawab.ma:content:2cfa51964661f11a451d6054,g9879,1
mubawab.ma:content:169eabe88c6fc9d5a96fac12,g9882,4
mubawab.ma:content:ec6804ce13e240c112f61912,g9883,3
mubawab.ma:content:5b757c00f1d9c4c7b049aee6,g3161,2
mubawab.ma:content:5a0f5c5f2f26bf2aab98d679,g9889,2
mubawab.ma:content:75ca5545aee1f9e8e89a9ea5,g9890,1
mubawab.ma:content:48131bbeeff009ad8f49ce85,g9891,0
mubawab.ma:content:9be821772dbcfd22cca0a492,g8287,3
mubawab.ma:content:5882a0a5ab1173c1982a4c13,g9894,4
mubawab.ma:content:b22e49f78220c8df45b17d27,g9895,3
mubawab.ma:content:b1285f7ffa7d41a451f24d68,g9897,2
mubawab.ma:content:e22ed888cdb716438c3c2770,g9899,1
mubawab.ma:content:4fb4c6f88b15b36dde7a30d1,g9906,0
mubawab.ma:content:a90f219abd65546afebc04e8,g3226,0
mubawab.ma:content:72af7cf94dee1b57f4c45105,g9909,4
mubawab.ma:content:c8c7c37f69a866b6500fc400,g9910,3
mubawab.ma:content:8041fcf0f15f6178ba7b7fd0,g1387,4
mubawab.ma:native:8271541,g2132,1
mubawab.ma:content:198aa00e7643698d8c6e5788,g3316,1
mubawab.ma:content:e1b7842c24d5b98c17839fe1,g5461,3
mubawab.ma:native:8258124,g9917,2
mubawab.ma:content:8be03fdf2de737ca6ad88140,g4607,0
mubawab.ma:content:a27fa9998d88182c46af66a7,g9921,0
mubawab.ma:content:61d95d65d3f6081b57adf070,g9922,4
mubawab.ma:content:0081b956774f76eee5bc8d38,g3344,1
mubawab.ma:content:afd790dff038b4ac6e530558,g4954,3
mubawab.ma:content:a887e4f8f83f5b58eb99779f,g9925,3
mubawab.ma:content:1e28e6460cae3c7adf254da3,g9927,2
mubawab.ma:content:3776c2a335285059598406d5,g9928,1
mubawab.ma:content:73917cb35abc1cdfd0553aa6,g9929,0
mubawab.ma:native:8250428,g9930,4
mubawab.ma:content:f9a484470a38ec08f4f958eb,g922,3
mubawab.ma:content:e6d839166206cb2d7796793a,g317,0
mubawab.ma:native:8361632,g465,1
mubawab.ma:content:c0f38e9f4d9847c1c196152e,g9939,3
mubawab.ma:content:f41e413c39ea067543410cc2,g9940,1
mubawab.ma:content:5f4c9fb3893c440987abb4a6,g8843,3
mubawab.ma:content:60683d9b83bce3a1a0d2291c,g3978,4
mubawab.ma:native:8316290,g3380,3
mubawab.ma:content:427efc799633e7ee92c062c0,g9944,0
mubawab.ma:content:a4b9dc2c821e310cce129f22,g9945,4
mubawab.ma:content:c185c097cf0bcaaff4e3eb82,g9946,3
mubawab.ma:native:8359216,g4583,1
mubawab.ma:content:f2e5a0b3d3d106a16af516ec,g9951,2
mubawab.ma:content:f4316ea98b7d2637f5ba5eb0,g2151,1
mubawab.ma:native:8330998,g1616,2
mubawab.ma:content:0e0eecb78f9dcd57d31a8c09,g9959,1
mubawab.ma:native:8370076,g9963,0
mubawab.ma:content:cb774bdab9a5146cac9e86e7,g9964,4
mubawab.ma:content:ef9e5fedde02f658adb0283e,g269,1
mubawab.ma:content:a8a64a78bab657a749edb0bd,g650,3
mubawab.ma:native:8265099,g856,0
mubawab.ma:content:2d2a18c8282e4d158375d3b4,g9968,3
mubawab.ma:content:65e190ba6947353e5b756c7f,g9969,2
mubawab.ma:content:65a77fb64fcf1aaa44a1b4df,g4241,2
mubawab.ma:content:8ef988e4b22a42a65b71e686,g79,4
mubawab.ma:native:8401147,g9972,0
mubawab.ma:native:8143761,g9973,4
mubawab.ma:content:3ba42d4b2092ffcb481ed37a,g9979,3
mubawab.ma:content:f0146bb8ccd55584f8e2c897,g9980,1
mubawab.ma:content:6d3bd4027390420eec7bc60a,g9982,0
mubawab.ma:native:8326262,g8319,0
mubawab.ma:content:c6587f5be5cdf206fba64a82,g9984,3
mubawab.ma:native:8262120,g1426,4
mubawab.ma:native:8397376,g4737,0
mubawab.ma:content:bb22b849b2ffa0f1eb2693ea,g942,0
mubawab.ma:content:5e728e2481cee868d2c00425,g9992,2
mubawab.ma:content:43a1036828066bc4d02f092f,g9993,1
mubawab.ma:content:28c47480c4b439e0287427ed,g6011,3
mubawab.ma:content:c228e97c25acf87d600d52ee,g9998,0
mubawab.ma:native:8202504,g1030,1
mubawab.ma:content:67af72d3f6f8a2a4f3eea987,g10000,1
mubawab.ma:native:8396243,g7105,2
mubawab.ma:content:f60385996726813142e5f914,g87,2
mubawab.ma:content:56c88b70054e116895d4dbdf,g10004,0
mubawab.ma:content:974b65ce9ab57d5ca45351ba,g10005,4
mubawab.ma:native:8239110,g225,3
mubawab.ma:content:c813fc76c1a309671d372dd0,g10009,3
mubawab.ma:content:2b5872ed36e63b4dbdb98460,g10011,1
mubawab.ma:content:c3a56d70c94d5f6d8f5202d8,g87,2
mubawab.ma:content:c23ed43c966aa1e7f3a1990f,g10013,0
mubawab.ma:content:fd94105cf4a3f32da582a5d6,g10016,4
mubawab.ma:content:76ce506e96c05f15485a28fd,g10020,3
mubawab.ma:content:d8a54d0f7c20ddafb2979b51,g762,4
mubawab.ma:content:9d874469eeff61d4d53ba511,g4099,1
mubawab.ma:content:f2b058c11ebf223b76ccaf3a,g10024,2
mubawab.ma:native:8297316,g1804,3
mubawab.ma:content:d53f294c5662650c316f3f54,g3023,0
mubawab.ma:content:c3114daaeb9cf99a3b7ca4d3,g10032,1
mubawab.ma:content:1443a0bf37d37f0d38238cb6,g10036,0
mubawab.ma:content:4a02f425c1238b0a87920f1d,g10039,4
mubawab.ma:native:8365136,g7389,2
mubawab.ma:content:2a5ed9fb391d94bd58084b10,g10043,2
mubawab.ma:native:8262169,g10044,1
mubawab.ma:native:8260660,g9141,2
mubawab.ma:content:6a050dee8a0772d2d3b331cf,g3104,0
mubawab.ma:content:d3507ef0193d49f9391e54e1,g7105,2
mubawab.ma:native:8190095,g10050,4
mubawab.ma:content:ac4e43755cbafde0feb34120,g326,0
mubawab.ma:content:9d504d40d53114aa32f8096e,g10056,3
mubawab.ma:content:9103d1cd26642dc001df4586,g7239,0
mubawab.ma:content:85e9ae0b9edf66f8a10a41a2,g6925,2
mubawab.ma:content:516dd157eabd07f989cac8e4,g10059,2
mubawab.ma:content:957bf876a799faaefedeaa35,g10060,1
mubawab.ma:content:260dcdaefda0855483a34c65,g2288,2
mubawab.ma:content:16d2b9bccab481e82553fd9f,g1018,4
mubawab.ma:content:e6a29ed80fd4e33b6996d018,g1676,2
mubawab.ma:content:b3b74d6579eb7bd7e5e2d15d,g10072,0
mubawab.ma:native:8403768,g10074,4
mubawab.ma:content:02498e2b625489b09c407f93,g10077,3
mubawab.ma:content:a8b2511e289d99890151f541,g10080,1
mubawab.ma:content:97a042190ce5816202490e6c,g3104,0
mubawab.ma:content:876acff7d3799f2a114663dc,g10085,0
mubawab.ma:content:a54447d1252e029062af77f1,g10086,4
mubawab.ma:content:db1c6f5fc0eae5de930c3a9b,g10091,2
mubawab.ma:content:cdce735533c33e0f665b29ed,g10094,1
mubawab.ma:content:4690d844b6653fcc144c79c2,g1504,0
mubawab.ma:content:991882b15016f21a5099e789,g10097,0
mubawab.ma:native:8394205,g1501,1
mubawab.ma:content:109e16392644a2fc3be47170,g2038,3
mubawab.ma:content:c75851945a3c02ee8409b939,g10100,2
mubawab.ma:content:31401cee2afa53eb529c8e55,g2818,2
mubawab.ma:native:8323899,g4704,3
mubawab.ma:native:8387596,g10108,1
mubawab.ma:content:54886bcb1fef24030820f3ef,g10111,0
mubawab.ma:content:260a50c976a04e1335c5125e,g10112,4
mubawab.ma:content:564560f7c9e51d671e8003f7,g10113,3
mubawab.ma:content:75b21a579f2ee6d567f6ecb8,g1422,0
mubawab.ma:content:18b63a3039dd3791ebfc263d,g10115,2
mubawab.ma:content:8d6cf09089c4ed8b21d94175,g2748,2
mubawab.ma:content:320db69f180d46304fb2b19f,g1124,2
mubawab.ma:content:63bc3460cbdd57bd479e1871,g6095,3
mubawab.ma:content:97a205929da696e74b3c4939,g10119,1
mubawab.ma:content:22fa0915fe90217ced93d104,g5,1
mubawab.ma:content:cf84505accd82198be5d84a6,g10121,4
mubawab.ma:content:4f8f8b1ebb45a8fc92fb68e2,g3541,1
mubawab.ma:content:c70162680517c5b1e7ca127c,g10123,3
mubawab.ma:content:319238207602ffeec2015b74,g10124,2
mubawab.ma:native:8368323,g10127,2
mubawab.ma:native:8269687,g1412,4
mubawab.ma:content:be33d65924ef91098ffac51e,g10129,1
mubawab.ma:native:8286367,g2592,2
mubawab.ma:content:6b938e0fceb67196ee539be3,g10133,4
mubawab.ma:content:384373873f25cff537cee42d,g2945,3
mubawab.ma:content:c6022747abc0438737222c84,g10135,3
mubawab.ma:content:cb9167161567185d6a1bbb31,g5202,1
mubawab.ma:content:7dff2bcb7f8783ded4e5fb13,g10141,2
mubawab.ma:content:d6d8874157f1fd544267c39e,g8223,3
mubawab.ma:native:8397408,g7741,2
mubawab.ma:native:8250433,g568,2
mubawab.ma:content:a870fa82120b0acb9e5878f7,g4947,4
mubawab.ma:native:8386665,g10148,1
mubawab.ma:content:1975ea91cc6168b4ed058f64,g10149,0
mubawab.ma:content:142f216ccdf177c70fff7349,g2945,3
mubawab.ma:content:fd38dbda9aa59e8ed505efcc,g10152,3
mubawab.ma:content:1ce4e24318fc28397489191a,g10156,2
mubawab.ma:content:f57d50f0381a4496b2bf9219,g10158,1
mubawab.ma:content:897741f1cd68a1e3a778118c,g3120,1
mubawab.ma:content:e15ace1291d545d3c00dcf5b,g10160,0
mubawab.ma:content:4083e8d78c4bf955bec600f5,g10161,4
mubawab.ma:content:28ee64664b77d6deef004fa3,g10162,3
mubawab.ma:native:8403078,g1760,4
mubawab.ma:content:b6946373fca41ab7a79f55f1,g10164,2
mubawab.ma:content:de8fa33dad45410f09f7b4c6,g10168,1
mubawab.ma:content:e69d6709d610a34d773363d5,g7580,4
mubawab.ma:content:6473f520550830c64e3e038d,g10170,0
mubawab.ma:content:56560e045f376eb43a7250a3,g6808,1
mubawab.ma:content:a5784588958b9fbf93577bbb,g1416,0
mubawab.ma:content:2b9371e1686e28ccfa0fba77,g5848,1
mubawab.ma:native:8325797,g2963,2
mubawab.ma:content:11986590e4183732e983f174,g10177,4
mubawab.ma:native:8278345,g1698,3
mubawab.ma:native:8397520,g10179,3
mubawab.ma:native:8386671,g10181,2
mubawab.ma:content:d4009b15bdf08400cd8c4f88,g2270,3
mubawab.ma:content:c304282fc3971e569539331e,g10185,1
mubawab.ma:content:d0a362d8e64ed07945dc3c34,g10187,0
mubawab.ma:native:8251618,g3301,2
mubawab.ma:content:6a2c86f33354ab9341b9c7f1,g9041,2
mubawab.ma:content:69257c0086cfd665f0d0cb8c,g2814,3
mubawab.ma:native:8146796,g1742,3
mubawab.ma:content:cbaa5d4fd3744956ac34752e,g10192,3
mubawab.ma:content:a07a63f68cf46ff47fb0d275,g10193,2
mubawab.ma:content:3c7539d857d933f96d9b99f9,g10194,1
mubawab.ma:content:6bd6f1d6e481afa6f4a4bdcb,g5510,1
mubawab.ma:content:0f59f0b2bf5b773cfa0ad4da,g10198,0
mubawab.ma:content:89da6b547cdfa13a57184275,g2219,1
mubawab.ma:content:7d0827e14a6d96c586b7f729,g10200,3
mubawab.ma:content:c982a5d2e3b131a98bb864e4,g10202,2
mubawab.ma:content:e7d5baedbab6cac822812db2,g6766,0
mubawab.ma:content:c5018962f7d1a876b75bfee7,g10207,1
mubawab.ma:content:f9657e17fb5c696ecad1c191,g10208,0
mubawab.ma:native:8363629,g10209,4
mubawab.ma:content:125da0cf9ece3ebeb466becb,g2498,4
mubawab.ma:content:b98567d1d7384aa78edfa0ed,g174,4
mubawab.ma:content:6d7c38dabc901f5f01106a23,g10218,3
mubawab.ma:content:36aad9e434d96f43e92aa82c,g6093,4
mubawab.ma:content:755c13e06c83f58433ee36ea,g3811,1
mubawab.ma:content:338dcc2291c8cb9568c01bdb,g10223,1
mubawab.ma:content:3c1e83653ad58eaedb4be71c,g10224,0
mubawab.ma:content:d4c66fa2e84b35803cc0a810,g4909,3
mubawab.ma:content:2b208bb68a20374b6a77c48a,g1530,0
mubawab.ma:content:a24405f2801974f29b732fc1,g10229,4
mubawab.ma:native:8383170,g10230,2
mubawab.ma:content:dba91252c841b42cf67cbabb,g4976,3
mubawab.ma:native:8261089,g10235,1
mubawab.ma:content:d616720bbbb1a42c5bc3991d,g10236,0
mubawab.ma:content:f2aca7a4c17435811cf4ce38,g22,2
mubawab.ma:content:8292e73c7ab109f53e0aa976,g10241,4
mubawab.ma:content:ca0161983a0b54d8d83d2d81,g8952,4
mubawab.ma:content:1ffc4c21caeb0bdefa4f0728,g10244,3
mubawab.ma:content:9c5837db1c5cd1873471c56c,g10245,2
mubawab.ma:content:c32942b831621bf066a7ae49,g3581,2
mubawab.ma:content:a3c6d72d21fd3527fc25517c,g10248,1
mubawab.ma:content:db40586b08b7548ca845496a,g5691,4
mubawab.ma:content:591a64276b02d759cd00e45f,g10251,0
mubawab.ma:content:6542b35c97494570ff9ee72c,g4185,4
mubawab.ma:content:ce33da833de548035bf47699,g10253,4
mubawab.ma:native:8399973,g10254,3
mubawab.ma:content:af9531078e7f785e2b6572f9,g10257,2
mubawab.ma:content:1b9e1904e0c4929a1f148cfc,g2763,0
mubawab.ma:content:a6f9111b9b18dcfe23fc27bf,g5338,0
mubawab.ma:content:65f61182bd164665f06fad2d,g77,3
mubawab.ma:content:516a42f0bd8e5393ec9f463f,g9619,4
mubawab.ma:content:fbe8812814911b6b821dfce9,g10268,1
mubawab.ma:content:c94768bab04d4da1f944e04f,g7843,3
mubawab.ma:native:8367590,g10270,4
mubawab.ma:content:caf63ef272dbb50aefb56dba,g10271,3
mubawab.ma:content:fb9eba41419c25752fb5d3f7,g10273,2
mubawab.ma:content:d0bf205f9d9427888445955f,g4195,0
mubawab.ma:native:8396231,g10276,1
mubawab.ma:native:8335921,g1513,4
mubawab.ma:url:5b7500b0f865770d77ba3280,g67,4
mubawab.ma:content:b5ce878f9bb95339f15b395f,g10283,0
mubawab.ma:content:5b84a16e93d336908dfe5e8c,g10284,4
mubawab.ma:native:8215677,g10285,3
mubawab.ma:content:9f5518b37a32231557171cb8,g10286,2
mubawab.ma:url:d739fa20487054dc18a8bc8d,g10289,1
mubawab.ma:content:f278543042f7c9ecdc2b30a3,g10291,4
mubawab.ma:native:8192632,g8078,3
mubawab.ma:native:8272280,g10299,1
mubawab.ma:native:8334306,g10300,2
mubawab.ma:native:8354518,g10302,1
mubawab.ma:native:8399428,g10305,0
mubawab.ma:content:41462b9a6dc0bf2f1998fd0d,g277,3
mubawab.ma:content:2e2bfe5e8eb44577df4844ca,g6112,4
mubawab.ma:content:d9b54b8b0043f8eec32ab5b5,g10311,4
mubawab.ma:content:7d2df9f6bb1f71cb8bfe8743,g1948,4
mubawab.ma:content:fd2e3752c51940d362c43e3e,g10315,3
mubawab.ma:content:fc17344ae0085851c308863b,g10316,2
mubawab.ma:native:8233006,g7682,0
mubawab.ma:content:1c22c957b0fe14eb48fd97e5,g10124,2
mubawab.ma:content:74fac6285919bec31f628cea,g1380,2
mubawab.ma:content:5c0e9de39b71ad12df9ddf9a,g7343,4
mubawab.ma:content:936a8c4f88c0255060ac8d4c,g3269,2
mubawab.ma:native:8261497,g772,0
mubawab.ma:content:31cd2e69285d3bded7003af8,g5709,1
mubawab.ma:content:2f583de251b7897083b19186,g10330,0
mubawab.ma:native:8111061,g10331,4
mubawab.ma:url:15afa9b6aa8fbd0305ea5560,g10332,3
mubawab.ma:url:4d071ecaa69d8e35ab65851e,g10334,2
mubawab.ma:native:8386261,g10336,1
mubawab.ma:content:0c105d5f35c38fcbbbf7065c,g8379,2
mubawab.ma:content:246e0ca017531f255a0f40b8,g10338,0
mubawab.ma:content:a621e6d0c7c2500c6adb7f75,g10339,4
mubawab.ma:content:4d5f973d877a780bd9dc4e38,g10341,3
mubawab.ma:native:8283877,g581,4
mubawab.ma:content:ce7a03023f2ae340ced10e84,g9450,1
mubawab.ma:content:09c24814086ae054e9d9620e,g8013,4
mubawab.ma:content:13a4857408e93eaec319e465,g7246,3
mubawab.ma:content:c1f8364a5f82a9159cb9e693,g6575,1
mubawab.ma:content:97f845e20e4e648e774078fe,g5236,4
mubawab.ma:content:514e320484488cbd2ef5b6da,g10354,1
mubawab.ma:content:42bdcf8c264e1fa8ebfdbb76,g10355,0
mubawab.ma:content:92d5804439a5c1944d944947,g10356,4
mubawab.ma:content:c05f7f2073dd9226e3a38560,g10357,3
mubawab.ma:content:1cf03977754a15e74f3f5467,g2642,1
mubawab.ma:content:796e34d5958095e20800d599,g4037,3
mubawab.ma:native:8379945,g10362,2
mubawab.ma:content:e638468d37d22272536ab5c7,g10363,1
mubawab.ma:content:e69d2eda70a830f46b4ee811,g10365,0
mubawab.ma:content:751e32b838b710dfcb166aaa,g2435,4
mubawab.ma:native:8404966,g2232,2
mubawab.ma:content:39434591115fc81845e5c2e1,g3436,0
mubawab.ma:content:b9a5b1ec2d451c3ed0f96f23,g10371,4
mubawab.ma:native:8348570,g677,4
mubawab.ma:content:425bde49f79089edaa3998d2,g10373,3
mubawab.ma:native:8201634,g7019,4
mubawab.ma:native:8398347,g2101,4
mubawab.ma:content:3da53fed65a484964f16c40f,g1134,0
mubawab.ma:content:38582f63c9ac50a090044b31,g10377,2
mubawab.ma:content:6405478a08b0428111e08fbd,g10379,1
mubawab.ma:content:ec4409617d90c604c31733e9,g10380,0
mubawab.ma:content:69a1ae02f2c6f56457f0a4a4,g10381,4
mubawab.ma:content:77dfa8ec98f0c21a2fc990ee,g10382,3
mubawab.ma:content:cc4e708a27e5bfb07291c4cc,g10383,2
mubawab.ma:native:8260025,g10384,1
mubawab.ma:content:e458a10ba594d67db00d3d3c,g4930,1
mubawab.ma:native:8311001,g3676,2
mubawab.ma:content:bbb1236e415053bf95d76cad,g10387,0
mubawab.ma:content:6fc480cf66640e094f686db4,g10389,4
mubawab.ma:native:8336843,g10391,3
mubawab.ma:content:66d4fc53e9e4f3cf7e27d8e6,g10394,2
mubawab.ma:content:f5fc6ef5322a3ec8170f069c,g10395,1
mubawab.ma:content:0c3bc20e79e1adaa46b8216f,g4523,4
mubawab.ma:native:8395907,g10397,0
mubawab.ma:native:8352307,g6871,4
mubawab.ma:content:34b5fb88170ca82f74754cdf,g3583,1
mubawab.ma:native:8213438,g9101,4
mubawab.ma:content:3eea53006fad763f91c69576,g2587,3
mubawab.ma:content:af7d6061a1ad930e6613260f,g2266,3
mubawab.ma:content:7d78e6dfc536a7da0bf12179,g10405,4
mubawab.ma:url:f72d9ee53cf1c211e1eb8730,g2407,2
mubawab.ma:content:959dbf1ff3bbaaecf2f382bd,g1228,1
mubawab.ma:native:8406575,g1643,0
mubawab.ma:native:8264041,g1026,3
mubawab.ma:content:b5eaea044d0ccc8c49124b87,g10412,3
mubawab.ma:content:971f7788305e75202cbc927f,g1889,1
mubawab.ma:content:2c02d15101557eea73796e2d,g8047,3
mubawab.ma:native:8246955,g10416,2
mubawab.ma:content:fd359b9adfc94c39677c7bf8,g10417,1
mubawab.ma:content:eaafef2d32bf9251daa21465,g10419,0
mubawab.ma:content:0089cf0643e5cf43560c1489,g8078,3
mubawab.ma:content:fe82b746f91286abef1a45e7,g7783,0
mubawab.ma:content:bc94d034a8d94b1d1f3f75d9,g10424,4
mubawab.ma:content:015849dd70a8ec8603cac610,g7570,1
mubawab.ma:content:bb632f9932f2515e55132630,g10427,3
mubawab.ma:native:8371002,g10428,2
mubawab.ma:content:99e8a0935c70134587a52d2f,g10429,1
mubawab.ma:content:63ec511c4624b88579da836e,g10430,0
mubawab.ma:content:6c2e4b3f133994c717f50748,g10432,4
mubawab.ma:content:20c6a775f0c8256d466702c2,g10434,3
mubawab.ma:content:6c567db502479da476ac0203,g10435,2
mubawab.ma:content:f6bf4938182c91130b7789a7,g8289,2
mubawab.ma:content:8f4ff3f0c71dfa66caaba110,g10437,1
mubawab.ma:content:75350bfee01a9a6e542ad719,g10438,0
mubawab.ma:content:f19a2c9d78bb421eb6d4149d,g940,1
mubawab.ma:content:387e961ded2cdc3f490e20d2,g7356,3
mubawab.ma:content:9287a98dd458eaa43d0a5c54,g1691,4
mubawab.ma:content:5bf3f89d2375177eb24ba4bc,g10443,3
mubawab.ma:url:de6abb4e1c735db8db898e7a,g10446,2
mubawab.ma:content:3ff27be6654e2b4477426d0d,g10447,1
mubawab.ma:content:00ef6586edf9a1c9acd7d426,g10450,0
mubawab.ma:native:8337013,g6364,2
mubawab.ma:content:58e720da9184c059438b56a2,g2811,1
mubawab.ma:native:8268228,g10453,4
mubawab.ma:content:015c7ff9839080e3cf72f303,g10454,3
mubawab.ma:content:f22470290e1ce55002dd1152,g10455,2
mubawab.ma:content:925e56d73edcce043f927894,g10457,1
mubawab.ma:content:8bb28b66e0cbe72d628f8f9b,g10458,0
mubawab.ma:content:ca8f0bcd0d8da050c6786d5f,g2288,2
mubawab.ma:content:23273254801ae81dd8eca1bb,g485,3
mubawab.ma:content:1cf26e19e42142689b026658,g10462,3
mubawab.ma:native:8293045,g2724,2
mubawab.ma:content:430cc0becaa7f49cc7c4657e,g10464,2
mubawab.ma:content:0f876f75585cdf00c4eb6747,g5363,2
mubawab.ma:content:1cecffd726c1ba761559431a,g10299,1
mubawab.ma:native:8262502,g10474,1
mubawab.ma:native:8401126,g1501,1
mubawab.ma:content:dc9e837b5346fa1e93c28265,g10478,0
mubawab.ma:content:1b0dad96b492c8366d48f70d,g9320,0
mubawab.ma:content:2905b0d36802148f7548ae34,g10480,3
mubawab.ma:native:8405692,g3676,2
mubawab.ma:native:7357197,g599,3
mubawab.ma:content:ffd66d31e8b7da4f9e9c2cf0,g10484,2
mubawab.ma:native:8388699,g10485,1
mubawab.ma:content:e09af84dba0f870166513653,g10488,0
mubawab.ma:content:14d60755856f2b679aa1b5d7,g10489,4
mubawab.ma:native:8332645,g2126,3
mubawab.ma:content:471113d269c70942247cd49f,g10498,2
mubawab.ma:native:8373540,g1691,4
mubawab.ma:content:a553a041c62a67ae7ceb8e71,g10503,1
mubawab.ma:url:6936208eb0af3f0944e542c9,g3436,0
mubawab.ma:content:6588469a824a32dcd736a2c3,g10505,0
mubawab.ma:content:5f9725b18c5d1c9a99e36d2a,g10507,4
mubawab.ma:content:1e54ff87fb9a66df0f72337e,g10510,3
mubawab.ma:content:db26ac58b5f745daabc174c5,g10511,2
mubawab.ma:native:8361822,g8306,1
mubawab.ma:content:fc32637b0f4f9c59ddacffa7,g6835,0
mubawab.ma:content:d8d9e388cd1d63839d7f63bf,g2070,1
mubawab.ma:content:9405c917a6b08e89ee4fd10c,g10516,1
mubawab.ma:content:89ff88a28dea4206e84de744,g787,1
mubawab.ma:content:fe6937222d33d94f58f2de58,g10518,0
mubawab.ma:native:8036609,g1356,1
mubawab.ma:content:d1036276a006496c4378863e,g10520,4
mubawab.ma:content:36a469d0e96795f9fcc4b873,g10522,3
mubawab.ma:content:2334ada7b107c33f55f0324f,g6299,3
mubawab.ma:content:535f722ea2e835e4096d6b9b,g2587,3
mubawab.ma:content:3cc70bef767ce6f63cfde627,g7798,4
mubawab.ma:native:8356009,g10532,2
mubawab.ma:native:8340377,g10536,1
mubawab.ma:native:8402991,g5348,3
mubawab.ma:content:cd5fdc4a120aaa732b914baf,g10538,0
mubawab.ma:content:7e11e2d6dd537969cb0b4f31,g10539,4
mubawab.ma:content:9ce3b1f72f65ba3ab52498b4,g10541,3
mubawab.ma:content:5e35e0aa04f8f887ab8b2a8a,g10543,2
mubawab.ma:native:8238462,g10545,1
mubawab.ma:native:8386787,g10547,0
mubawab.ma:content:d1efc74fcc73cf7e20bba8b7,g10548,4
mubawab.ma:content:97595ed6512d990d142c752e,g10550,3
mubawab.ma:content:ced32e9374c8853a97c553fd,g10551,2
mubawab.ma:content:89b319f1304ddbc7d7f05aa7,g10552,1
mubawab.ma:content:d700250414adc491360be0b2,g5865,3
mubawab.ma:native:8354515,g698,0
mubawab.ma:content:6ef27cb5dd563ea864de5116,g10558,0
mubawab.ma:native:8404066,g10559,4
mubawab.ma:content:756e4ed5834653a48661b793,g10560,2
mubawab.ma:content:8e3f96cf951e01d3d72bc1f9,g4201,3
mubawab.ma:content:f074843520c871c732808d6c,g10564,1
mubawab.ma:content:1551ae9ce21ced1a52608d85,g10565,0
mubawab.ma:content:ce4db44045799c751497e6bf,g10566,4
mubawab.ma:native:7936921,g2982,1
mubawab.ma:content:02d2b14ea59c62cd93d25ac9,g10568,3
mubawab.ma:content:a676faca2a79e920890151f0,g10571,1
mubawab.ma:content:3d8206598892276d2880afff,g2825,2
mubawab.ma:content:c20bea797984c5255f9fe5dc,g7811,0
mubawab.ma:native:8338598,g2763,0
mubawab.ma:content:4f4043248daad7088bbd9beb,g10578,0
mubawab.ma:content:ffcc4fd40ced79843dbdcf4c,g10579,4
mubawab.ma:content:e5c9774116182b24fc421679,g10584,2
mubawab.ma:content:b2704322221c10eaf489fb5c,g10585,1
mubawab.ma:content:cbc0af5ce2244ba60b544f4b,g2141,2
mubawab.ma:content:077bab7a992c1d28413aff15,g10589,0
mubawab.ma:content:6970fb4d77b49e1e31e339f1,g10592,4
mubawab.ma:content:04ea117ff0d4e6d0de16cd0d,g10594,3
mubawab.ma:content:f466ba02ce0c65ead9f06f35,g10596,2
mubawab.ma:native:8349459,g1961,0
mubawab.ma:content:0996c544e1b9e4aa0d8b5cb0,g4507,2
mubawab.ma:content:d38f5ce0da603a2c2c0ad88c,g3059,3
mubawab.ma:content:752cf6b59490a9636f224a7a,g10605,1
mubawab.ma:native:8358996,g10606,0
mubawab.ma:content:f75a1cab5f7e9850f4386953,g9635,2
mubawab.ma:content:08e85316cc24e0f4f54c74a3,g3401,2
mubawab.ma:content:1a8be6ff24354e28cff7efc4,g10610,4
mubawab.ma:content:3698d8f6cd8fe16d968c938e,g10612,3
mubawab.ma:content:37bc0ab5778cc94da7cffe50,g10613,2
mubawab.ma:content:8cc6ba86faf3672e1abb096c,g10614,1
mubawab.ma:content:68c29274e5de15a73ef20428,g10615,0
mubawab.ma:content:fe62a1083e26f29cadba1617,g10618,4
mubawab.ma:content:55907d5f03d428f58c0c39a5,g10620,2
mubawab.ma:content:e3b1af7b46799dabb75d06aa,g3362,1
mubawab.ma:native:8302943,g4899,0
mubawab.ma:content:b41b752f055db9a561ae9188,g10624,1
mubawab.ma:content:a11451a937a614bd7551ef7e,g3461,0
mubawab.ma:content:34e82b7c9ff02d226517f9ae,g5637,1
mubawab.ma:content:ef82b8f2ebc61eb78ec20bd4,g10631,4
mubawab.ma:content:05e6a8ad37e4f46f96f0027a,g10633,3
mubawab.ma:content:ffef04ce0e4f8372e698af83,g4846,2
mubawab.ma:content:fa022d604c4e80813a67a084,g10635,2
mubawab.ma:native:8394548,g6995,3
mubawab.ma:content:c94eef8610cee42ee0c4e970,g10637,1
mubawab.ma:content:be492b019384ec65b8d44fb0,g5709,1
mubawab.ma:content:cfe719a4c870cb38b8c60980,g10643,0
mubawab.ma:content:52940d68f6830b57a1e4d00c,g10645,4
mubawab.ma:content:2096e212884bfd2143c6cf51,g2613,0
mubawab.ma:native:8335916,g3921,1
mubawab.ma:content:58d43b7f6ff3cc93f2d0d1f3,g9008,3
mubawab.ma:content:4ba19aa5bd50cd21c7439a95,g10651,3
mubawab.ma:content:69faf8e36342557c2fbc9ef4,g10652,2
mubawab.ma:content:e7f46e63fe802946bf5a47e2,g1885,3
mubawab.ma:content:2cfed7c7d9d7b910ae06c84c,g5970,4
mubawab.ma:content:65a53e38b3cf51e482b8b452,g10658,1
mubawab.ma:content:71515d46b9906a97ccc5c77d,g77,3
mubawab.ma:native:8317882,g1085,3
mubawab.ma:content:5c763805ba90cc84804a1e89,g10663,0
mubawab.ma:content:422c46f27fe3909be4a68bb8,g3074,2
mubawab.ma:content:1cc1f022ad335d3efa5932a2,g616,1
mubawab.ma:content:59fcddd217ddf683685d373f,g104,0
mubawab.ma:content:90af9b25f7ccaf911b661cae,g10670,4
mubawab.ma:content:f04b2040289f00d7e2bfe971,g10671,3
mubawab.ma:content:5961cd92feec0ab8dde10842,g10672,2
mubawab.ma:content:650210c16ce3335afc714f1b,g5360,0
mubawab.ma:content:0b78536bc88daaa462b79a8f,g2836,4
mubawab.ma:content:7820324367ff3755a89cd5ff,g10678,1
mubawab.ma:content:2b3c6884e0f88e0354d398c0,g10679,0
mubawab.ma:content:c1f3635414cb6cf0fa3b6538,g1486,2
mubawab.ma:native:8395851,g10683,4
mubawab.ma:content:8f354e2666f95886d843dfed,g10684,3
mubawab.ma:content:d8dc71dbfda071d7594af284,g452,1
mubawab.ma:native:8384226,g5001,1
mubawab.ma:content:f990517bd15ba0961b75d998,g3734,1
mubawab.ma:content:7f3c130c874453c2ee60010b,g10691,1
mubawab.ma:content:b555cb5f2563ef2338160700,g10695,0
mubawab.ma:content:043f884b74740eca5a34f1fd,g10696,4
mubawab.ma:content:efbf5264c0b578d03ceb6648,g10698,3
mubawab.ma:content:f0e6d004fe28f3647d76dedd,g6947,0
mubawab.ma:native:8137313,g392,0
mubawab.ma:content:549e27ae8de3d3e6b87fe8b9,g10701,0
mubawab.ma:content:a003c792f3490cac20beba0a,g10704,4
mubawab.ma:native:8394580,g4201,3
mubawab.ma:content:7576c0e65a44d9187d0e718f,g10709,3
mubawab.ma:native:8402012,g10710,1
mubawab.ma:content:df845d7065c06fe839e0c5a6,g10711,0
mubawab.ma:content:60e5f2d4ef891bd45a232095,g2266,3
mubawab.ma:content:86e9a62d00c6ca9b474e40e4,g9793,0
mubawab.ma:content:83a3ca87efffdc38d7ee9c6b,g1564,4
mubawab.ma:content:2664249d384fede5f583df48,g4676,0
mubawab.ma:content:270c7373c18d6332b1ab2eb6,g4720,1
mubawab.ma:content:9554c36fe4d01276a77924ca,g464,0
mubawab.ma:native:8261515,g9430,2
mubawab.ma:content:829c5df1442a5ac34e4ca89e,g10723,4
mubawab.ma:content:7320eb0a4036af18abfa3083,g10724,3
mubawab.ma:content:57d51bb42362d1ad90e37682,g7332,0
mubawab.ma:content:726da4fa3c4909f1369f91f8,g5580,1
mubawab.ma:content:71a12f83dede4e83b0d1877a,g10728,2
mubawab.ma:native:8265120,g10605,1
mubawab.ma:content:dd39e514ad8318c347a88278,g10731,1
mubawab.ma:content:f19bafdb2e77341d6bb3916a,g10733,0
mubawab.ma:content:fa75603b29b7633c4f67612e,g10735,4
mubawab.ma:native:8264262,g3666,4
mubawab.ma:content:ad0212b5b4b054a231091705,g10737,3
mubawab.ma:content:17b0b7f1320f344aceaa0544,g4522,0
mubawab.ma:content:f7b720a0b5257e48ca383d19,g10742,1
mubawab.ma:content:a010327c330088d61459441a,g10743,0
mubawab.ma:content:750235e85354734e652d0d4e,g10744,4
mubawab.ma:content:9da98b0d923308bc9a6b1ce0,g10746,3
mubawab.ma:content:d3e29f14cc659af0f2000cb1,g10748,2
mubawab.ma:native:8265324,g5270,2
mubawab.ma:url:23f1ce16514490bb98e2c0e7,g10750,1
mubawab.ma:content:697a6849f4868fbe3d7cb77c,g772,0
mubawab.ma:content:0e938a601a5451076ea70a05,g7772,2
mubawab.ma:url:5f55c2649e674eabd9990561,g5970,4
mubawab.ma:content:7af8b92dae0c1b4229b7de75,g10756,0
mubawab.ma:content:e340e9d6ff1fd314708d9c62,g4772,4
mubawab.ma:native:8258662,g7876,0
mubawab.ma:content:bc44a16b2fab121bd24d68fe,g3471,2
mubawab.ma:content:5e515beeb81511b562f73b8c,g850,4
mubawab.ma:content:35b7278ee88a6cb9a2bcdf74,g10762,3
mubawab.ma:content:9ccb097f2eb2fb28479bc5e0,g10764,2
mubawab.ma:native:8391131,g10766,1
mubawab.ma:content:68758da48d363e7d3ddd0cbc,g8767,4
mubawab.ma:content:b76cd008a40cf842062d0187,g10772,0
mubawab.ma:content:898900b9cdc2d02b7004dc34,g10773,4
mubawab.ma:content:339d4b056cec2f7bdef9fa07,g6046,3
mubawab.ma:content:8b015e6db4b2bc22d8daf55d,g10777,3
mubawab.ma:content:0cff0e1485d981bf9ed104c0,g3302,1
mubawab.ma:content:cd04d9b1a3fc932a0c6d7d55,g10780,2
mubawab.ma:native:8322629,g10781,1
mubawab.ma:content:210bc812b69a448f4de7d13b,g10785,0
mubawab.ma:native:8407806,g7012,4
mubawab.ma:native:8395939,g663,1
mubawab.ma:native:7895423,g7979,2
mubawab.ma:native:8388730,g10794,4
mubawab.ma:content:86631f29f6fd2796db164fdf,g8623,3
mubawab.ma:content:c5246c8f7e5b7fe0a523afc7,g10797,3
mubawab.ma:content:f8c0854e9bfb3ae5739763f3,g6574,2
mubawab.ma:content:4c0c324e111a23599bb4a514,g912,2
mubawab.ma:content:e64028010c8b9376b6d304ee,g10800,1
mubawab.ma:url:eeb3539cf46e689b93fc9c69,g394,3
mubawab.ma:content:1e60c3dbe8f272ad453e0cb3,g175,0
mubawab.ma:native:8288808,g9131,3
mubawab.ma:content:2b19f336792db470fb3caba9,g4946,0
mubawab.ma:content:31b5bc7023623572dce1fb37,g10806,0
mubawab.ma:native:8383470,g10807,4
mubawab.ma:native:8257989,g9732,0
mubawab.ma:content:7d869763958a28a48f298c54,g4678,2
mubawab.ma:content:c18a30bdb9fa708d729270f8,g10818,2
mubawab.ma:content:48c9f77703b6bed51eb9b8c0,g1586,3
mubawab.ma:content:ca3c318ab8920f90bd3d49ce,g6349,4
mubawab.ma:content:a0a20ec8cd70d3fc64f0a602,g10825,1
mubawab.ma:content:3393d7ab4241335d27bdde4c,g1448,4
mubawab.ma:native:8261234,g10827,0
mubawab.ma:content:6265a8214ffd757ce16c11fc,g10828,4
